[0m22:36:57.434633 [debug] [MainThread]: Sending event: {'category': 'dbt', 'action': 'invocation', 'label': 'start', 'context': [<snowplow_tracker.self_describing_json.SelfDescribingJson object at 0x000001EC293017F0>, <snowplow_tracker.self_describing_json.SelfDescribingJson object at 0x000001EC26B8CF50>, <snowplow_tracker.self_describing_json.SelfDescribingJson object at 0x000001EC2BBBFC50>]}


============================== 22:36:57.440109 | ca9c2273-3abb-4443-9ef6-46baef39db4c ==============================
[0m22:36:57.440109 [info ] [MainThread]: Running with dbt=1.12.3
[0m22:36:57.441371 [debug] [MainThread]: running dbt with arguments {'version_check': 'True', 'no_print': 'None', 'static_parser': 'True', 'warn_error_options': 'WarnErrorOptionsV2(error=[], warn=[], silence=[])', 'maximum_seed_size_mib': '1', 'target_path': 'None', 'printer_width': '80', 'write_json': 'True', 'empty': 'None', 'log_cache_events': 'False', 'introspect': 'True', 'cache_selected_only': 'False', 'fail_fast': 'False', 'debug': 'False', 'log_format': 'default', 'profiles_dir': 'C:\\Users\\sugap\\.dbt', 'send_anonymous_usage_stats': 'True', 'quiet': 'False', 'warn_error': 'None', 'partial_parse': 'True', 'invocation_command': 'dbt debug', 'hints_enabled': 'True', 'indirect_selection': 'eager', 'use_experimental_parser': 'False', 'use_colors': 'True', 'log_path': 'D:\\DE Matrials\\Projects\\DE Projects\\FirstProject_DBT_AIRFLOW_SNOWFLAKE_FIVETRAN\\healthcare_dbt\\logs'}
[0m22:36:57.463302 [info ] [MainThread]: dbt version: 1.12.3
[0m22:36:57.464225 [info ] [MainThread]: python version: 3.14.3
[0m22:36:57.465143 [info ] [MainThread]: python path: C:\Users\sugap\AppData\Local\Programs\Python\Python314\python.exe
[0m22:36:57.466045 [info ] [MainThread]: os info: Windows-11-10.0.26200-SP0
[0m22:36:58.484257 [debug] [MainThread]: Snowflake adapter: Setting snowflake.connector to ERROR (file logging only)
[0m22:36:58.485022 [debug] [MainThread]: Snowflake adapter: Setting botocore to ERROR (file logging only)
[0m22:36:58.485753 [debug] [MainThread]: Snowflake adapter: Setting boto3 to ERROR (file logging only)
[0m22:36:58.669268 [info ] [MainThread]: Using profiles dir at C:\Users\sugap\.dbt
[0m22:36:58.670126 [info ] [MainThread]: Using profiles.yml file at C:\Users\sugap\.dbt\profiles.yml
[0m22:36:58.670791 [info ] [MainThread]: Using dbt_project.yml file at D:\DE Matrials\Projects\DE Projects\FirstProject_DBT_AIRFLOW_SNOWFLAKE_FIVETRAN\healthcare_dbt\dbt_project.yml
[0m22:36:58.672232 [info ] [MainThread]: adapter type: snowflake
[0m22:36:58.673233 [info ] [MainThread]: adapter version: 1.12.0
[0m22:36:58.858106 [info ] [MainThread]: Configuration:
[0m22:36:58.859251 [info ] [MainThread]:   profiles.yml file [[32mOK found and valid[0m]
[0m22:36:58.860442 [info ] [MainThread]:   dbt_project.yml file [[31mERROR invalid[0m]
[0m22:36:58.861387 [info ] [MainThread]: Required dependencies:
[0m22:36:58.862314 [debug] [MainThread]: Executing "git --help"
[0m22:36:59.060993 [debug] [MainThread]: STDOUT: "b"usage: git [-v | --version] [-h | --help] [-C <path>] [-c <name>=<value>]\n           [--exec-path[=<path>]] [--html-path] [--man-path] [--info-path]\n           [-p | --paginate | -P | --no-pager] [--no-replace-objects] [--bare]\n           [--git-dir=<path>] [--work-tree=<path>] [--namespace=<name>]\n           [--config-env=<name>=<envvar>] <command> [<args>]\n\nThese are common Git commands used in various situations:\n\nstart a working area (see also: git help tutorial)\n   clone     Clone a repository into a new directory\n   init      Create an empty Git repository or reinitialize an existing one\n\nwork on the current change (see also: git help everyday)\n   add       Add file contents to the index\n   mv        Move or rename a file, a directory, or a symlink\n   restore   Restore working tree files\n   rm        Remove files from the working tree and from the index\n\nexamine the history and state (see also: git help revisions)\n   bisect    Use binary search to find the commit that introduced a bug\n   diff      Show changes between commits, commit and working tree, etc\n   grep      Print lines matching a pattern\n   log       Show commit logs\n   show      Show various types of objects\n   status    Show the working tree status\n\ngrow, mark and tweak your common history\n   branch    List, create, or delete branches\n   commit    Record changes to the repository\n   merge     Join two or more development histories together\n   rebase    Reapply commits on top of another base tip\n   reset     Reset current HEAD to the specified state\n   switch    Switch branches\n   tag       Create, list, delete or verify a tag object signed with GPG\n\ncollaborate (see also: git help workflows)\n   fetch     Download objects and refs from another repository\n   pull      Fetch from and integrate with another repository or a local branch\n   push      Update remote refs along with associated objects\n\n'git help -a' and 'git help -g' list available subcommands and some\nconcept guides. See 'git help <command>' or 'git help <concept>'\nto read about a specific subcommand or concept.\nSee 'git help git' for an overview of the system.\n""
[0m22:36:59.061805 [debug] [MainThread]: STDERR: "b''"
[0m22:36:59.062637 [info ] [MainThread]:  - git [[32mOK found[0m]

[0m22:36:59.063438 [info ] [MainThread]: Connection:
[0m22:36:59.064407 [info ] [MainThread]:   account: HYPPNSV-YC37243.snowflakecomputing.com
[0m22:36:59.065502 [info ] [MainThread]:   user: DBT_USER
[0m22:36:59.066710 [info ] [MainThread]:   database: HEALTHCARE_DB
[0m22:36:59.067940 [info ] [MainThread]:   warehouse: HEALTHCARE_WH
[0m22:36:59.069000 [info ] [MainThread]:   role: DBT_ROLE
[0m22:36:59.070426 [info ] [MainThread]:   schema: SLIVER
[0m22:36:59.071607 [info ] [MainThread]:   authenticator: None
[0m22:36:59.072704 [info ] [MainThread]:   oauth_client_id: None
[0m22:36:59.074327 [info ] [MainThread]:   query_tag: None
[0m22:36:59.075479 [info ] [MainThread]:   client_session_keep_alive: False
[0m22:36:59.076421 [info ] [MainThread]:   host: None
[0m22:36:59.077410 [info ] [MainThread]:   port: None
[0m22:36:59.078233 [info ] [MainThread]:   proxy_host: None
[0m22:36:59.078986 [info ] [MainThread]:   proxy_port: None
[0m22:36:59.079627 [info ] [MainThread]:   protocol: None
[0m22:36:59.080385 [info ] [MainThread]:   connect_retries: 1
[0m22:36:59.081027 [info ] [MainThread]:   connect_timeout: None
[0m22:36:59.081661 [info ] [MainThread]:   retry_on_database_errors: False
[0m22:36:59.082291 [info ] [MainThread]:   retry_all: False
[0m22:36:59.082928 [info ] [MainThread]:   insecure_mode: False
[0m22:36:59.083758 [info ] [MainThread]:   reuse_connections: True
[0m22:36:59.084876 [info ] [MainThread]:   s3_stage_vpce_dns_name: None
[0m22:36:59.085807 [info ] [MainThread]:   workload_identity_provider: None
[0m22:36:59.087187 [info ] [MainThread]:   workload_identity_entra_resource: None
[0m22:36:59.088295 [info ] [MainThread]:   platform_detection_timeout_seconds: 0.0
[0m22:36:59.090253 [info ] [MainThread]: Registered adapter: snowflake=1.12.0
[0m22:36:59.759661 [debug] [MainThread]: Acquiring new snowflake connection 'debug'
[0m22:36:59.762341 [debug] [MainThread]: Using snowflake connection "debug"
[0m22:36:59.762875 [debug] [MainThread]: On debug: select 1 as id
[0m22:36:59.763283 [debug] [MainThread]: Opening a new connection, currently in state init
[0m22:37:05.222279 [debug] [MainThread]: Snowflake adapter: Error running SQL: select 1 as id
[0m22:37:05.222949 [debug] [MainThread]: Snowflake adapter: Rolling back transaction.
[0m22:37:05.223511 [info ] [MainThread]:   Connection test: [[31mERROR[0m]

[0m22:37:05.224600 [info ] [MainThread]: [31m2 checks failed:[0m
[0m22:37:05.225373 [info ] [MainThread]: Project loading failed for the following reason:
Runtime Error
  at path []: Additional properties are not allowed ('healthcare_dbt' was unexpected)

Error encountered in D:\DE Matrials\Projects\DE Projects\FirstProject_DBT_AIRFLOW_SNOWFLAKE_FIVETRAN\healthcare_dbt\dbt_project.yml


[0m22:37:05.226131 [info ] [MainThread]: dbt was unable to connect to the specified database.
The database returned the following error:

  >Database Error
  250001: Could not connect to Snowflake backend after 2 attempt(s).Aborting
  Verify that the hostnames and port numbers in SYSTEM$ALLOWLIST are added to your firewall's allowed list.
  To further troubleshoot your connection you may reference the following article: https://docs.snowflake.com/en/user-guide/client-connectivity-troubleshooting/overview.

Check your database credentials and try again. For more information, visit:
https://docs.getdbt.com/docs/configure-your-profile


[0m22:37:05.228300 [debug] [MainThread]: Command `dbt debug` failed at 22:37:05.228056 after 8.08 seconds
[0m22:37:05.229030 [debug] [MainThread]: Connection 'debug' was left open.
[0m22:37:05.229801 [debug] [MainThread]: On debug: No close available on handle
[0m22:37:05.230726 [debug] [MainThread]: Sending event: {'category': 'dbt', 'action': 'invocation', 'label': 'end', 'context': [<snowplow_tracker.self_describing_json.SelfDescribingJson object at 0x000001EC3DF19E00>, <snowplow_tracker.self_describing_json.SelfDescribingJson object at 0x000001EC3DDF5250>, <snowplow_tracker.self_describing_json.SelfDescribingJson object at 0x000001EC3DBE38A0>]}
[0m22:37:05.231425 [debug] [MainThread]: Flushing usage events
[0m22:37:07.114943 [debug] [MainThread]: An error was encountered while trying to flush usage events
[0m22:44:10.968492 [debug] [MainThread]: Sending event: {'category': 'dbt', 'action': 'invocation', 'label': 'start', 'context': [<snowplow_tracker.self_describing_json.SelfDescribingJson object at 0x000001B6153117F0>, <snowplow_tracker.self_describing_json.SelfDescribingJson object at 0x000001B612B95090>, <snowplow_tracker.self_describing_json.SelfDescribingJson object at 0x000001B617BCFC50>]}


============================== 22:44:10.975793 | 51b74cd9-c920-4f4f-873b-4fabf24299f4 ==============================
[0m22:44:10.975793 [info ] [MainThread]: Running with dbt=1.12.3
[0m22:44:10.977279 [debug] [MainThread]: running dbt with arguments {'version_check': 'True', 'no_print': 'None', 'maximum_seed_size_mib': '1', 'target_path': 'None', 'warn_error_options': 'WarnErrorOptionsV2(error=[], warn=[], silence=[])', 'static_parser': 'True', 'printer_width': '80', 'write_json': 'True', 'empty': 'None', 'log_cache_events': 'False', 'introspect': 'True', 'cache_selected_only': 'False', 'log_format': 'default', 'debug': 'False', 'fail_fast': 'False', 'profiles_dir': 'C:\\Users\\sugap\\.dbt', 'send_anonymous_usage_stats': 'True', 'quiet': 'False', 'warn_error': 'None', 'partial_parse': 'True', 'use_colors': 'True', 'hints_enabled': 'True', 'indirect_selection': 'eager', 'use_experimental_parser': 'False', 'invocation_command': 'dbt debug', 'log_path': 'D:\\DE Matrials\\Projects\\DE Projects\\FirstProject_DBT_AIRFLOW_SNOWFLAKE_FIVETRAN\\healthcare_dbt\\logs'}
[0m22:44:11.009428 [info ] [MainThread]: dbt version: 1.12.3
[0m22:44:11.010092 [info ] [MainThread]: python version: 3.14.3
[0m22:44:11.010933 [info ] [MainThread]: python path: C:\Users\sugap\AppData\Local\Programs\Python\Python314\python.exe
[0m22:44:11.011742 [info ] [MainThread]: os info: Windows-11-10.0.26200-SP0
[0m22:44:12.557071 [debug] [MainThread]: Snowflake adapter: Setting snowflake.connector to ERROR (file logging only)
[0m22:44:12.558133 [debug] [MainThread]: Snowflake adapter: Setting botocore to ERROR (file logging only)
[0m22:44:12.558506 [debug] [MainThread]: Snowflake adapter: Setting boto3 to ERROR (file logging only)
[0m22:44:12.829688 [info ] [MainThread]: Using profiles dir at C:\Users\sugap\.dbt
[0m22:44:12.831013 [info ] [MainThread]: Using profiles.yml file at C:\Users\sugap\.dbt\profiles.yml
[0m22:44:12.831765 [info ] [MainThread]: Using dbt_project.yml file at D:\DE Matrials\Projects\DE Projects\FirstProject_DBT_AIRFLOW_SNOWFLAKE_FIVETRAN\healthcare_dbt\dbt_project.yml
[0m22:44:12.833136 [info ] [MainThread]: adapter type: snowflake
[0m22:44:12.833732 [info ] [MainThread]: adapter version: 1.12.0
[0m22:44:13.025505 [info ] [MainThread]: Configuration:
[0m22:44:13.026201 [info ] [MainThread]:   profiles.yml file [[32mOK found and valid[0m]
[0m22:44:13.026959 [info ] [MainThread]:   dbt_project.yml file [[32mOK found and valid[0m]
[0m22:44:13.027682 [info ] [MainThread]: Required dependencies:
[0m22:44:13.028315 [debug] [MainThread]: Executing "git --help"
[0m22:44:13.167237 [debug] [MainThread]: STDOUT: "b"usage: git [-v | --version] [-h | --help] [-C <path>] [-c <name>=<value>]\n           [--exec-path[=<path>]] [--html-path] [--man-path] [--info-path]\n           [-p | --paginate | -P | --no-pager] [--no-replace-objects] [--bare]\n           [--git-dir=<path>] [--work-tree=<path>] [--namespace=<name>]\n           [--config-env=<name>=<envvar>] <command> [<args>]\n\nThese are common Git commands used in various situations:\n\nstart a working area (see also: git help tutorial)\n   clone     Clone a repository into a new directory\n   init      Create an empty Git repository or reinitialize an existing one\n\nwork on the current change (see also: git help everyday)\n   add       Add file contents to the index\n   mv        Move or rename a file, a directory, or a symlink\n   restore   Restore working tree files\n   rm        Remove files from the working tree and from the index\n\nexamine the history and state (see also: git help revisions)\n   bisect    Use binary search to find the commit that introduced a bug\n   diff      Show changes between commits, commit and working tree, etc\n   grep      Print lines matching a pattern\n   log       Show commit logs\n   show      Show various types of objects\n   status    Show the working tree status\n\ngrow, mark and tweak your common history\n   branch    List, create, or delete branches\n   commit    Record changes to the repository\n   merge     Join two or more development histories together\n   rebase    Reapply commits on top of another base tip\n   reset     Reset current HEAD to the specified state\n   switch    Switch branches\n   tag       Create, list, delete or verify a tag object signed with GPG\n\ncollaborate (see also: git help workflows)\n   fetch     Download objects and refs from another repository\n   pull      Fetch from and integrate with another repository or a local branch\n   push      Update remote refs along with associated objects\n\n'git help -a' and 'git help -g' list available subcommands and some\nconcept guides. See 'git help <command>' or 'git help <concept>'\nto read about a specific subcommand or concept.\nSee 'git help git' for an overview of the system.\n""
[0m22:44:13.167711 [debug] [MainThread]: STDERR: "b''"
[0m22:44:13.168104 [info ] [MainThread]:  - git [[32mOK found[0m]

[0m22:44:13.168581 [info ] [MainThread]: Connection:
[0m22:44:13.169137 [info ] [MainThread]:   account: HYPPNSV-YC37243
[0m22:44:13.169760 [info ] [MainThread]:   user: DBT_USER
[0m22:44:13.170226 [info ] [MainThread]:   database: HEALTHCARE_DB
[0m22:44:13.170665 [info ] [MainThread]:   warehouse: HEALTHCARE_WH
[0m22:44:13.171018 [info ] [MainThread]:   role: DBT_ROLE
[0m22:44:13.171357 [info ] [MainThread]:   schema: SLIVER
[0m22:44:13.171727 [info ] [MainThread]:   authenticator: None
[0m22:44:13.172088 [info ] [MainThread]:   oauth_client_id: None
[0m22:44:13.172425 [info ] [MainThread]:   query_tag: None
[0m22:44:13.172766 [info ] [MainThread]:   client_session_keep_alive: False
[0m22:44:13.173097 [info ] [MainThread]:   host: None
[0m22:44:13.173425 [info ] [MainThread]:   port: None
[0m22:44:13.173762 [info ] [MainThread]:   proxy_host: None
[0m22:44:13.174107 [info ] [MainThread]:   proxy_port: None
[0m22:44:13.174478 [info ] [MainThread]:   protocol: None
[0m22:44:13.174882 [info ] [MainThread]:   connect_retries: 1
[0m22:44:13.175234 [info ] [MainThread]:   connect_timeout: None
[0m22:44:13.175599 [info ] [MainThread]:   retry_on_database_errors: False
[0m22:44:13.175962 [info ] [MainThread]:   retry_all: False
[0m22:44:13.176329 [info ] [MainThread]:   insecure_mode: False
[0m22:44:13.176759 [info ] [MainThread]:   reuse_connections: True
[0m22:44:13.177139 [info ] [MainThread]:   s3_stage_vpce_dns_name: None
[0m22:44:13.177492 [info ] [MainThread]:   workload_identity_provider: None
[0m22:44:13.177892 [info ] [MainThread]:   workload_identity_entra_resource: None
[0m22:44:13.178276 [info ] [MainThread]:   platform_detection_timeout_seconds: 0.0
[0m22:44:13.178856 [info ] [MainThread]: Registered adapter: snowflake=1.12.0
[0m22:44:13.702447 [debug] [MainThread]: Acquiring new snowflake connection 'debug'
[0m22:44:13.705364 [debug] [MainThread]: Using snowflake connection "debug"
[0m22:44:13.705864 [debug] [MainThread]: On debug: select 1 as id
[0m22:44:13.706228 [debug] [MainThread]: Opening a new connection, currently in state init
[0m22:44:16.624560 [debug] [MainThread]: Snowflake adapter: Error running SQL: select 1 as id
[0m22:44:16.625513 [debug] [MainThread]: Snowflake adapter: Rolling back transaction.
[0m22:44:16.626156 [info ] [MainThread]:   Connection test: [[31mERROR[0m]

[0m22:44:16.627180 [info ] [MainThread]: [31m1 check failed:[0m
[0m22:44:16.628088 [info ] [MainThread]: dbt was unable to connect to the specified database.
The database returned the following error:

  >Database Error
  390100 (28000): Failed to connect to DB: HYPPNSV-YC37243.snowflakecomputing.com:443. Incorrect username or password was specified. [a61f2838-1894-4d4c-accc-4b602ed7ae72]

Check your database credentials and try again. For more information, visit:
https://docs.getdbt.com/docs/configure-your-profile


[0m22:44:16.630475 [debug] [MainThread]: Command `dbt debug` failed at 22:44:16.629950 after 5.89 seconds
[0m22:44:16.631098 [debug] [MainThread]: Connection 'debug' was left open.
[0m22:44:16.631625 [debug] [MainThread]: On debug: No close available on handle
[0m22:44:16.632089 [debug] [MainThread]: Sending event: {'category': 'dbt', 'action': 'invocation', 'label': 'end', 'context': [<snowplow_tracker.self_describing_json.SelfDescribingJson object at 0x000001B62982E520>, <snowplow_tracker.self_describing_json.SelfDescribingJson object at 0x000001B629CD69F0>, <snowplow_tracker.self_describing_json.SelfDescribingJson object at 0x000001B629BA1370>]}
[0m22:44:16.632747 [debug] [MainThread]: Flushing usage events
[0m22:44:18.267715 [debug] [MainThread]: An error was encountered while trying to flush usage events
[0m22:46:07.688689 [debug] [MainThread]: Sending event: {'category': 'dbt', 'action': 'invocation', 'label': 'start', 'context': [<snowplow_tracker.self_describing_json.SelfDescribingJson object at 0x0000024D297017F0>, <snowplow_tracker.self_describing_json.SelfDescribingJson object at 0x0000024D26F85090>, <snowplow_tracker.self_describing_json.SelfDescribingJson object at 0x0000024D2BFBFC50>]}


============================== 22:46:07.701390 | 9006aa79-39b3-49af-b3f4-c7eb2f6c34ab ==============================
[0m22:46:07.701390 [info ] [MainThread]: Running with dbt=1.12.3
[0m22:46:07.703299 [debug] [MainThread]: running dbt with arguments {'maximum_seed_size_mib': '1', 'no_print': 'None', 'version_check': 'True', 'target_path': 'None', 'warn_error_options': 'WarnErrorOptionsV2(error=[], warn=[], silence=[])', 'static_parser': 'True', 'printer_width': '80', 'write_json': 'True', 'introspect': 'True', 'log_cache_events': 'False', 'empty': 'None', 'cache_selected_only': 'False', 'fail_fast': 'False', 'debug': 'False', 'log_format': 'default', 'partial_parse': 'True', 'send_anonymous_usage_stats': 'True', 'quiet': 'False', 'warn_error': 'None', 'profiles_dir': 'D:\\DE Matrials\\Projects\\DE Projects\\FirstProject_DBT_AIRFLOW_SNOWFLAKE_FIVETRAN\\healthcare_dbt', 'invocation_command': 'dbt debug', 'hints_enabled': 'True', 'indirect_selection': 'eager', 'use_experimental_parser': 'False', 'use_colors': 'True', 'log_path': 'D:\\DE Matrials\\Projects\\DE Projects\\FirstProject_DBT_AIRFLOW_SNOWFLAKE_FIVETRAN\\healthcare_dbt\\logs'}
[0m22:46:07.743846 [info ] [MainThread]: dbt version: 1.12.3
[0m22:46:07.744832 [info ] [MainThread]: python version: 3.14.3
[0m22:46:07.745656 [info ] [MainThread]: python path: C:\Users\sugap\AppData\Local\Programs\Python\Python314\python.exe
[0m22:46:07.746418 [info ] [MainThread]: os info: Windows-11-10.0.26200-SP0
[0m22:46:10.098403 [debug] [MainThread]: Snowflake adapter: Setting snowflake.connector to ERROR (file logging only)
[0m22:46:10.099639 [debug] [MainThread]: Snowflake adapter: Setting botocore to ERROR (file logging only)
[0m22:46:10.100080 [debug] [MainThread]: Snowflake adapter: Setting boto3 to ERROR (file logging only)
[0m22:46:10.353217 [info ] [MainThread]: Using profiles dir at D:\DE Matrials\Projects\DE Projects\FirstProject_DBT_AIRFLOW_SNOWFLAKE_FIVETRAN\healthcare_dbt
[0m22:46:10.354276 [info ] [MainThread]: Using profiles.yml file at D:\DE Matrials\Projects\DE Projects\FirstProject_DBT_AIRFLOW_SNOWFLAKE_FIVETRAN\healthcare_dbt\profiles.yml
[0m22:46:10.355096 [info ] [MainThread]: Using dbt_project.yml file at D:\DE Matrials\Projects\DE Projects\FirstProject_DBT_AIRFLOW_SNOWFLAKE_FIVETRAN\healthcare_dbt\dbt_project.yml
[0m22:46:10.356489 [info ] [MainThread]: adapter type: snowflake
[0m22:46:10.357802 [info ] [MainThread]: adapter version: 1.12.0
[0m22:46:10.614123 [info ] [MainThread]: Configuration:
[0m22:46:10.614876 [info ] [MainThread]:   profiles.yml file [[32mOK found and valid[0m]
[0m22:46:10.615672 [info ] [MainThread]:   dbt_project.yml file [[32mOK found and valid[0m]
[0m22:46:10.616189 [info ] [MainThread]: Required dependencies:
[0m22:46:10.617028 [debug] [MainThread]: Executing "git --help"
[0m22:46:10.743334 [debug] [MainThread]: STDOUT: "b"usage: git [-v | --version] [-h | --help] [-C <path>] [-c <name>=<value>]\n           [--exec-path[=<path>]] [--html-path] [--man-path] [--info-path]\n           [-p | --paginate | -P | --no-pager] [--no-replace-objects] [--bare]\n           [--git-dir=<path>] [--work-tree=<path>] [--namespace=<name>]\n           [--config-env=<name>=<envvar>] <command> [<args>]\n\nThese are common Git commands used in various situations:\n\nstart a working area (see also: git help tutorial)\n   clone     Clone a repository into a new directory\n   init      Create an empty Git repository or reinitialize an existing one\n\nwork on the current change (see also: git help everyday)\n   add       Add file contents to the index\n   mv        Move or rename a file, a directory, or a symlink\n   restore   Restore working tree files\n   rm        Remove files from the working tree and from the index\n\nexamine the history and state (see also: git help revisions)\n   bisect    Use binary search to find the commit that introduced a bug\n   diff      Show changes between commits, commit and working tree, etc\n   grep      Print lines matching a pattern\n   log       Show commit logs\n   show      Show various types of objects\n   status    Show the working tree status\n\ngrow, mark and tweak your common history\n   branch    List, create, or delete branches\n   commit    Record changes to the repository\n   merge     Join two or more development histories together\n   rebase    Reapply commits on top of another base tip\n   reset     Reset current HEAD to the specified state\n   switch    Switch branches\n   tag       Create, list, delete or verify a tag object signed with GPG\n\ncollaborate (see also: git help workflows)\n   fetch     Download objects and refs from another repository\n   pull      Fetch from and integrate with another repository or a local branch\n   push      Update remote refs along with associated objects\n\n'git help -a' and 'git help -g' list available subcommands and some\nconcept guides. See 'git help <command>' or 'git help <concept>'\nto read about a specific subcommand or concept.\nSee 'git help git' for an overview of the system.\n""
[0m22:46:10.744013 [debug] [MainThread]: STDERR: "b''"
[0m22:46:10.745093 [info ] [MainThread]:  - git [[32mOK found[0m]

[0m22:46:10.746130 [info ] [MainThread]: Connection:
[0m22:46:10.747093 [info ] [MainThread]:   account: HYPPNSV-YC37243
[0m22:46:10.747848 [info ] [MainThread]:   user: DBT_USER
[0m22:46:10.748435 [info ] [MainThread]:   database: HEALTHCARE_DB
[0m22:46:10.749647 [info ] [MainThread]:   warehouse: HEALTHCARE_WH
[0m22:46:10.750320 [info ] [MainThread]:   role: DBT_ROLE
[0m22:46:10.750810 [info ] [MainThread]:   schema: SLIVER
[0m22:46:10.751200 [info ] [MainThread]:   authenticator: None
[0m22:46:10.751915 [info ] [MainThread]:   oauth_client_id: None
[0m22:46:10.752824 [info ] [MainThread]:   query_tag: None
[0m22:46:10.753367 [info ] [MainThread]:   client_session_keep_alive: False
[0m22:46:10.753703 [info ] [MainThread]:   host: None
[0m22:46:10.754359 [info ] [MainThread]:   port: None
[0m22:46:10.755043 [info ] [MainThread]:   proxy_host: None
[0m22:46:10.755683 [info ] [MainThread]:   proxy_port: None
[0m22:46:10.756311 [info ] [MainThread]:   protocol: None
[0m22:46:10.756973 [info ] [MainThread]:   connect_retries: 1
[0m22:46:10.757619 [info ] [MainThread]:   connect_timeout: None
[0m22:46:10.758246 [info ] [MainThread]:   retry_on_database_errors: False
[0m22:46:10.758875 [info ] [MainThread]:   retry_all: False
[0m22:46:10.759565 [info ] [MainThread]:   insecure_mode: False
[0m22:46:10.760179 [info ] [MainThread]:   reuse_connections: True
[0m22:46:10.760708 [info ] [MainThread]:   s3_stage_vpce_dns_name: None
[0m22:46:10.761274 [info ] [MainThread]:   workload_identity_provider: None
[0m22:46:10.761810 [info ] [MainThread]:   workload_identity_entra_resource: None
[0m22:46:10.762343 [info ] [MainThread]:   platform_detection_timeout_seconds: 0.0
[0m22:46:10.763251 [info ] [MainThread]: Registered adapter: snowflake=1.12.0
[0m22:46:11.637654 [debug] [MainThread]: Acquiring new snowflake connection 'debug'
[0m22:46:11.640914 [debug] [MainThread]: Using snowflake connection "debug"
[0m22:46:11.641327 [debug] [MainThread]: On debug: select 1 as id
[0m22:46:11.641643 [debug] [MainThread]: Opening a new connection, currently in state init
[0m22:46:12.965469 [debug] [MainThread]: Snowflake adapter: Error running SQL: select 1 as id
[0m22:46:12.966508 [debug] [MainThread]: Snowflake adapter: Rolling back transaction.
[0m22:46:12.967542 [info ] [MainThread]:   Connection test: [[31mERROR[0m]

[0m22:46:12.968792 [info ] [MainThread]: [31m1 check failed:[0m
[0m22:46:12.970281 [info ] [MainThread]: dbt was unable to connect to the specified database.
The database returned the following error:

  >Database Error
  390100 (28000): Failed to connect to DB: HYPPNSV-YC37243.snowflakecomputing.com:443. Incorrect username or password was specified. [760d291f-9feb-43c5-a920-aae3d649c97d]

Check your database credentials and try again. For more information, visit:
https://docs.getdbt.com/docs/configure-your-profile


[0m22:46:12.973128 [debug] [MainThread]: Command `dbt debug` failed at 22:46:12.972785 after 5.65 seconds
[0m22:46:12.973957 [debug] [MainThread]: Connection 'debug' was left open.
[0m22:46:12.974739 [debug] [MainThread]: On debug: No close available on handle
[0m22:46:12.975671 [debug] [MainThread]: Sending event: {'category': 'dbt', 'action': 'invocation', 'label': 'end', 'context': [<snowplow_tracker.self_describing_json.SelfDescribingJson object at 0x0000024D3E2ACC30>, <snowplow_tracker.self_describing_json.SelfDescribingJson object at 0x0000024D3E0769F0>, <snowplow_tracker.self_describing_json.SelfDescribingJson object at 0x0000024D3DF41370>]}
[0m22:46:12.976626 [debug] [MainThread]: Flushing usage events
[0m22:46:15.210448 [debug] [MainThread]: An error was encountered while trying to flush usage events
[0m22:49:54.368278 [debug] [MainThread]: Sending event: {'category': 'dbt', 'action': 'invocation', 'label': 'start', 'context': [<snowplow_tracker.self_describing_json.SelfDescribingJson object at 0x00000273FA2D17F0>, <snowplow_tracker.self_describing_json.SelfDescribingJson object at 0x00000273F7B55090>, <snowplow_tracker.self_describing_json.SelfDescribingJson object at 0x00000273FCB7FC50>]}


============================== 22:49:54.373016 | 81c81c3b-1fa4-40e6-b581-7cccb8a4be02 ==============================
[0m22:49:54.373016 [info ] [MainThread]: Running with dbt=1.12.3
[0m22:49:54.373899 [debug] [MainThread]: running dbt with arguments {'static_parser': 'True', 'no_print': 'None', 'version_check': 'True', 'warn_error_options': 'WarnErrorOptionsV2(error=[], warn=[], silence=[])', 'maximum_seed_size_mib': '1', 'target_path': 'None', 'printer_width': '80', 'write_json': 'True', 'introspect': 'True', 'log_cache_events': 'False', 'empty': 'None', 'cache_selected_only': 'False', 'fail_fast': 'False', 'debug': 'False', 'log_format': 'default', 'partial_parse': 'True', 'send_anonymous_usage_stats': 'True', 'quiet': 'False', 'warn_error': 'None', 'profiles_dir': 'D:\\DE Matrials\\Projects\\DE Projects\\FirstProject_DBT_AIRFLOW_SNOWFLAKE_FIVETRAN\\healthcare_dbt', 'use_colors': 'True', 'hints_enabled': 'True', 'invocation_command': 'dbt debug', 'use_experimental_parser': 'False', 'indirect_selection': 'eager', 'log_path': 'D:\\DE Matrials\\Projects\\DE Projects\\FirstProject_DBT_AIRFLOW_SNOWFLAKE_FIVETRAN\\healthcare_dbt\\logs'}
[0m22:49:54.389089 [info ] [MainThread]: dbt version: 1.12.3
[0m22:49:54.389944 [info ] [MainThread]: python version: 3.14.3
[0m22:49:54.390561 [info ] [MainThread]: python path: C:\Users\sugap\AppData\Local\Programs\Python\Python314\python.exe
[0m22:49:54.391243 [info ] [MainThread]: os info: Windows-11-10.0.26200-SP0
[0m22:49:55.078238 [debug] [MainThread]: Snowflake adapter: Setting snowflake.connector to ERROR (file logging only)
[0m22:49:55.078804 [debug] [MainThread]: Snowflake adapter: Setting botocore to ERROR (file logging only)
[0m22:49:55.079196 [debug] [MainThread]: Snowflake adapter: Setting boto3 to ERROR (file logging only)
[0m22:49:55.216888 [info ] [MainThread]: Using profiles dir at D:\DE Matrials\Projects\DE Projects\FirstProject_DBT_AIRFLOW_SNOWFLAKE_FIVETRAN\healthcare_dbt
[0m22:49:55.217723 [info ] [MainThread]: Using profiles.yml file at D:\DE Matrials\Projects\DE Projects\FirstProject_DBT_AIRFLOW_SNOWFLAKE_FIVETRAN\healthcare_dbt\profiles.yml
[0m22:49:55.218276 [info ] [MainThread]: Using dbt_project.yml file at D:\DE Matrials\Projects\DE Projects\FirstProject_DBT_AIRFLOW_SNOWFLAKE_FIVETRAN\healthcare_dbt\dbt_project.yml
[0m22:49:55.219203 [info ] [MainThread]: adapter type: snowflake
[0m22:49:55.219678 [info ] [MainThread]: adapter version: 1.12.0
[0m22:49:55.370892 [info ] [MainThread]: Configuration:
[0m22:49:55.371632 [info ] [MainThread]:   profiles.yml file [[32mOK found and valid[0m]
[0m22:49:55.372411 [info ] [MainThread]:   dbt_project.yml file [[32mOK found and valid[0m]
[0m22:49:55.373212 [info ] [MainThread]: Required dependencies:
[0m22:49:55.373869 [debug] [MainThread]: Executing "git --help"
[0m22:49:55.516117 [debug] [MainThread]: STDOUT: "b"usage: git [-v | --version] [-h | --help] [-C <path>] [-c <name>=<value>]\n           [--exec-path[=<path>]] [--html-path] [--man-path] [--info-path]\n           [-p | --paginate | -P | --no-pager] [--no-replace-objects] [--bare]\n           [--git-dir=<path>] [--work-tree=<path>] [--namespace=<name>]\n           [--config-env=<name>=<envvar>] <command> [<args>]\n\nThese are common Git commands used in various situations:\n\nstart a working area (see also: git help tutorial)\n   clone     Clone a repository into a new directory\n   init      Create an empty Git repository or reinitialize an existing one\n\nwork on the current change (see also: git help everyday)\n   add       Add file contents to the index\n   mv        Move or rename a file, a directory, or a symlink\n   restore   Restore working tree files\n   rm        Remove files from the working tree and from the index\n\nexamine the history and state (see also: git help revisions)\n   bisect    Use binary search to find the commit that introduced a bug\n   diff      Show changes between commits, commit and working tree, etc\n   grep      Print lines matching a pattern\n   log       Show commit logs\n   show      Show various types of objects\n   status    Show the working tree status\n\ngrow, mark and tweak your common history\n   branch    List, create, or delete branches\n   commit    Record changes to the repository\n   merge     Join two or more development histories together\n   rebase    Reapply commits on top of another base tip\n   reset     Reset current HEAD to the specified state\n   switch    Switch branches\n   tag       Create, list, delete or verify a tag object signed with GPG\n\ncollaborate (see also: git help workflows)\n   fetch     Download objects and refs from another repository\n   pull      Fetch from and integrate with another repository or a local branch\n   push      Update remote refs along with associated objects\n\n'git help -a' and 'git help -g' list available subcommands and some\nconcept guides. See 'git help <command>' or 'git help <concept>'\nto read about a specific subcommand or concept.\nSee 'git help git' for an overview of the system.\n""
[0m22:49:55.516731 [debug] [MainThread]: STDERR: "b''"
[0m22:49:55.517249 [info ] [MainThread]:  - git [[32mOK found[0m]

[0m22:49:55.517989 [info ] [MainThread]: Connection:
[0m22:49:55.518443 [info ] [MainThread]:   account: HYPPNSV-YC37243
[0m22:49:55.519096 [info ] [MainThread]:   user: DBT_USER
[0m22:49:55.519639 [info ] [MainThread]:   database: HEALTHCARE_DB
[0m22:49:55.520198 [info ] [MainThread]:   warehouse: HEALTHCARE_WH
[0m22:49:55.520836 [info ] [MainThread]:   role: DBT_ROLE
[0m22:49:55.521290 [info ] [MainThread]:   schema: SLIVER
[0m22:49:55.521768 [info ] [MainThread]:   authenticator: None
[0m22:49:55.522146 [info ] [MainThread]:   oauth_client_id: None
[0m22:49:55.522508 [info ] [MainThread]:   query_tag: None
[0m22:49:55.522873 [info ] [MainThread]:   client_session_keep_alive: False
[0m22:49:55.523243 [info ] [MainThread]:   host: None
[0m22:49:55.523614 [info ] [MainThread]:   port: None
[0m22:49:55.524010 [info ] [MainThread]:   proxy_host: None
[0m22:49:55.524410 [info ] [MainThread]:   proxy_port: None
[0m22:49:55.524841 [info ] [MainThread]:   protocol: None
[0m22:49:55.525266 [info ] [MainThread]:   connect_retries: 1
[0m22:49:55.525667 [info ] [MainThread]:   connect_timeout: None
[0m22:49:55.526092 [info ] [MainThread]:   retry_on_database_errors: False
[0m22:49:55.526519 [info ] [MainThread]:   retry_all: False
[0m22:49:55.527021 [info ] [MainThread]:   insecure_mode: False
[0m22:49:55.527610 [info ] [MainThread]:   reuse_connections: True
[0m22:49:55.528393 [info ] [MainThread]:   s3_stage_vpce_dns_name: None
[0m22:49:55.529200 [info ] [MainThread]:   workload_identity_provider: None
[0m22:49:55.529679 [info ] [MainThread]:   workload_identity_entra_resource: None
[0m22:49:55.530222 [info ] [MainThread]:   platform_detection_timeout_seconds: 0.0
[0m22:49:55.531180 [info ] [MainThread]: Registered adapter: snowflake=1.12.0
[0m22:49:55.963245 [debug] [MainThread]: Acquiring new snowflake connection 'debug'
[0m22:49:55.965501 [debug] [MainThread]: Using snowflake connection "debug"
[0m22:49:55.965931 [debug] [MainThread]: On debug: select 1 as id
[0m22:49:55.966253 [debug] [MainThread]: Opening a new connection, currently in state init
[0m22:49:57.012769 [debug] [MainThread]: SQL status: SUCCESS 1 in 1.046 seconds
[0m22:49:57.014377 [info ] [MainThread]:   Connection test: [[32mOK connection ok[0m]

[0m22:49:57.015212 [info ] [MainThread]: [32mAll checks passed![0m
[0m22:49:57.016942 [debug] [MainThread]: Command `dbt debug` succeeded at 22:49:57.016693 after 2.86 seconds
[0m22:49:57.017383 [debug] [MainThread]: Connection 'debug' was left open.
[0m22:49:57.017745 [debug] [MainThread]: On debug: Close
[0m22:49:57.264471 [debug] [MainThread]: Sending event: {'category': 'dbt', 'action': 'invocation', 'label': 'end', 'context': [<snowplow_tracker.self_describing_json.SelfDescribingJson object at 0x000002738EF1CC30>, <snowplow_tracker.self_describing_json.SelfDescribingJson object at 0x00000273F786DB50>, <snowplow_tracker.self_describing_json.SelfDescribingJson object at 0x000002738EBB1370>]}
[0m22:49:57.265401 [debug] [MainThread]: Flushing usage events
[0m22:49:58.997423 [debug] [MainThread]: An error was encountered while trying to flush usage events
[0m22:54:01.145991 [debug] [MainThread]: Sending event: {'category': 'dbt', 'action': 'invocation', 'label': 'start', 'context': [<snowplow_tracker.self_describing_json.SelfDescribingJson object at 0x000001FD999517F0>, <snowplow_tracker.self_describing_json.SelfDescribingJson object at 0x000001FD971C5090>, <snowplow_tracker.self_describing_json.SelfDescribingJson object at 0x000001FD9C20FC50>]}


============================== 22:54:01.150418 | 3e0d0d31-c2df-4d31-959a-2dd65de20c88 ==============================
[0m22:54:01.150418 [info ] [MainThread]: Running with dbt=1.12.3
[0m22:54:01.151531 [debug] [MainThread]: running dbt with arguments {'static_parser': 'True', 'no_print': 'None', 'version_check': 'True', 'target_path': 'None', 'warn_error_options': 'WarnErrorOptionsV2(error=[], warn=[], silence=[])', 'maximum_seed_size_mib': '1', 'printer_width': '80', 'write_json': 'True', 'empty': 'None', 'log_cache_events': 'False', 'introspect': 'True', 'cache_selected_only': 'False', 'log_format': 'default', 'debug': 'False', 'fail_fast': 'False', 'profiles_dir': 'D:\\DE Matrials\\Projects\\DE Projects\\FirstProject_DBT_AIRFLOW_SNOWFLAKE_FIVETRAN\\healthcare_dbt', 'send_anonymous_usage_stats': 'True', 'quiet': 'False', 'warn_error': 'None', 'partial_parse': 'True', 'use_colors': 'True', 'hints_enabled': 'True', 'invocation_command': 'dbt debug', 'use_experimental_parser': 'False', 'indirect_selection': 'eager', 'log_path': 'D:\\DE Matrials\\Projects\\DE Projects\\FirstProject_DBT_AIRFLOW_SNOWFLAKE_FIVETRAN\\healthcare_dbt\\logs'}
[0m22:54:01.168095 [info ] [MainThread]: dbt version: 1.12.3
[0m22:54:01.168806 [info ] [MainThread]: python version: 3.14.3
[0m22:54:01.169507 [info ] [MainThread]: python path: C:\Users\sugap\AppData\Local\Programs\Python\Python314\python.exe
[0m22:54:01.170064 [info ] [MainThread]: os info: Windows-11-10.0.26200-SP0
[0m22:54:01.880672 [debug] [MainThread]: Snowflake adapter: Setting snowflake.connector to ERROR (file logging only)
[0m22:54:01.881227 [debug] [MainThread]: Snowflake adapter: Setting botocore to ERROR (file logging only)
[0m22:54:01.881588 [debug] [MainThread]: Snowflake adapter: Setting boto3 to ERROR (file logging only)
[0m22:54:02.022157 [info ] [MainThread]: Using profiles dir at D:\DE Matrials\Projects\DE Projects\FirstProject_DBT_AIRFLOW_SNOWFLAKE_FIVETRAN\healthcare_dbt
[0m22:54:02.022921 [info ] [MainThread]: Using profiles.yml file at D:\DE Matrials\Projects\DE Projects\FirstProject_DBT_AIRFLOW_SNOWFLAKE_FIVETRAN\healthcare_dbt\profiles.yml
[0m22:54:02.023631 [info ] [MainThread]: Using dbt_project.yml file at D:\DE Matrials\Projects\DE Projects\FirstProject_DBT_AIRFLOW_SNOWFLAKE_FIVETRAN\healthcare_dbt\dbt_project.yml
[0m22:54:02.024634 [info ] [MainThread]: adapter type: snowflake
[0m22:54:02.025466 [info ] [MainThread]: adapter version: 1.12.0
[0m22:54:02.206823 [info ] [MainThread]: Configuration:
[0m22:54:02.207632 [info ] [MainThread]:   profiles.yml file [[32mOK found and valid[0m]
[0m22:54:02.208699 [info ] [MainThread]:   dbt_project.yml file [[32mOK found and valid[0m]
[0m22:54:02.209205 [info ] [MainThread]: Required dependencies:
[0m22:54:02.209790 [debug] [MainThread]: Executing "git --help"
[0m22:54:02.344072 [debug] [MainThread]: STDOUT: "b"usage: git [-v | --version] [-h | --help] [-C <path>] [-c <name>=<value>]\n           [--exec-path[=<path>]] [--html-path] [--man-path] [--info-path]\n           [-p | --paginate | -P | --no-pager] [--no-replace-objects] [--bare]\n           [--git-dir=<path>] [--work-tree=<path>] [--namespace=<name>]\n           [--config-env=<name>=<envvar>] <command> [<args>]\n\nThese are common Git commands used in various situations:\n\nstart a working area (see also: git help tutorial)\n   clone     Clone a repository into a new directory\n   init      Create an empty Git repository or reinitialize an existing one\n\nwork on the current change (see also: git help everyday)\n   add       Add file contents to the index\n   mv        Move or rename a file, a directory, or a symlink\n   restore   Restore working tree files\n   rm        Remove files from the working tree and from the index\n\nexamine the history and state (see also: git help revisions)\n   bisect    Use binary search to find the commit that introduced a bug\n   diff      Show changes between commits, commit and working tree, etc\n   grep      Print lines matching a pattern\n   log       Show commit logs\n   show      Show various types of objects\n   status    Show the working tree status\n\ngrow, mark and tweak your common history\n   branch    List, create, or delete branches\n   commit    Record changes to the repository\n   merge     Join two or more development histories together\n   rebase    Reapply commits on top of another base tip\n   reset     Reset current HEAD to the specified state\n   switch    Switch branches\n   tag       Create, list, delete or verify a tag object signed with GPG\n\ncollaborate (see also: git help workflows)\n   fetch     Download objects and refs from another repository\n   pull      Fetch from and integrate with another repository or a local branch\n   push      Update remote refs along with associated objects\n\n'git help -a' and 'git help -g' list available subcommands and some\nconcept guides. See 'git help <command>' or 'git help <concept>'\nto read about a specific subcommand or concept.\nSee 'git help git' for an overview of the system.\n""
[0m22:54:02.344608 [debug] [MainThread]: STDERR: "b''"
[0m22:54:02.345000 [info ] [MainThread]:  - git [[32mOK found[0m]

[0m22:54:02.345516 [info ] [MainThread]: Connection:
[0m22:54:02.346149 [info ] [MainThread]:   account: HYPPNSV-YC37243
[0m22:54:02.346697 [info ] [MainThread]:   user: DBT_USER
[0m22:54:02.347201 [info ] [MainThread]:   database: HEALTHCARE_DB
[0m22:54:02.347610 [info ] [MainThread]:   warehouse: HEALTHCARE_WH
[0m22:54:02.347969 [info ] [MainThread]:   role: DBT_ROLE
[0m22:54:02.348372 [info ] [MainThread]:   schema: SLIVER
[0m22:54:02.348734 [info ] [MainThread]:   authenticator: None
[0m22:54:02.349155 [info ] [MainThread]:   oauth_client_id: None
[0m22:54:02.349493 [info ] [MainThread]:   query_tag: None
[0m22:54:02.349841 [info ] [MainThread]:   client_session_keep_alive: False
[0m22:54:02.350179 [info ] [MainThread]:   host: None
[0m22:54:02.350515 [info ] [MainThread]:   port: None
[0m22:54:02.350848 [info ] [MainThread]:   proxy_host: None
[0m22:54:02.351191 [info ] [MainThread]:   proxy_port: None
[0m22:54:02.351538 [info ] [MainThread]:   protocol: None
[0m22:54:02.351940 [info ] [MainThread]:   connect_retries: 1
[0m22:54:02.352325 [info ] [MainThread]:   connect_timeout: None
[0m22:54:02.352703 [info ] [MainThread]:   retry_on_database_errors: False
[0m22:54:02.353077 [info ] [MainThread]:   retry_all: False
[0m22:54:02.353462 [info ] [MainThread]:   insecure_mode: False
[0m22:54:02.353841 [info ] [MainThread]:   reuse_connections: True
[0m22:54:02.354283 [info ] [MainThread]:   s3_stage_vpce_dns_name: None
[0m22:54:02.354739 [info ] [MainThread]:   workload_identity_provider: None
[0m22:54:02.355170 [info ] [MainThread]:   workload_identity_entra_resource: None
[0m22:54:02.355568 [info ] [MainThread]:   platform_detection_timeout_seconds: 0.0
[0m22:54:02.356184 [info ] [MainThread]: Registered adapter: snowflake=1.12.0
[0m22:54:02.761547 [debug] [MainThread]: Acquiring new snowflake connection 'debug'
[0m22:54:02.763561 [debug] [MainThread]: Using snowflake connection "debug"
[0m22:54:02.763921 [debug] [MainThread]: On debug: select 1 as id
[0m22:54:02.764176 [debug] [MainThread]: Opening a new connection, currently in state init
[0m22:54:04.447602 [debug] [MainThread]: SQL status: SUCCESS 1 in 1.683 seconds
[0m22:54:04.449800 [info ] [MainThread]:   Connection test: [[32mOK connection ok[0m]

[0m22:54:04.451052 [info ] [MainThread]: [32mAll checks passed![0m
[0m22:54:04.453369 [debug] [MainThread]: Command `dbt debug` succeeded at 22:54:04.453113 after 3.52 seconds
[0m22:54:04.454098 [debug] [MainThread]: Connection 'debug' was left open.
[0m22:54:04.454626 [debug] [MainThread]: On debug: Close
[0m22:54:04.836407 [debug] [MainThread]: Sending event: {'category': 'dbt', 'action': 'invocation', 'label': 'end', 'context': [<snowplow_tracker.self_describing_json.SelfDescribingJson object at 0x000001FDAE53CC30>, <snowplow_tracker.self_describing_json.SelfDescribingJson object at 0x000001FD96EDDB50>, <snowplow_tracker.self_describing_json.SelfDescribingJson object at 0x000001FDAE1D1370>]}
[0m22:54:04.836949 [debug] [MainThread]: Flushing usage events
[0m22:54:06.685212 [debug] [MainThread]: An error was encountered while trying to flush usage events
[0m23:20:43.550703 [debug] [MainThread]: Sending event: {'category': 'dbt', 'action': 'invocation', 'label': 'start', 'context': [<snowplow_tracker.self_describing_json.SelfDescribingJson object at 0x000002B8107217F0>, <snowplow_tracker.self_describing_json.SelfDescribingJson object at 0x000002B80DFA5090>, <snowplow_tracker.self_describing_json.SelfDescribingJson object at 0x000002B812FDFC50>]}


============================== 23:20:43.557664 | 0e9d1d89-0b92-4c23-a229-24be2d0eae09 ==============================
[0m23:20:43.557664 [info ] [MainThread]: Running with dbt=1.12.3
[0m23:20:43.558992 [debug] [MainThread]: running dbt with arguments {'maximum_seed_size_mib': '1', 'no_print': 'None', 'version_check': 'True', 'target_path': 'None', 'warn_error_options': 'WarnErrorOptionsV2(error=[], warn=[], silence=[])', 'static_parser': 'True', 'printer_width': '80', 'write_json': 'True', 'empty': 'None', 'log_cache_events': 'False', 'introspect': 'True', 'cache_selected_only': 'False', 'fail_fast': 'False', 'debug': 'False', 'log_format': 'default', 'partial_parse': 'True', 'send_anonymous_usage_stats': 'True', 'quiet': 'False', 'warn_error': 'None', 'profiles_dir': 'D:\\DE Matrials\\Projects\\DE Projects\\FirstProject_DBT_AIRFLOW_SNOWFLAKE_FIVETRAN\\healthcare_dbt', 'invocation_command': 'dbt debug', 'hints_enabled': 'True', 'indirect_selection': 'eager', 'use_experimental_parser': 'False', 'use_colors': 'True', 'log_path': 'D:\\DE Matrials\\Projects\\DE Projects\\FirstProject_DBT_AIRFLOW_SNOWFLAKE_FIVETRAN\\healthcare_dbt\\logs'}
[0m23:20:43.600303 [info ] [MainThread]: dbt version: 1.12.3
[0m23:20:43.601005 [info ] [MainThread]: python version: 3.14.3
[0m23:20:43.601882 [info ] [MainThread]: python path: C:\Users\sugap\AppData\Local\Programs\Python\Python314\python.exe
[0m23:20:43.602625 [info ] [MainThread]: os info: Windows-11-10.0.26200-SP0
[0m23:20:45.660795 [debug] [MainThread]: Snowflake adapter: Setting snowflake.connector to ERROR (file logging only)
[0m23:20:45.661736 [debug] [MainThread]: Snowflake adapter: Setting botocore to ERROR (file logging only)
[0m23:20:45.662362 [debug] [MainThread]: Snowflake adapter: Setting boto3 to ERROR (file logging only)
[0m23:20:46.166775 [info ] [MainThread]: Using profiles dir at D:\DE Matrials\Projects\DE Projects\FirstProject_DBT_AIRFLOW_SNOWFLAKE_FIVETRAN\healthcare_dbt
[0m23:20:46.167652 [info ] [MainThread]: Using profiles.yml file at D:\DE Matrials\Projects\DE Projects\FirstProject_DBT_AIRFLOW_SNOWFLAKE_FIVETRAN\healthcare_dbt\profiles.yml
[0m23:20:46.168746 [info ] [MainThread]: Using dbt_project.yml file at D:\DE Matrials\Projects\DE Projects\FirstProject_DBT_AIRFLOW_SNOWFLAKE_FIVETRAN\healthcare_dbt\dbt_project.yml
[0m23:20:46.170277 [info ] [MainThread]: adapter type: snowflake
[0m23:20:46.171225 [info ] [MainThread]: adapter version: 1.12.0
[0m23:20:46.388089 [info ] [MainThread]: Configuration:
[0m23:20:46.388835 [info ] [MainThread]:   profiles.yml file [[32mOK found and valid[0m]
[0m23:20:46.389477 [info ] [MainThread]:   dbt_project.yml file [[32mOK found and valid[0m]
[0m23:20:46.390068 [info ] [MainThread]: Required dependencies:
[0m23:20:46.390619 [debug] [MainThread]: Executing "git --help"
[0m23:20:46.545493 [debug] [MainThread]: STDOUT: "b"usage: git [-v | --version] [-h | --help] [-C <path>] [-c <name>=<value>]\n           [--exec-path[=<path>]] [--html-path] [--man-path] [--info-path]\n           [-p | --paginate | -P | --no-pager] [--no-replace-objects] [--bare]\n           [--git-dir=<path>] [--work-tree=<path>] [--namespace=<name>]\n           [--config-env=<name>=<envvar>] <command> [<args>]\n\nThese are common Git commands used in various situations:\n\nstart a working area (see also: git help tutorial)\n   clone     Clone a repository into a new directory\n   init      Create an empty Git repository or reinitialize an existing one\n\nwork on the current change (see also: git help everyday)\n   add       Add file contents to the index\n   mv        Move or rename a file, a directory, or a symlink\n   restore   Restore working tree files\n   rm        Remove files from the working tree and from the index\n\nexamine the history and state (see also: git help revisions)\n   bisect    Use binary search to find the commit that introduced a bug\n   diff      Show changes between commits, commit and working tree, etc\n   grep      Print lines matching a pattern\n   log       Show commit logs\n   show      Show various types of objects\n   status    Show the working tree status\n\ngrow, mark and tweak your common history\n   branch    List, create, or delete branches\n   commit    Record changes to the repository\n   merge     Join two or more development histories together\n   rebase    Reapply commits on top of another base tip\n   reset     Reset current HEAD to the specified state\n   switch    Switch branches\n   tag       Create, list, delete or verify a tag object signed with GPG\n\ncollaborate (see also: git help workflows)\n   fetch     Download objects and refs from another repository\n   pull      Fetch from and integrate with another repository or a local branch\n   push      Update remote refs along with associated objects\n\n'git help -a' and 'git help -g' list available subcommands and some\nconcept guides. See 'git help <command>' or 'git help <concept>'\nto read about a specific subcommand or concept.\nSee 'git help git' for an overview of the system.\n""
[0m23:20:46.546511 [debug] [MainThread]: STDERR: "b''"
[0m23:20:46.546956 [info ] [MainThread]:  - git [[32mOK found[0m]

[0m23:20:46.547453 [info ] [MainThread]: Connection:
[0m23:20:46.548062 [info ] [MainThread]:   account: HYPPNSV-YC37243
[0m23:20:46.548608 [info ] [MainThread]:   user: DBT_USER
[0m23:20:46.549147 [info ] [MainThread]:   database: HEALTHCARE_DB
[0m23:20:46.549617 [info ] [MainThread]:   warehouse: HEALTHCARE_WH
[0m23:20:46.550062 [info ] [MainThread]:   role: DBT_ROLE
[0m23:20:46.550495 [info ] [MainThread]:   schema: SLIVER
[0m23:20:46.550952 [info ] [MainThread]:   authenticator: None
[0m23:20:46.551345 [info ] [MainThread]:   oauth_client_id: None
[0m23:20:46.551711 [info ] [MainThread]:   query_tag: None
[0m23:20:46.552089 [info ] [MainThread]:   client_session_keep_alive: False
[0m23:20:46.552469 [info ] [MainThread]:   host: None
[0m23:20:46.552843 [info ] [MainThread]:   port: None
[0m23:20:46.553213 [info ] [MainThread]:   proxy_host: None
[0m23:20:46.553625 [info ] [MainThread]:   proxy_port: None
[0m23:20:46.554164 [info ] [MainThread]:   protocol: None
[0m23:20:46.554684 [info ] [MainThread]:   connect_retries: 1
[0m23:20:46.555188 [info ] [MainThread]:   connect_timeout: None
[0m23:20:46.555633 [info ] [MainThread]:   retry_on_database_errors: False
[0m23:20:46.556381 [info ] [MainThread]:   retry_all: False
[0m23:20:46.556843 [info ] [MainThread]:   insecure_mode: False
[0m23:20:46.557224 [info ] [MainThread]:   reuse_connections: True
[0m23:20:46.557615 [info ] [MainThread]:   s3_stage_vpce_dns_name: None
[0m23:20:46.558050 [info ] [MainThread]:   workload_identity_provider: None
[0m23:20:46.558490 [info ] [MainThread]:   workload_identity_entra_resource: None
[0m23:20:46.558976 [info ] [MainThread]:   platform_detection_timeout_seconds: 0.0
[0m23:20:46.559987 [info ] [MainThread]: Registered adapter: snowflake=1.12.0
[0m23:20:47.061019 [debug] [MainThread]: Acquiring new snowflake connection 'debug'
[0m23:20:47.064468 [debug] [MainThread]: Using snowflake connection "debug"
[0m23:20:47.065043 [debug] [MainThread]: On debug: select 1 as id
[0m23:20:47.065532 [debug] [MainThread]: Opening a new connection, currently in state init
[0m23:20:48.209374 [debug] [MainThread]: SQL status: SUCCESS 1 in 1.144 seconds
[0m23:20:48.211000 [info ] [MainThread]:   Connection test: [[32mOK connection ok[0m]

[0m23:20:48.211637 [info ] [MainThread]: [32mAll checks passed![0m
[0m23:20:48.213153 [debug] [MainThread]: Command `dbt debug` succeeded at 23:20:48.212974 after 4.92 seconds
[0m23:20:48.213505 [debug] [MainThread]: Connection 'debug' was left open.
[0m23:20:48.213979 [debug] [MainThread]: On debug: Close
[0m23:20:48.515112 [debug] [MainThread]: Sending event: {'category': 'dbt', 'action': 'invocation', 'label': 'end', 'context': [<snowplow_tracker.self_describing_json.SelfDescribingJson object at 0x000002B82531CC30>, <snowplow_tracker.self_describing_json.SelfDescribingJson object at 0x000002B80DCBDB50>, <snowplow_tracker.self_describing_json.SelfDescribingJson object at 0x000002B824FB1370>]}
[0m23:20:48.515618 [debug] [MainThread]: Flushing usage events
[0m23:20:50.253425 [debug] [MainThread]: An error was encountered while trying to flush usage events
[0m23:27:32.633807 [debug] [MainThread]: Sending event: {'category': 'dbt', 'action': 'invocation', 'label': 'start', 'context': [<snowplow_tracker.self_describing_json.SelfDescribingJson object at 0x000001B961AA17F0>, <snowplow_tracker.self_describing_json.SelfDescribingJson object at 0x000001B95F32CF50>, <snowplow_tracker.self_describing_json.SelfDescribingJson object at 0x000001B9643D79D0>]}


============================== 23:27:32.642250 | 43c06872-6fce-449f-afb9-0ed55d11dc0a ==============================
[0m23:27:32.642250 [info ] [MainThread]: Running with dbt=1.12.3
[0m23:27:32.644093 [debug] [MainThread]: running dbt with arguments {'version_check': 'True', 'no_print': 'None', 'maximum_seed_size_mib': '1', 'target_path': 'None', 'static_parser': 'True', 'warn_error_options': 'WarnErrorOptionsV2(error=[], warn=[], silence=[])', 'printer_width': '80', 'write_json': 'True', 'introspect': 'True', 'log_cache_events': 'False', 'empty': 'False', 'cache_selected_only': 'False', 'fail_fast': 'False', 'debug': 'False', 'log_format': 'default', 'partial_parse': 'True', 'send_anonymous_usage_stats': 'True', 'quiet': 'False', 'warn_error': 'None', 'profiles_dir': 'D:\\DE Matrials\\Projects\\DE Projects\\FirstProject_DBT_AIRFLOW_SNOWFLAKE_FIVETRAN\\healthcare_dbt', 'indirect_selection': 'eager', 'hints_enabled': 'True', 'invocation_command': 'dbt run --select silver', 'use_experimental_parser': 'False', 'use_colors': 'True', 'log_path': 'D:\\DE Matrials\\Projects\\DE Projects\\FirstProject_DBT_AIRFLOW_SNOWFLAKE_FIVETRAN\\healthcare_dbt\\logs'}
[0m23:27:33.968730 [debug] [MainThread]: Snowflake adapter: Setting snowflake.connector to ERROR (file logging only)
[0m23:27:33.969341 [debug] [MainThread]: Snowflake adapter: Setting botocore to ERROR (file logging only)
[0m23:27:33.969780 [debug] [MainThread]: Snowflake adapter: Setting boto3 to ERROR (file logging only)
[0m23:27:34.449912 [debug] [MainThread]: Sending event: {'category': 'dbt', 'action': 'project_id', 'label': '43c06872-6fce-449f-afb9-0ed55d11dc0a', 'context': [<snowplow_tracker.self_describing_json.SelfDescribingJson object at 0x000001B972C17100>]}
[0m23:27:34.516485 [debug] [MainThread]: Sending event: {'category': 'dbt', 'action': 'adapter_info', 'label': '43c06872-6fce-449f-afb9-0ed55d11dc0a', 'context': [<snowplow_tracker.self_describing_json.SelfDescribingJson object at 0x000001B9626B88D0>]}
[0m23:27:34.517939 [info ] [MainThread]: Registered adapter: snowflake=1.12.0
[0m23:27:34.923747 [debug] [MainThread]: checksum: cd11ddf55c3f57c7cf223dea061db390e40f8619709a911fb3f7b2e110e1d310, vars: {}, profile: healthcare_dbt, target: dev, version: 1.12.3
[0m23:27:34.924718 [info ] [MainThread]: Unable to do partial parsing because saved manifest not found. Starting full parse.
[0m23:27:34.925280 [debug] [MainThread]: Sending event: {'category': 'dbt', 'action': 'partial_parser', 'label': '43c06872-6fce-449f-afb9-0ed55d11dc0a', 'context': [<snowplow_tracker.self_describing_json.SelfDescribingJson object at 0x000001B97621D550>]}
[0m23:27:36.310030 [warn ] [MainThread]: [[33mWARNING[0m]: Configuration paths exist in your dbt_project.yml file which do not apply to any resources.
There are 1 unused configuration paths:
- models.healthcare_dbt.gold
[0m23:27:36.314615 [debug] [MainThread]: Sending event: {'category': 'dbt', 'action': 'load_project', 'label': '43c06872-6fce-449f-afb9-0ed55d11dc0a', 'context': [<snowplow_tracker.self_describing_json.SelfDescribingJson object at 0x000001B9769AAB70>]}
[0m23:27:36.412325 [debug] [MainThread]: Wrote artifact WritableManifest to D:\DE Matrials\Projects\DE Projects\FirstProject_DBT_AIRFLOW_SNOWFLAKE_FIVETRAN\healthcare_dbt\target\manifest.json
[0m23:27:36.416835 [debug] [MainThread]: Wrote artifact SemanticManifest to D:\DE Matrials\Projects\DE Projects\FirstProject_DBT_AIRFLOW_SNOWFLAKE_FIVETRAN\healthcare_dbt\target\semantic_manifest.json
[0m23:27:36.466834 [debug] [MainThread]: Wrote artifact OsiDocument to D:\DE Matrials\Projects\DE Projects\FirstProject_DBT_AIRFLOW_SNOWFLAKE_FIVETRAN\healthcare_dbt\target\osi_document.json
[0m23:27:36.484547 [debug] [MainThread]: Sending event: {'category': 'dbt', 'action': 'resource_counts', 'label': '43c06872-6fce-449f-afb9-0ed55d11dc0a', 'context': [<snowplow_tracker.self_describing_json.SelfDescribingJson object at 0x000001B9780D5630>]}
[0m23:27:36.485070 [info ] [MainThread]: Found 1 model, 1 source, 545 macros
[0m23:27:36.485597 [debug] [MainThread]: Sending event: {'category': 'dbt', 'action': 'runnable_timing', 'label': '43c06872-6fce-449f-afb9-0ed55d11dc0a', 'context': [<snowplow_tracker.self_describing_json.SelfDescribingJson object at 0x000001B97697D8B0>]}
[0m23:27:36.487399 [info ] [MainThread]: 
[0m23:27:36.487969 [info ] [MainThread]: Concurrency: 4 threads (target='dev')
[0m23:27:36.488485 [info ] [MainThread]: 
[0m23:27:36.489327 [debug] [MainThread]: Acquiring new snowflake connection 'master'
[0m23:27:36.490604 [debug] [ThreadPool]: Acquiring new snowflake connection 'list_HEALTHCARE_DB'
[0m23:27:36.504366 [debug] [ThreadPool]: Using snowflake connection "list_HEALTHCARE_DB"
[0m23:27:36.504762 [debug] [ThreadPool]: On list_HEALTHCARE_DB: show terse schemas in database HEALTHCARE_DB
    limit 10000
/* {"app": "dbt", "dbt_version": "1.12.3", "profile_name": "healthcare_dbt", "target_name": "dev", "connection_name": "list_HEALTHCARE_DB"} */
[0m23:27:36.505025 [debug] [ThreadPool]: Opening a new connection, currently in state init
[0m23:27:37.911796 [debug] [ThreadPool]: SQL status: SUCCESS 2 in 1.407 seconds
[0m23:27:37.915988 [debug] [ThreadPool]: Re-using an available connection from the pool (formerly list_HEALTHCARE_DB, now create_HEALTHCARE_DB_SLIVER_SLIVER)
[0m23:27:37.917121 [debug] [ThreadPool]: Creating schema "database: "HEALTHCARE_DB"
schema: "SLIVER_SLIVER"
"
[0m23:27:37.922682 [debug] [ThreadPool]: Using snowflake connection "create_HEALTHCARE_DB_SLIVER_SLIVER"
[0m23:27:37.923043 [debug] [ThreadPool]: On create_HEALTHCARE_DB_SLIVER_SLIVER: create schema if not exists HEALTHCARE_DB.SLIVER_SLIVER
/* {"app": "dbt", "dbt_version": "1.12.3", "profile_name": "healthcare_dbt", "target_name": "dev", "connection_name": "create_HEALTHCARE_DB_SLIVER_SLIVER"} */
[0m23:27:38.114920 [debug] [ThreadPool]: SQL status: SUCCESS 1 in 0.191 seconds
[0m23:27:38.119773 [debug] [ThreadPool]: Acquiring new snowflake connection 'list_HEALTHCARE_DB_SLIVER_SLIVER'
[0m23:27:38.132000 [debug] [ThreadPool]: Using snowflake connection "list_HEALTHCARE_DB_SLIVER_SLIVER"
[0m23:27:38.132413 [debug] [ThreadPool]: On list_HEALTHCARE_DB_SLIVER_SLIVER: show objects in HEALTHCARE_DB.SLIVER_SLIVER
    limit 10000
    

/* {"app": "dbt", "dbt_version": "1.12.3", "profile_name": "healthcare_dbt", "target_name": "dev", "connection_name": "list_HEALTHCARE_DB_SLIVER_SLIVER"} */;
[0m23:27:38.132758 [debug] [ThreadPool]: Opening a new connection, currently in state init
[0m23:27:39.036155 [debug] [ThreadPool]: SQL status: SUCCESS 0 in 0.903 seconds
[0m23:27:39.048054 [debug] [ThreadPool]: Using snowflake connection "list_HEALTHCARE_DB_SLIVER_SLIVER"
[0m23:27:39.048455 [debug] [ThreadPool]: On list_HEALTHCARE_DB_SLIVER_SLIVER: show user functions in HEALTHCARE_DB.SLIVER_SLIVER
/* {"app": "dbt", "dbt_version": "1.12.3", "profile_name": "healthcare_dbt", "target_name": "dev", "connection_name": "list_HEALTHCARE_DB_SLIVER_SLIVER"} */
[0m23:27:39.243738 [debug] [ThreadPool]: SQL status: SUCCESS 0 in 0.195 seconds
[0m23:27:39.248193 [debug] [MainThread]: Sending event: {'category': 'dbt', 'action': 'runnable_timing', 'label': '43c06872-6fce-449f-afb9-0ed55d11dc0a', 'context': [<snowplow_tracker.self_describing_json.SelfDescribingJson object at 0x000001B978174650>]}
[0m23:27:39.273882 [debug] [Thread-2 (]: Began running node model.healthcare_dbt.stg_healthcare
[0m23:27:39.274549 [info ] [Thread-2 (]: 1 of 1 START sql table model SLIVER_SLIVER.stg_healthcare ...................... [RUN]
[0m23:27:39.275278 [debug] [Thread-2 (]: Acquiring new snowflake connection 'model.healthcare_dbt.stg_healthcare'
[0m23:27:39.275755 [debug] [Thread-2 (]: Began compiling node model.healthcare_dbt.stg_healthcare
[0m23:27:39.282372 [debug] [Thread-2 (]: Writing injected SQL for node "model.healthcare_dbt.stg_healthcare"
[0m23:27:39.284955 [debug] [Thread-2 (]: Began executing node model.healthcare_dbt.stg_healthcare
[0m23:27:39.318248 [debug] [Thread-2 (]: Writing runtime sql for node "model.healthcare_dbt.stg_healthcare"
[0m23:27:39.325295 [debug] [Thread-2 (]: Using snowflake connection "model.healthcare_dbt.stg_healthcare"
[0m23:27:39.326144 [debug] [Thread-2 (]: On model.healthcare_dbt.stg_healthcare: create or replace transient table HEALTHCARE_DB.SLIVER_SLIVER.stg_healthcare
    
    
    
    
    

    as (WITH source AS (
    SELECT * FROM HEALTHCARE_DB.BRONZE.RAW_DATA
),

cleaned AS (
    SELECT
        -- IDs
        CAST(patient_id AS INT)                        AS patient_id,

        -- Dates
        CAST(visit_date AS DATE)                       AS visit_date,
        YEAR(CAST(visit_date AS DATE))                 AS visit_year,
        MONTH(CAST(visit_date AS DATE))                AS visit_month,
        MONTHNAME(CAST(visit_date AS DATE))            AS visit_month_name,
        QUARTER(CAST(visit_date AS DATE))              AS visit_quarter,
        DAYNAME(CAST(visit_date AS DATE))              AS visit_day_name,

        -- Clean text columns
        UPPER(TRIM(age_group))                         AS age_group,
        CASE
            WHEN UPPER(TRIM(gender)) NOT IN ('MALE','FEMALE')
            THEN 'UNKNOWN'
            ELSE UPPER(TRIM(gender))
        END                                            AS gender,
        UPPER(TRIM(region))                            AS region,
        UPPER(TRIM(department))                        AS department,
        UPPER(TRIM(treatment_type))                    AS treatment_type,
        UPPER(TRIM(visit_type))                        AS visit_type,

        -- Numeric columns
        ROUND(COALESCE(
            TRY_CAST(length_of_stay_days AS FLOAT), 0), 2)
                                                       AS length_of_stay_days,
        ROUND(COALESCE(
            TRY_CAST(treatment_cost AS FLOAT),
            AVG(TRY_CAST(treatment_cost AS FLOAT))
                OVER()), 2)                            AS treatment_cost,
        ROUND(COALESCE(
            TRY_CAST(recovery_score AS FLOAT),
            MEDIAN(TRY_CAST(recovery_score AS FLOAT))
                OVER()), 2)                            AS recovery_score,
        ROUND(COALESCE(
            TRY_CAST(readmission_risk AS FLOAT), 0), 2)
                                                       AS readmission_risk,

        -- Derived columns
        CASE
            WHEN TRY_CAST(readmission_risk AS FLOAT) > 0.3
            THEN 'HIGH'
            ELSE 'LOW'
        END                                            AS risk_category,

        CASE
            WHEN TRY_CAST(treatment_cost AS FLOAT) < 20000  THEN 'LOW'
            WHEN TRY_CAST(treatment_cost AS FLOAT) < 50000  THEN 'MEDIUM'
            WHEN TRY_CAST(treatment_cost AS FLOAT) < 100000 THEN 'HIGH'
            ELSE 'VERY HIGH'
        END                                            AS cost_bucket

    FROM source
    WHERE patient_id IS NOT NULL
)

SELECT * FROM cleaned
    )

/* {"app": "dbt", "dbt_version": "1.12.3", "profile_name": "healthcare_dbt", "target_name": "dev", "node_id": "model.healthcare_dbt.stg_healthcare"} */;
[0m23:27:39.326864 [debug] [Thread-2 (]: Opening a new connection, currently in state init
[0m23:27:40.373401 [debug] [Thread-2 (]: Snowflake adapter: Snowflake query id: 01c6bd95-000d-f0f8-0001-ed920002aa2a
[0m23:27:40.374396 [debug] [Thread-2 (]: Snowflake adapter: Snowflake error: 002003 (02000): SQL compilation error:
Schema 'HEALTHCARE_DB.BRONZE' does not exist or not authorized.
[0m23:27:40.381919 [debug] [Thread-2 (]: Database Error in model stg_healthcare (models\silver\stg_healthcare.sql)
  002003 (02000): SQL compilation error:
  Schema 'HEALTHCARE_DB.BRONZE' does not exist or not authorized.
  compiled code at target\run\healthcare_dbt\models\silver\stg_healthcare.sql
[0m23:27:40.384361 [debug] [Thread-2 (]: Sending event: {'category': 'dbt', 'action': 'run_model', 'label': '43c06872-6fce-449f-afb9-0ed55d11dc0a', 'context': [<snowplow_tracker.self_describing_json.SelfDescribingJson object at 0x000001B961F8E4C0>]}
[0m23:27:40.385069 [error] [Thread-2 (]: 1 of 1 ERROR creating sql table model SLIVER_SLIVER.stg_healthcare ............. [[31mERROR[0m in 1.11s]
[0m23:27:40.386182 [debug] [Thread-2 (]: Finished running node model.healthcare_dbt.stg_healthcare
[0m23:27:40.386768 [debug] [Thread-8 (]: Marking all children of 'model.healthcare_dbt.stg_healthcare' to be skipped because of status 'error'.  Reason: Database Error in model stg_healthcare (models\silver\stg_healthcare.sql)
  002003 (02000): SQL compilation error:
  Schema 'HEALTHCARE_DB.BRONZE' does not exist or not authorized.
  compiled code at target\run\healthcare_dbt\models\silver\stg_healthcare.sql.
[0m23:27:40.389517 [debug] [MainThread]: Connection 'master' was properly closed.
[0m23:27:40.389918 [debug] [MainThread]: Connection 'create_HEALTHCARE_DB_SLIVER_SLIVER' was left open.
[0m23:27:40.390359 [debug] [MainThread]: On create_HEALTHCARE_DB_SLIVER_SLIVER: Close
[0m23:27:40.676327 [debug] [MainThread]: Connection 'list_HEALTHCARE_DB_SLIVER_SLIVER' was left open.
[0m23:27:40.677273 [debug] [MainThread]: On list_HEALTHCARE_DB_SLIVER_SLIVER: Close
[0m23:27:40.910899 [debug] [MainThread]: Connection 'model.healthcare_dbt.stg_healthcare' was left open.
[0m23:27:40.911848 [debug] [MainThread]: On model.healthcare_dbt.stg_healthcare: Close
[0m23:27:41.186133 [info ] [MainThread]: 
[0m23:27:41.186835 [info ] [MainThread]: Finished running 1 table model in 0 hours 0 minutes and 4.70 seconds (4.70s).
[0m23:27:41.188016 [debug] [MainThread]: Command end result
[0m23:27:41.227051 [debug] [MainThread]: Wrote artifact WritableManifest to D:\DE Matrials\Projects\DE Projects\FirstProject_DBT_AIRFLOW_SNOWFLAKE_FIVETRAN\healthcare_dbt\target\manifest.json
[0m23:27:41.230861 [debug] [MainThread]: Wrote artifact SemanticManifest to D:\DE Matrials\Projects\DE Projects\FirstProject_DBT_AIRFLOW_SNOWFLAKE_FIVETRAN\healthcare_dbt\target\semantic_manifest.json
[0m23:27:41.235047 [debug] [MainThread]: Wrote artifact OsiDocument to D:\DE Matrials\Projects\DE Projects\FirstProject_DBT_AIRFLOW_SNOWFLAKE_FIVETRAN\healthcare_dbt\target\osi_document.json
[0m23:27:41.243378 [debug] [MainThread]: Wrote artifact RunExecutionResult to D:\DE Matrials\Projects\DE Projects\FirstProject_DBT_AIRFLOW_SNOWFLAKE_FIVETRAN\healthcare_dbt\target\run_results.json
[0m23:27:41.243807 [info ] [MainThread]: 
[0m23:27:41.244764 [info ] [MainThread]: [31mCompleted with 1 error, 0 partial successes, and 0 warnings:[0m
[0m23:27:41.245500 [info ] [MainThread]: 
[0m23:27:41.246290 [error] [MainThread]: [[31mERROR[0m]: in model stg_healthcare (models\silver\stg_healthcare.sql)
[0m23:27:41.246961 [error] [MainThread]:   Database Error in model stg_healthcare (models\silver\stg_healthcare.sql)
  002003 (02000): SQL compilation error:
  Schema 'HEALTHCARE_DB.BRONZE' does not exist or not authorized.
  compiled code at target\run\healthcare_dbt\models\silver\stg_healthcare.sql
[0m23:27:41.247466 [info ] [MainThread]: 
[0m23:27:41.248152 [info ] [MainThread]:   compiled code at target\compiled\healthcare_dbt\models\silver\stg_healthcare.sql
[0m23:27:41.248640 [info ] [MainThread]: 
[0m23:27:41.249073 [info ] [MainThread]: Done. PASS=0 WARN=0 ERROR=1 SKIP=0 NO-OP=0 REUSED=0 TOTAL=1
[0m23:27:41.250517 [debug] [MainThread]: Command `dbt run` failed at 23:27:41.250343 after 8.93 seconds
[0m23:27:41.250978 [debug] [MainThread]: Sending event: {'category': 'dbt', 'action': 'invocation', 'label': 'end', 'context': [<snowplow_tracker.self_describing_json.SelfDescribingJson object at 0x000001B96434F610>, <snowplow_tracker.self_describing_json.SelfDescribingJson object at 0x000001B9783FFAD0>, <snowplow_tracker.self_describing_json.SelfDescribingJson object at 0x000001B978153850>]}
[0m23:27:41.251356 [debug] [MainThread]: Flushing usage events
[0m23:27:43.161512 [debug] [MainThread]: An error was encountered while trying to flush usage events
[0m23:30:04.693607 [debug] [MainThread]: Sending event: {'category': 'dbt', 'action': 'invocation', 'label': 'start', 'context': [<snowplow_tracker.self_describing_json.SelfDescribingJson object at 0x0000021933CC17F0>, <snowplow_tracker.self_describing_json.SelfDescribingJson object at 0x000002193154CF50>, <snowplow_tracker.self_describing_json.SelfDescribingJson object at 0x00000219365F79D0>]}


============================== 23:30:04.698540 | 66c5dd82-b8d6-42d8-934b-b26b1be2bbc7 ==============================
[0m23:30:04.698540 [info ] [MainThread]: Running with dbt=1.12.3
[0m23:30:04.699462 [debug] [MainThread]: running dbt with arguments {'maximum_seed_size_mib': '1', 'no_print': 'None', 'version_check': 'True', 'warn_error_options': 'WarnErrorOptionsV2(error=[], warn=[], silence=[])', 'target_path': 'None', 'static_parser': 'True', 'printer_width': '80', 'write_json': 'True', 'introspect': 'True', 'log_cache_events': 'False', 'empty': 'False', 'cache_selected_only': 'False', 'log_format': 'default', 'debug': 'False', 'fail_fast': 'False', 'partial_parse': 'True', 'send_anonymous_usage_stats': 'True', 'quiet': 'False', 'warn_error': 'None', 'profiles_dir': 'D:\\DE Matrials\\Projects\\DE Projects\\FirstProject_DBT_AIRFLOW_SNOWFLAKE_FIVETRAN\\healthcare_dbt', 'use_colors': 'True', 'hints_enabled': 'True', 'invocation_command': 'dbt run --select silver', 'use_experimental_parser': 'False', 'indirect_selection': 'eager', 'log_path': 'D:\\DE Matrials\\Projects\\DE Projects\\FirstProject_DBT_AIRFLOW_SNOWFLAKE_FIVETRAN\\healthcare_dbt\\logs'}
[0m23:30:05.347768 [debug] [MainThread]: Snowflake adapter: Setting snowflake.connector to ERROR (file logging only)
[0m23:30:05.348363 [debug] [MainThread]: Snowflake adapter: Setting botocore to ERROR (file logging only)
[0m23:30:05.348765 [debug] [MainThread]: Snowflake adapter: Setting boto3 to ERROR (file logging only)
[0m23:30:05.667426 [debug] [MainThread]: Sending event: {'category': 'dbt', 'action': 'project_id', 'label': '66c5dd82-b8d6-42d8-934b-b26b1be2bbc7', 'context': [<snowplow_tracker.self_describing_json.SelfDescribingJson object at 0x0000021944DDB100>]}
[0m23:30:05.735200 [debug] [MainThread]: Sending event: {'category': 'dbt', 'action': 'adapter_info', 'label': '66c5dd82-b8d6-42d8-934b-b26b1be2bbc7', 'context': [<snowplow_tracker.self_describing_json.SelfDescribingJson object at 0x00000219348D88D0>]}
[0m23:30:05.736490 [info ] [MainThread]: Registered adapter: snowflake=1.12.0
[0m23:30:06.223328 [debug] [MainThread]: checksum: cd11ddf55c3f57c7cf223dea061db390e40f8619709a911fb3f7b2e110e1d310, vars: {}, profile: healthcare_dbt, target: dev, version: 1.12.3
[0m23:30:06.350866 [debug] [MainThread]: Partial parsing enabled: 0 files deleted, 0 files added, 0 files changed.
[0m23:30:06.351261 [debug] [MainThread]: Nothing changed, skipping partial parsing.
[0m23:30:06.351527 [debug] [MainThread]: Partial parsing enabled, no changes found, skipping parsing
[0m23:30:06.356964 [warn ] [MainThread]: [[33mWARNING[0m]: Configuration paths exist in your dbt_project.yml file which do not apply to any resources.
There are 1 unused configuration paths:
- models.healthcare_dbt.gold
[0m23:30:06.364706 [debug] [MainThread]: Sending event: {'category': 'dbt', 'action': 'load_project', 'label': '66c5dd82-b8d6-42d8-934b-b26b1be2bbc7', 'context': [<snowplow_tracker.self_describing_json.SelfDescribingJson object at 0x0000021948B3A350>]}
[0m23:30:06.483871 [debug] [MainThread]: Wrote artifact WritableManifest to D:\DE Matrials\Projects\DE Projects\FirstProject_DBT_AIRFLOW_SNOWFLAKE_FIVETRAN\healthcare_dbt\target\manifest.json
[0m23:30:06.490144 [debug] [MainThread]: Wrote artifact SemanticManifest to D:\DE Matrials\Projects\DE Projects\FirstProject_DBT_AIRFLOW_SNOWFLAKE_FIVETRAN\healthcare_dbt\target\semantic_manifest.json
[0m23:30:06.508117 [debug] [MainThread]: Wrote artifact OsiDocument to D:\DE Matrials\Projects\DE Projects\FirstProject_DBT_AIRFLOW_SNOWFLAKE_FIVETRAN\healthcare_dbt\target\osi_document.json
[0m23:30:06.517716 [debug] [MainThread]: Sending event: {'category': 'dbt', 'action': 'resource_counts', 'label': '66c5dd82-b8d6-42d8-934b-b26b1be2bbc7', 'context': [<snowplow_tracker.self_describing_json.SelfDescribingJson object at 0x0000021948C187D0>]}
[0m23:30:06.518518 [info ] [MainThread]: Found 1 model, 1 source, 545 macros
[0m23:30:06.519160 [debug] [MainThread]: Sending event: {'category': 'dbt', 'action': 'runnable_timing', 'label': '66c5dd82-b8d6-42d8-934b-b26b1be2bbc7', 'context': [<snowplow_tracker.self_describing_json.SelfDescribingJson object at 0x0000021948C6C830>]}
[0m23:30:06.520961 [info ] [MainThread]: 
[0m23:30:06.521591 [info ] [MainThread]: Concurrency: 4 threads (target='dev')
[0m23:30:06.522404 [info ] [MainThread]: 
[0m23:30:06.523276 [debug] [MainThread]: Acquiring new snowflake connection 'master'
[0m23:30:06.524534 [debug] [ThreadPool]: Acquiring new snowflake connection 'list_HEALTHCARE_DB'
[0m23:30:06.540946 [debug] [ThreadPool]: Using snowflake connection "list_HEALTHCARE_DB"
[0m23:30:06.541507 [debug] [ThreadPool]: On list_HEALTHCARE_DB: show terse schemas in database HEALTHCARE_DB
    limit 10000
/* {"app": "dbt", "dbt_version": "1.12.3", "profile_name": "healthcare_dbt", "target_name": "dev", "connection_name": "list_HEALTHCARE_DB"} */
[0m23:30:06.541805 [debug] [ThreadPool]: Opening a new connection, currently in state init
[0m23:30:07.823556 [debug] [ThreadPool]: SQL status: SUCCESS 3 in 1.282 seconds
[0m23:30:07.828021 [debug] [ThreadPool]: Acquiring new snowflake connection 'list_HEALTHCARE_DB_SLIVER_SLIVER'
[0m23:30:07.843750 [debug] [ThreadPool]: Using snowflake connection "list_HEALTHCARE_DB_SLIVER_SLIVER"
[0m23:30:07.844156 [debug] [ThreadPool]: On list_HEALTHCARE_DB_SLIVER_SLIVER: show objects in HEALTHCARE_DB.SLIVER_SLIVER
    limit 10000
    

/* {"app": "dbt", "dbt_version": "1.12.3", "profile_name": "healthcare_dbt", "target_name": "dev", "connection_name": "list_HEALTHCARE_DB_SLIVER_SLIVER"} */;
[0m23:30:07.844448 [debug] [ThreadPool]: Opening a new connection, currently in state init
[0m23:30:08.847092 [debug] [ThreadPool]: SQL status: SUCCESS 0 in 1.003 seconds
[0m23:30:08.856036 [debug] [ThreadPool]: Using snowflake connection "list_HEALTHCARE_DB_SLIVER_SLIVER"
[0m23:30:08.856496 [debug] [ThreadPool]: On list_HEALTHCARE_DB_SLIVER_SLIVER: show user functions in HEALTHCARE_DB.SLIVER_SLIVER
/* {"app": "dbt", "dbt_version": "1.12.3", "profile_name": "healthcare_dbt", "target_name": "dev", "connection_name": "list_HEALTHCARE_DB_SLIVER_SLIVER"} */
[0m23:30:09.051449 [debug] [ThreadPool]: SQL status: SUCCESS 0 in 0.194 seconds
[0m23:30:09.053701 [debug] [MainThread]: Sending event: {'category': 'dbt', 'action': 'runnable_timing', 'label': '66c5dd82-b8d6-42d8-934b-b26b1be2bbc7', 'context': [<snowplow_tracker.self_describing_json.SelfDescribingJson object at 0x00000219483E76C0>]}
[0m23:30:09.057749 [debug] [Thread-2 (]: Began running node model.healthcare_dbt.stg_healthcare
[0m23:30:09.058361 [info ] [Thread-2 (]: 1 of 1 START sql table model SLIVER_SLIVER.stg_healthcare ...................... [RUN]
[0m23:30:09.059136 [debug] [Thread-2 (]: Acquiring new snowflake connection 'model.healthcare_dbt.stg_healthcare'
[0m23:30:09.059603 [debug] [Thread-2 (]: Began compiling node model.healthcare_dbt.stg_healthcare
[0m23:30:09.066154 [debug] [Thread-2 (]: Writing injected SQL for node "model.healthcare_dbt.stg_healthcare"
[0m23:30:09.067744 [debug] [Thread-2 (]: Began executing node model.healthcare_dbt.stg_healthcare
[0m23:30:09.102574 [debug] [Thread-2 (]: Writing runtime sql for node "model.healthcare_dbt.stg_healthcare"
[0m23:30:09.108366 [debug] [Thread-2 (]: Using snowflake connection "model.healthcare_dbt.stg_healthcare"
[0m23:30:09.109474 [debug] [Thread-2 (]: On model.healthcare_dbt.stg_healthcare: create or replace transient table HEALTHCARE_DB.SLIVER_SLIVER.stg_healthcare
    
    
    
    
    

    as (WITH source AS (
    SELECT * FROM HEALTHCARE_DB.BRONZE.RAW_DATA
),

cleaned AS (
    SELECT
        -- IDs
        CAST(patient_id AS INT)                        AS patient_id,

        -- Dates
        CAST(visit_date AS DATE)                       AS visit_date,
        YEAR(CAST(visit_date AS DATE))                 AS visit_year,
        MONTH(CAST(visit_date AS DATE))                AS visit_month,
        MONTHNAME(CAST(visit_date AS DATE))            AS visit_month_name,
        QUARTER(CAST(visit_date AS DATE))              AS visit_quarter,
        DAYNAME(CAST(visit_date AS DATE))              AS visit_day_name,

        -- Clean text columns
        UPPER(TRIM(age_group))                         AS age_group,
        CASE
            WHEN UPPER(TRIM(gender)) NOT IN ('MALE','FEMALE')
            THEN 'UNKNOWN'
            ELSE UPPER(TRIM(gender))
        END                                            AS gender,
        UPPER(TRIM(region))                            AS region,
        UPPER(TRIM(department))                        AS department,
        UPPER(TRIM(treatment_type))                    AS treatment_type,
        UPPER(TRIM(visit_type))                        AS visit_type,

        -- Numeric columns
        ROUND(COALESCE(
            TRY_CAST(length_of_stay_days AS FLOAT), 0), 2)
                                                       AS length_of_stay_days,
        ROUND(COALESCE(
            TRY_CAST(treatment_cost AS FLOAT),
            AVG(TRY_CAST(treatment_cost AS FLOAT))
                OVER()), 2)                            AS treatment_cost,
        ROUND(COALESCE(
            TRY_CAST(recovery_score AS FLOAT),
            MEDIAN(TRY_CAST(recovery_score AS FLOAT))
                OVER()), 2)                            AS recovery_score,
        ROUND(COALESCE(
            TRY_CAST(readmission_risk AS FLOAT), 0), 2)
                                                       AS readmission_risk,

        -- Derived columns
        CASE
            WHEN TRY_CAST(readmission_risk AS FLOAT) > 0.3
            THEN 'HIGH'
            ELSE 'LOW'
        END                                            AS risk_category,

        CASE
            WHEN TRY_CAST(treatment_cost AS FLOAT) < 20000  THEN 'LOW'
            WHEN TRY_CAST(treatment_cost AS FLOAT) < 50000  THEN 'MEDIUM'
            WHEN TRY_CAST(treatment_cost AS FLOAT) < 100000 THEN 'HIGH'
            ELSE 'VERY HIGH'
        END                                            AS cost_bucket

    FROM source
    WHERE patient_id IS NOT NULL
)

SELECT * FROM cleaned
    )

/* {"app": "dbt", "dbt_version": "1.12.3", "profile_name": "healthcare_dbt", "target_name": "dev", "node_id": "model.healthcare_dbt.stg_healthcare"} */;
[0m23:30:09.110307 [debug] [Thread-2 (]: Opening a new connection, currently in state init
[0m23:30:09.871457 [debug] [Thread-2 (]: Snowflake adapter: Snowflake query id: 01c6bd98-000d-f0e2-0001-ed9200029ee6
[0m23:30:09.871990 [debug] [Thread-2 (]: Snowflake adapter: Snowflake error: 002003 (02000): SQL compilation error:
Schema 'HEALTHCARE_DB.BRONZE' does not exist or not authorized.
[0m23:30:09.878890 [debug] [Thread-2 (]: Database Error in model stg_healthcare (models\silver\stg_healthcare.sql)
  002003 (02000): SQL compilation error:
  Schema 'HEALTHCARE_DB.BRONZE' does not exist or not authorized.
  compiled code at target\run\healthcare_dbt\models\silver\stg_healthcare.sql
[0m23:30:09.881910 [debug] [Thread-2 (]: Sending event: {'category': 'dbt', 'action': 'run_model', 'label': '66c5dd82-b8d6-42d8-934b-b26b1be2bbc7', 'context': [<snowplow_tracker.self_describing_json.SelfDescribingJson object at 0x0000021948CFEB10>]}
[0m23:30:09.883311 [error] [Thread-2 (]: 1 of 1 ERROR creating sql table model SLIVER_SLIVER.stg_healthcare ............. [[31mERROR[0m in 0.82s]
[0m23:30:09.885318 [debug] [Thread-2 (]: Finished running node model.healthcare_dbt.stg_healthcare
[0m23:30:09.886362 [debug] [Thread-8 (]: Marking all children of 'model.healthcare_dbt.stg_healthcare' to be skipped because of status 'error'.  Reason: Database Error in model stg_healthcare (models\silver\stg_healthcare.sql)
  002003 (02000): SQL compilation error:
  Schema 'HEALTHCARE_DB.BRONZE' does not exist or not authorized.
  compiled code at target\run\healthcare_dbt\models\silver\stg_healthcare.sql.
[0m23:30:09.889611 [debug] [MainThread]: Connection 'master' was properly closed.
[0m23:30:09.890183 [debug] [MainThread]: Connection 'list_HEALTHCARE_DB' was left open.
[0m23:30:09.890608 [debug] [MainThread]: On list_HEALTHCARE_DB: Close
[0m23:30:10.120455 [debug] [MainThread]: Connection 'list_HEALTHCARE_DB_SLIVER_SLIVER' was left open.
[0m23:30:10.121493 [debug] [MainThread]: On list_HEALTHCARE_DB_SLIVER_SLIVER: Close
[0m23:30:10.394891 [debug] [MainThread]: Connection 'model.healthcare_dbt.stg_healthcare' was left open.
[0m23:30:10.395910 [debug] [MainThread]: On model.healthcare_dbt.stg_healthcare: Close
[0m23:30:10.712831 [info ] [MainThread]: 
[0m23:30:10.714235 [info ] [MainThread]: Finished running 1 table model in 0 hours 0 minutes and 4.19 seconds (4.19s).
[0m23:30:10.716483 [debug] [MainThread]: Command end result
[0m23:30:10.757941 [debug] [MainThread]: Wrote artifact WritableManifest to D:\DE Matrials\Projects\DE Projects\FirstProject_DBT_AIRFLOW_SNOWFLAKE_FIVETRAN\healthcare_dbt\target\manifest.json
[0m23:30:10.762121 [debug] [MainThread]: Wrote artifact SemanticManifest to D:\DE Matrials\Projects\DE Projects\FirstProject_DBT_AIRFLOW_SNOWFLAKE_FIVETRAN\healthcare_dbt\target\semantic_manifest.json
[0m23:30:10.765742 [debug] [MainThread]: Wrote artifact OsiDocument to D:\DE Matrials\Projects\DE Projects\FirstProject_DBT_AIRFLOW_SNOWFLAKE_FIVETRAN\healthcare_dbt\target\osi_document.json
[0m23:30:10.773419 [debug] [MainThread]: Wrote artifact RunExecutionResult to D:\DE Matrials\Projects\DE Projects\FirstProject_DBT_AIRFLOW_SNOWFLAKE_FIVETRAN\healthcare_dbt\target\run_results.json
[0m23:30:10.773917 [info ] [MainThread]: 
[0m23:30:10.774608 [info ] [MainThread]: [31mCompleted with 1 error, 0 partial successes, and 0 warnings:[0m
[0m23:30:10.775584 [info ] [MainThread]: 
[0m23:30:10.776376 [error] [MainThread]: [[31mERROR[0m]: in model stg_healthcare (models\silver\stg_healthcare.sql)
[0m23:30:10.776933 [error] [MainThread]:   Database Error in model stg_healthcare (models\silver\stg_healthcare.sql)
  002003 (02000): SQL compilation error:
  Schema 'HEALTHCARE_DB.BRONZE' does not exist or not authorized.
  compiled code at target\run\healthcare_dbt\models\silver\stg_healthcare.sql
[0m23:30:10.777386 [info ] [MainThread]: 
[0m23:30:10.777893 [info ] [MainThread]:   compiled code at target\compiled\healthcare_dbt\models\silver\stg_healthcare.sql
[0m23:30:10.778271 [info ] [MainThread]: 
[0m23:30:10.778738 [info ] [MainThread]: Done. PASS=0 WARN=0 ERROR=1 SKIP=0 NO-OP=0 REUSED=0 TOTAL=1
[0m23:30:10.779831 [debug] [MainThread]: Command `dbt run` failed at 23:30:10.779703 after 6.36 seconds
[0m23:30:10.780216 [debug] [MainThread]: Sending event: {'category': 'dbt', 'action': 'invocation', 'label': 'end', 'context': [<snowplow_tracker.self_describing_json.SelfDescribingJson object at 0x0000021945083A10>, <snowplow_tracker.self_describing_json.SelfDescribingJson object at 0x000002192E71DEF0>, <snowplow_tracker.self_describing_json.SelfDescribingJson object at 0x0000021936396B70>]}
[0m23:30:10.780617 [debug] [MainThread]: Flushing usage events
[0m23:30:12.439629 [debug] [MainThread]: An error was encountered while trying to flush usage events
[0m23:33:24.804958 [debug] [MainThread]: Sending event: {'category': 'dbt', 'action': 'invocation', 'label': 'start', 'context': [<snowplow_tracker.self_describing_json.SelfDescribingJson object at 0x000001922CEA17F0>, <snowplow_tracker.self_describing_json.SelfDescribingJson object at 0x000001922A72CF50>, <snowplow_tracker.self_describing_json.SelfDescribingJson object at 0x000001922F7D79D0>]}


============================== 23:33:24.808721 | 647d2345-c091-41e5-a340-2dbe95619058 ==============================
[0m23:33:24.808721 [info ] [MainThread]: Running with dbt=1.12.3
[0m23:33:24.809623 [debug] [MainThread]: running dbt with arguments {'maximum_seed_size_mib': '1', 'no_print': 'None', 'version_check': 'True', 'warn_error_options': 'WarnErrorOptionsV2(error=[], warn=[], silence=[])', 'static_parser': 'True', 'target_path': 'None', 'printer_width': '80', 'write_json': 'True', 'empty': 'False', 'log_cache_events': 'False', 'introspect': 'True', 'cache_selected_only': 'False', 'fail_fast': 'False', 'debug': 'False', 'log_format': 'default', 'partial_parse': 'True', 'send_anonymous_usage_stats': 'True', 'quiet': 'False', 'warn_error': 'None', 'profiles_dir': 'D:\\DE Matrials\\Projects\\DE Projects\\FirstProject_DBT_AIRFLOW_SNOWFLAKE_FIVETRAN\\healthcare_dbt', 'indirect_selection': 'eager', 'hints_enabled': 'True', 'invocation_command': 'dbt run --select silver', 'use_experimental_parser': 'False', 'use_colors': 'True', 'log_path': 'D:\\DE Matrials\\Projects\\DE Projects\\FirstProject_DBT_AIRFLOW_SNOWFLAKE_FIVETRAN\\healthcare_dbt\\logs'}
[0m23:33:25.505077 [debug] [MainThread]: Snowflake adapter: Setting snowflake.connector to ERROR (file logging only)
[0m23:33:25.505637 [debug] [MainThread]: Snowflake adapter: Setting botocore to ERROR (file logging only)
[0m23:33:25.505981 [debug] [MainThread]: Snowflake adapter: Setting boto3 to ERROR (file logging only)
[0m23:33:25.818065 [debug] [MainThread]: Sending event: {'category': 'dbt', 'action': 'project_id', 'label': '647d2345-c091-41e5-a340-2dbe95619058', 'context': [<snowplow_tracker.self_describing_json.SelfDescribingJson object at 0x000001923DFF7100>]}
[0m23:33:25.901833 [debug] [MainThread]: Sending event: {'category': 'dbt', 'action': 'adapter_info', 'label': '647d2345-c091-41e5-a340-2dbe95619058', 'context': [<snowplow_tracker.self_describing_json.SelfDescribingJson object at 0x000001922DAB88D0>]}
[0m23:33:25.903225 [info ] [MainThread]: Registered adapter: snowflake=1.12.0
[0m23:33:26.338174 [debug] [MainThread]: checksum: cd11ddf55c3f57c7cf223dea061db390e40f8619709a911fb3f7b2e110e1d310, vars: {}, profile: healthcare_dbt, target: dev, version: 1.12.3
[0m23:33:26.434183 [info ] [MainThread]: Unable to do partial parsing because a project config has changed
[0m23:33:26.435016 [debug] [MainThread]: Sending event: {'category': 'dbt', 'action': 'partial_parser', 'label': '647d2345-c091-41e5-a340-2dbe95619058', 'context': [<snowplow_tracker.self_describing_json.SelfDescribingJson object at 0x0000019241D59D50>]}
[0m23:33:27.789254 [warn ] [MainThread]: [[33mWARNING[0m]: Configuration paths exist in your dbt_project.yml file which do not apply to any resources.
There are 1 unused configuration paths:
- models.healthcare_dbt.gold
[0m23:33:27.793896 [debug] [MainThread]: Sending event: {'category': 'dbt', 'action': 'load_project', 'label': '647d2345-c091-41e5-a340-2dbe95619058', 'context': [<snowplow_tracker.self_describing_json.SelfDescribingJson object at 0x00000192431337A0>]}
[0m23:33:27.907430 [debug] [MainThread]: Wrote artifact WritableManifest to D:\DE Matrials\Projects\DE Projects\FirstProject_DBT_AIRFLOW_SNOWFLAKE_FIVETRAN\healthcare_dbt\target\manifest.json
[0m23:33:27.911430 [debug] [MainThread]: Wrote artifact SemanticManifest to D:\DE Matrials\Projects\DE Projects\FirstProject_DBT_AIRFLOW_SNOWFLAKE_FIVETRAN\healthcare_dbt\target\semantic_manifest.json
[0m23:33:27.931224 [debug] [MainThread]: Wrote artifact OsiDocument to D:\DE Matrials\Projects\DE Projects\FirstProject_DBT_AIRFLOW_SNOWFLAKE_FIVETRAN\healthcare_dbt\target\osi_document.json
[0m23:33:27.941891 [debug] [MainThread]: Sending event: {'category': 'dbt', 'action': 'resource_counts', 'label': '647d2345-c091-41e5-a340-2dbe95619058', 'context': [<snowplow_tracker.self_describing_json.SelfDescribingJson object at 0x00000192435D5470>]}
[0m23:33:27.942433 [info ] [MainThread]: Found 1 model, 1 source, 545 macros
[0m23:33:27.943014 [debug] [MainThread]: Sending event: {'category': 'dbt', 'action': 'runnable_timing', 'label': '647d2345-c091-41e5-a340-2dbe95619058', 'context': [<snowplow_tracker.self_describing_json.SelfDescribingJson object at 0x0000019241D9EC30>]}
[0m23:33:27.945047 [info ] [MainThread]: 
[0m23:33:27.945775 [info ] [MainThread]: Concurrency: 4 threads (target='dev')
[0m23:33:27.946411 [info ] [MainThread]: 
[0m23:33:27.947529 [debug] [MainThread]: Acquiring new snowflake connection 'master'
[0m23:33:27.949646 [debug] [ThreadPool]: Acquiring new snowflake connection 'list_HEALTHCARE_DB'
[0m23:33:27.965219 [debug] [ThreadPool]: Using snowflake connection "list_HEALTHCARE_DB"
[0m23:33:27.965659 [debug] [ThreadPool]: On list_HEALTHCARE_DB: show terse schemas in database HEALTHCARE_DB
    limit 10000
/* {"app": "dbt", "dbt_version": "1.12.3", "profile_name": "healthcare_dbt", "target_name": "dev", "connection_name": "list_HEALTHCARE_DB"} */
[0m23:33:27.965970 [debug] [ThreadPool]: Opening a new connection, currently in state init
[0m23:33:29.143695 [debug] [ThreadPool]: SQL status: SUCCESS 5 in 1.178 seconds
[0m23:33:29.147624 [debug] [ThreadPool]: Re-using an available connection from the pool (formerly list_HEALTHCARE_DB, now create_HEALTHCARE_DB_SLIVER_SILVER)
[0m23:33:29.148530 [debug] [ThreadPool]: Creating schema "database: "HEALTHCARE_DB"
schema: "SLIVER_SILVER"
"
[0m23:33:29.153944 [debug] [ThreadPool]: Using snowflake connection "create_HEALTHCARE_DB_SLIVER_SILVER"
[0m23:33:29.154569 [debug] [ThreadPool]: On create_HEALTHCARE_DB_SLIVER_SILVER: create schema if not exists HEALTHCARE_DB.SLIVER_SILVER
/* {"app": "dbt", "dbt_version": "1.12.3", "profile_name": "healthcare_dbt", "target_name": "dev", "connection_name": "create_HEALTHCARE_DB_SLIVER_SILVER"} */
[0m23:33:29.346780 [debug] [ThreadPool]: SQL status: SUCCESS 1 in 0.192 seconds
[0m23:33:29.350309 [debug] [ThreadPool]: Acquiring new snowflake connection 'list_HEALTHCARE_DB_SLIVER_SILVER'
[0m23:33:29.362268 [debug] [ThreadPool]: Using snowflake connection "list_HEALTHCARE_DB_SLIVER_SILVER"
[0m23:33:29.362685 [debug] [ThreadPool]: On list_HEALTHCARE_DB_SLIVER_SILVER: show objects in HEALTHCARE_DB.SLIVER_SILVER
    limit 10000
    

/* {"app": "dbt", "dbt_version": "1.12.3", "profile_name": "healthcare_dbt", "target_name": "dev", "connection_name": "list_HEALTHCARE_DB_SLIVER_SILVER"} */;
[0m23:33:29.362958 [debug] [ThreadPool]: Opening a new connection, currently in state init
[0m23:33:30.373364 [debug] [ThreadPool]: SQL status: SUCCESS 0 in 1.010 seconds
[0m23:33:30.383130 [debug] [ThreadPool]: Using snowflake connection "list_HEALTHCARE_DB_SLIVER_SILVER"
[0m23:33:30.383589 [debug] [ThreadPool]: On list_HEALTHCARE_DB_SLIVER_SILVER: show user functions in HEALTHCARE_DB.SLIVER_SILVER
/* {"app": "dbt", "dbt_version": "1.12.3", "profile_name": "healthcare_dbt", "target_name": "dev", "connection_name": "list_HEALTHCARE_DB_SLIVER_SILVER"} */
[0m23:33:30.575124 [debug] [ThreadPool]: SQL status: SUCCESS 0 in 0.191 seconds
[0m23:33:30.579686 [debug] [MainThread]: Sending event: {'category': 'dbt', 'action': 'runnable_timing', 'label': '647d2345-c091-41e5-a340-2dbe95619058', 'context': [<snowplow_tracker.self_describing_json.SelfDescribingJson object at 0x000001924356D910>]}
[0m23:33:30.587966 [debug] [Thread-2 (]: Began running node model.healthcare_dbt.stg_healthcare
[0m23:33:30.588827 [info ] [Thread-2 (]: 1 of 1 START sql table model SLIVER_SILVER.stg_healthcare ...................... [RUN]
[0m23:33:30.589695 [debug] [Thread-2 (]: Acquiring new snowflake connection 'model.healthcare_dbt.stg_healthcare'
[0m23:33:30.590543 [debug] [Thread-2 (]: Began compiling node model.healthcare_dbt.stg_healthcare
[0m23:33:30.598385 [debug] [Thread-2 (]: Writing injected SQL for node "model.healthcare_dbt.stg_healthcare"
[0m23:33:30.600203 [debug] [Thread-2 (]: Began executing node model.healthcare_dbt.stg_healthcare
[0m23:33:30.643163 [debug] [Thread-2 (]: Writing runtime sql for node "model.healthcare_dbt.stg_healthcare"
[0m23:33:30.647194 [debug] [Thread-2 (]: Using snowflake connection "model.healthcare_dbt.stg_healthcare"
[0m23:33:30.647833 [debug] [Thread-2 (]: On model.healthcare_dbt.stg_healthcare: create or replace transient table HEALTHCARE_DB.SLIVER_SILVER.stg_healthcare
    
    
    
    
    

    as (WITH source AS (
    SELECT * FROM HEALTHCARE_DB.BRONZE.RAW_DATA
),

cleaned AS (
    SELECT
        -- IDs
        CAST(patient_id AS INT)                        AS patient_id,

        -- Dates
        CAST(visit_date AS DATE)                       AS visit_date,
        YEAR(CAST(visit_date AS DATE))                 AS visit_year,
        MONTH(CAST(visit_date AS DATE))                AS visit_month,
        MONTHNAME(CAST(visit_date AS DATE))            AS visit_month_name,
        QUARTER(CAST(visit_date AS DATE))              AS visit_quarter,
        DAYNAME(CAST(visit_date AS DATE))              AS visit_day_name,

        -- Clean text columns
        UPPER(TRIM(age_group))                         AS age_group,
        CASE
            WHEN UPPER(TRIM(gender)) NOT IN ('MALE','FEMALE')
            THEN 'UNKNOWN'
            ELSE UPPER(TRIM(gender))
        END                                            AS gender,
        UPPER(TRIM(region))                            AS region,
        UPPER(TRIM(department))                        AS department,
        UPPER(TRIM(treatment_type))                    AS treatment_type,
        UPPER(TRIM(visit_type))                        AS visit_type,

        -- Numeric columns
        ROUND(COALESCE(
            TRY_CAST(length_of_stay_days AS FLOAT), 0), 2)
                                                       AS length_of_stay_days,
        ROUND(COALESCE(
            TRY_CAST(treatment_cost AS FLOAT),
            AVG(TRY_CAST(treatment_cost AS FLOAT))
                OVER()), 2)                            AS treatment_cost,
        ROUND(COALESCE(
            TRY_CAST(recovery_score AS FLOAT),
            MEDIAN(TRY_CAST(recovery_score AS FLOAT))
                OVER()), 2)                            AS recovery_score,
        ROUND(COALESCE(
            TRY_CAST(readmission_risk AS FLOAT), 0), 2)
                                                       AS readmission_risk,

        -- Derived columns
        CASE
            WHEN TRY_CAST(readmission_risk AS FLOAT) > 0.3
            THEN 'HIGH'
            ELSE 'LOW'
        END                                            AS risk_category,

        CASE
            WHEN TRY_CAST(treatment_cost AS FLOAT) < 20000  THEN 'LOW'
            WHEN TRY_CAST(treatment_cost AS FLOAT) < 50000  THEN 'MEDIUM'
            WHEN TRY_CAST(treatment_cost AS FLOAT) < 100000 THEN 'HIGH'
            ELSE 'VERY HIGH'
        END                                            AS cost_bucket

    FROM source
    WHERE patient_id IS NOT NULL
)

SELECT * FROM cleaned
    )

/* {"app": "dbt", "dbt_version": "1.12.3", "profile_name": "healthcare_dbt", "target_name": "dev", "node_id": "model.healthcare_dbt.stg_healthcare"} */;
[0m23:33:30.648369 [debug] [Thread-2 (]: Opening a new connection, currently in state init
[0m23:33:32.624019 [debug] [Thread-2 (]: Snowflake adapter: Snowflake query id: 01c6bd9b-000d-f0f3-0001-ed920002b2de
[0m23:33:32.624667 [debug] [Thread-2 (]: Snowflake adapter: Snowflake error: 100038 (22018): DML operation to table SX98055.HEALTHCARE_DB.SLIVER_SILVER.STG_HEALTHCARE failed on column PATIENT_ID with error: Numeric value 'on22mbD2IRMexg/Q9BHLvmEpbg/WVER2Y7VWljuRhDI=' is not recognized
[0m23:33:32.630669 [debug] [Thread-2 (]: Database Error in model stg_healthcare (models\silver\stg_healthcare.sql)
  100038 (22018): DML operation to table SX98055.HEALTHCARE_DB.SLIVER_SILVER.STG_HEALTHCARE failed on column PATIENT_ID with error: Numeric value 'on22mbD2IRMexg/Q9BHLvmEpbg/WVER2Y7VWljuRhDI=' is not recognized
  compiled code at target\run\healthcare_dbt\models\silver\stg_healthcare.sql
[0m23:33:32.632526 [debug] [Thread-2 (]: Sending event: {'category': 'dbt', 'action': 'run_model', 'label': '647d2345-c091-41e5-a340-2dbe95619058', 'context': [<snowplow_tracker.self_describing_json.SelfDescribingJson object at 0x000001922D3864C0>]}
[0m23:33:32.633201 [error] [Thread-2 (]: 1 of 1 ERROR creating sql table model SLIVER_SILVER.stg_healthcare ............. [[31mERROR[0m in 2.04s]
[0m23:33:32.634793 [debug] [Thread-2 (]: Finished running node model.healthcare_dbt.stg_healthcare
[0m23:33:32.635443 [debug] [Thread-8 (]: Marking all children of 'model.healthcare_dbt.stg_healthcare' to be skipped because of status 'error'.  Reason: Database Error in model stg_healthcare (models\silver\stg_healthcare.sql)
  100038 (22018): DML operation to table SX98055.HEALTHCARE_DB.SLIVER_SILVER.STG_HEALTHCARE failed on column PATIENT_ID with error: Numeric value 'on22mbD2IRMexg/Q9BHLvmEpbg/WVER2Y7VWljuRhDI=' is not recognized
  compiled code at target\run\healthcare_dbt\models\silver\stg_healthcare.sql.
[0m23:33:32.637934 [debug] [MainThread]: Connection 'master' was properly closed.
[0m23:33:32.638404 [debug] [MainThread]: Connection 'create_HEALTHCARE_DB_SLIVER_SILVER' was left open.
[0m23:33:32.638693 [debug] [MainThread]: On create_HEALTHCARE_DB_SLIVER_SILVER: Close
[0m23:33:32.864860 [debug] [MainThread]: Connection 'list_HEALTHCARE_DB_SLIVER_SILVER' was left open.
[0m23:33:32.865800 [debug] [MainThread]: On list_HEALTHCARE_DB_SLIVER_SILVER: Close
[0m23:33:33.142735 [debug] [MainThread]: Connection 'model.healthcare_dbt.stg_healthcare' was left open.
[0m23:33:33.143704 [debug] [MainThread]: On model.healthcare_dbt.stg_healthcare: Close
[0m23:33:33.444262 [info ] [MainThread]: 
[0m23:33:33.445603 [info ] [MainThread]: Finished running 1 table model in 0 hours 0 minutes and 5.50 seconds (5.50s).
[0m23:33:33.447817 [debug] [MainThread]: Command end result
[0m23:33:33.484768 [debug] [MainThread]: Wrote artifact WritableManifest to D:\DE Matrials\Projects\DE Projects\FirstProject_DBT_AIRFLOW_SNOWFLAKE_FIVETRAN\healthcare_dbt\target\manifest.json
[0m23:33:33.491318 [debug] [MainThread]: Wrote artifact SemanticManifest to D:\DE Matrials\Projects\DE Projects\FirstProject_DBT_AIRFLOW_SNOWFLAKE_FIVETRAN\healthcare_dbt\target\semantic_manifest.json
[0m23:33:33.495745 [debug] [MainThread]: Wrote artifact OsiDocument to D:\DE Matrials\Projects\DE Projects\FirstProject_DBT_AIRFLOW_SNOWFLAKE_FIVETRAN\healthcare_dbt\target\osi_document.json
[0m23:33:33.502788 [debug] [MainThread]: Wrote artifact RunExecutionResult to D:\DE Matrials\Projects\DE Projects\FirstProject_DBT_AIRFLOW_SNOWFLAKE_FIVETRAN\healthcare_dbt\target\run_results.json
[0m23:33:33.503217 [info ] [MainThread]: 
[0m23:33:33.503906 [info ] [MainThread]: [31mCompleted with 1 error, 0 partial successes, and 0 warnings:[0m
[0m23:33:33.504535 [info ] [MainThread]: 
[0m23:33:33.505244 [error] [MainThread]: [[31mERROR[0m]: in model stg_healthcare (models\silver\stg_healthcare.sql)
[0m23:33:33.505851 [error] [MainThread]:   Database Error in model stg_healthcare (models\silver\stg_healthcare.sql)
  100038 (22018): DML operation to table SX98055.HEALTHCARE_DB.SLIVER_SILVER.STG_HEALTHCARE failed on column PATIENT_ID with error: Numeric value 'on22mbD2IRMexg/Q9BHLvmEpbg/WVER2Y7VWljuRhDI=' is not recognized
  compiled code at target\run\healthcare_dbt\models\silver\stg_healthcare.sql
[0m23:33:33.506301 [info ] [MainThread]: 
[0m23:33:33.506778 [info ] [MainThread]:   compiled code at target\compiled\healthcare_dbt\models\silver\stg_healthcare.sql
[0m23:33:33.507220 [info ] [MainThread]: 
[0m23:33:33.507658 [info ] [MainThread]: Done. PASS=0 WARN=0 ERROR=1 SKIP=0 NO-OP=0 REUSED=0 TOTAL=1
[0m23:33:33.509009 [debug] [MainThread]: Command `dbt run` failed at 23:33:33.508803 after 8.92 seconds
[0m23:33:33.509663 [debug] [MainThread]: Sending event: {'category': 'dbt', 'action': 'invocation', 'label': 'end', 'context': [<snowplow_tracker.self_describing_json.SelfDescribingJson object at 0x000001922F74F610>, <snowplow_tracker.self_describing_json.SelfDescribingJson object at 0x000001924396E210>, <snowplow_tracker.self_describing_json.SelfDescribingJson object at 0x000001924362B050>]}
[0m23:33:33.510356 [debug] [MainThread]: Flushing usage events
[0m23:33:35.307403 [debug] [MainThread]: An error was encountered while trying to flush usage events
[0m23:43:00.086799 [debug] [MainThread]: Sending event: {'category': 'dbt', 'action': 'invocation', 'label': 'start', 'context': [<snowplow_tracker.self_describing_json.SelfDescribingJson object at 0x000002B0826417F0>, <snowplow_tracker.self_describing_json.SelfDescribingJson object at 0x000002B0FFEBCF50>, <snowplow_tracker.self_describing_json.SelfDescribingJson object at 0x000002B084F779D0>]}


============================== 23:43:00.093143 | ca3823a7-0678-4666-a743-c3ca9513d8e7 ==============================
[0m23:43:00.093143 [info ] [MainThread]: Running with dbt=1.12.3
[0m23:43:00.094471 [debug] [MainThread]: running dbt with arguments {'maximum_seed_size_mib': '1', 'no_print': 'None', 'static_parser': 'True', 'target_path': 'None', 'warn_error_options': 'WarnErrorOptionsV2(error=[], warn=[], silence=[])', 'version_check': 'True', 'printer_width': '80', 'write_json': 'True', 'introspect': 'True', 'log_cache_events': 'False', 'empty': 'False', 'cache_selected_only': 'False', 'fail_fast': 'False', 'debug': 'False', 'log_format': 'default', 'partial_parse': 'True', 'send_anonymous_usage_stats': 'True', 'quiet': 'False', 'warn_error': 'None', 'profiles_dir': 'D:\\DE Matrials\\Projects\\DE Projects\\FirstProject_DBT_AIRFLOW_SNOWFLAKE_FIVETRAN\\healthcare_dbt', 'use_colors': 'True', 'hints_enabled': 'True', 'indirect_selection': 'eager', 'use_experimental_parser': 'False', 'invocation_command': 'dbt run --select silver', 'log_path': 'D:\\DE Matrials\\Projects\\DE Projects\\FirstProject_DBT_AIRFLOW_SNOWFLAKE_FIVETRAN\\healthcare_dbt\\logs'}
[0m23:43:01.438703 [debug] [MainThread]: Snowflake adapter: Setting snowflake.connector to ERROR (file logging only)
[0m23:43:01.439219 [debug] [MainThread]: Snowflake adapter: Setting botocore to ERROR (file logging only)
[0m23:43:01.439544 [debug] [MainThread]: Snowflake adapter: Setting boto3 to ERROR (file logging only)
[0m23:43:01.853786 [debug] [MainThread]: Sending event: {'category': 'dbt', 'action': 'project_id', 'label': 'ca3823a7-0678-4666-a743-c3ca9513d8e7', 'context': [<snowplow_tracker.self_describing_json.SelfDescribingJson object at 0x000002B093707100>]}
[0m23:43:01.932693 [debug] [MainThread]: Sending event: {'category': 'dbt', 'action': 'adapter_info', 'label': 'ca3823a7-0678-4666-a743-c3ca9513d8e7', 'context': [<snowplow_tracker.self_describing_json.SelfDescribingJson object at 0x000002B0832588D0>]}
[0m23:43:01.935380 [info ] [MainThread]: Registered adapter: snowflake=1.12.0
[0m23:43:02.481849 [debug] [MainThread]: checksum: cd11ddf55c3f57c7cf223dea061db390e40f8619709a911fb3f7b2e110e1d310, vars: {}, profile: healthcare_dbt, target: dev, version: 1.12.3
[0m23:43:02.672510 [debug] [MainThread]: Partial parsing enabled: 0 files deleted, 0 files added, 0 files changed.
[0m23:43:02.672964 [debug] [MainThread]: Nothing changed, skipping partial parsing.
[0m23:43:02.673259 [debug] [MainThread]: Partial parsing enabled, no changes found, skipping parsing
[0m23:43:02.680244 [warn ] [MainThread]: [[33mWARNING[0m]: Configuration paths exist in your dbt_project.yml file which do not apply to any resources.
There are 1 unused configuration paths:
- models.healthcare_dbt.gold
[0m23:43:02.685868 [debug] [MainThread]: Sending event: {'category': 'dbt', 'action': 'load_project', 'label': 'ca3823a7-0678-4666-a743-c3ca9513d8e7', 'context': [<snowplow_tracker.self_describing_json.SelfDescribingJson object at 0x000002B09747A350>]}
[0m23:43:02.828544 [debug] [MainThread]: Wrote artifact WritableManifest to D:\DE Matrials\Projects\DE Projects\FirstProject_DBT_AIRFLOW_SNOWFLAKE_FIVETRAN\healthcare_dbt\target\manifest.json
[0m23:43:02.834311 [debug] [MainThread]: Wrote artifact SemanticManifest to D:\DE Matrials\Projects\DE Projects\FirstProject_DBT_AIRFLOW_SNOWFLAKE_FIVETRAN\healthcare_dbt\target\semantic_manifest.json
[0m23:43:02.874271 [debug] [MainThread]: Wrote artifact OsiDocument to D:\DE Matrials\Projects\DE Projects\FirstProject_DBT_AIRFLOW_SNOWFLAKE_FIVETRAN\healthcare_dbt\target\osi_document.json
[0m23:43:02.892932 [debug] [MainThread]: Sending event: {'category': 'dbt', 'action': 'resource_counts', 'label': 'ca3823a7-0678-4666-a743-c3ca9513d8e7', 'context': [<snowplow_tracker.self_describing_json.SelfDescribingJson object at 0x000002B0975587D0>]}
[0m23:43:02.893429 [info ] [MainThread]: Found 1 model, 1 source, 545 macros
[0m23:43:02.893988 [debug] [MainThread]: Sending event: {'category': 'dbt', 'action': 'runnable_timing', 'label': 'ca3823a7-0678-4666-a743-c3ca9513d8e7', 'context': [<snowplow_tracker.self_describing_json.SelfDescribingJson object at 0x000002B0975AC830>]}
[0m23:43:02.896508 [info ] [MainThread]: 
[0m23:43:02.897232 [info ] [MainThread]: Concurrency: 4 threads (target='dev')
[0m23:43:02.897867 [info ] [MainThread]: 
[0m23:43:02.898621 [debug] [MainThread]: Acquiring new snowflake connection 'master'
[0m23:43:02.899781 [debug] [ThreadPool]: Acquiring new snowflake connection 'list_HEALTHCARE_DB'
[0m23:43:02.917706 [debug] [ThreadPool]: Using snowflake connection "list_HEALTHCARE_DB"
[0m23:43:02.918111 [debug] [ThreadPool]: On list_HEALTHCARE_DB: show terse schemas in database HEALTHCARE_DB
    limit 10000
/* {"app": "dbt", "dbt_version": "1.12.3", "profile_name": "healthcare_dbt", "target_name": "dev", "connection_name": "list_HEALTHCARE_DB"} */
[0m23:43:02.918376 [debug] [ThreadPool]: Opening a new connection, currently in state init
[0m23:43:04.529982 [debug] [ThreadPool]: SQL status: SUCCESS 6 in 1.611 seconds
[0m23:43:04.534451 [debug] [ThreadPool]: Acquiring new snowflake connection 'list_HEALTHCARE_DB_SLIVER_SILVER'
[0m23:43:04.547786 [debug] [ThreadPool]: Using snowflake connection "list_HEALTHCARE_DB_SLIVER_SILVER"
[0m23:43:04.548251 [debug] [ThreadPool]: On list_HEALTHCARE_DB_SLIVER_SILVER: show objects in HEALTHCARE_DB.SLIVER_SILVER
    limit 10000
    

/* {"app": "dbt", "dbt_version": "1.12.3", "profile_name": "healthcare_dbt", "target_name": "dev", "connection_name": "list_HEALTHCARE_DB_SLIVER_SILVER"} */;
[0m23:43:04.548520 [debug] [ThreadPool]: Opening a new connection, currently in state init
[0m23:43:06.472893 [debug] [ThreadPool]: SQL status: SUCCESS 0 in 1.924 seconds
[0m23:43:06.483371 [debug] [ThreadPool]: Using snowflake connection "list_HEALTHCARE_DB_SLIVER_SILVER"
[0m23:43:06.483769 [debug] [ThreadPool]: On list_HEALTHCARE_DB_SLIVER_SILVER: show user functions in HEALTHCARE_DB.SLIVER_SILVER
/* {"app": "dbt", "dbt_version": "1.12.3", "profile_name": "healthcare_dbt", "target_name": "dev", "connection_name": "list_HEALTHCARE_DB_SLIVER_SILVER"} */
[0m23:43:06.678517 [debug] [ThreadPool]: SQL status: SUCCESS 0 in 0.194 seconds
[0m23:43:06.683407 [debug] [MainThread]: Sending event: {'category': 'dbt', 'action': 'runnable_timing', 'label': 'ca3823a7-0678-4666-a743-c3ca9513d8e7', 'context': [<snowplow_tracker.self_describing_json.SelfDescribingJson object at 0x000002B096D25300>]}
[0m23:43:06.693537 [debug] [Thread-2 (]: Began running node model.healthcare_dbt.stg_healthcare
[0m23:43:06.694952 [info ] [Thread-2 (]: 1 of 1 START sql table model SLIVER_SILVER.stg_healthcare ...................... [RUN]
[0m23:43:06.696743 [debug] [Thread-2 (]: Acquiring new snowflake connection 'model.healthcare_dbt.stg_healthcare'
[0m23:43:06.697398 [debug] [Thread-2 (]: Began compiling node model.healthcare_dbt.stg_healthcare
[0m23:43:06.704608 [debug] [Thread-2 (]: Writing injected SQL for node "model.healthcare_dbt.stg_healthcare"
[0m23:43:06.706278 [debug] [Thread-2 (]: Began executing node model.healthcare_dbt.stg_healthcare
[0m23:43:06.750493 [debug] [Thread-2 (]: Writing runtime sql for node "model.healthcare_dbt.stg_healthcare"
[0m23:43:06.754595 [debug] [Thread-2 (]: Using snowflake connection "model.healthcare_dbt.stg_healthcare"
[0m23:43:06.755291 [debug] [Thread-2 (]: On model.healthcare_dbt.stg_healthcare: create or replace transient table HEALTHCARE_DB.SLIVER_SILVER.stg_healthcare
    
    
    
    
    

    as (WITH source AS (
    SELECT * FROM HEALTHCARE_DB.BRONZE.RAW_DATA
),

cleaned AS (
    SELECT
        -- IDs
        CAST(patient_id AS INT)                        AS patient_id,

        -- Dates
        CAST(visit_date AS DATE)                       AS visit_date,
        YEAR(CAST(visit_date AS DATE))                 AS visit_year,
        MONTH(CAST(visit_date AS DATE))                AS visit_month,
        MONTHNAME(CAST(visit_date AS DATE))            AS visit_month_name,
        QUARTER(CAST(visit_date AS DATE))              AS visit_quarter,
        DAYNAME(CAST(visit_date AS DATE))              AS visit_day_name,

        -- Clean text columns
        UPPER(TRIM(age_group))                         AS age_group,
        CASE
            WHEN UPPER(TRIM(gender)) NOT IN ('MALE','FEMALE')
            THEN 'UNKNOWN'
            ELSE UPPER(TRIM(gender))
        END                                            AS gender,
        UPPER(TRIM(region))                            AS region,
        UPPER(TRIM(department))                        AS department,
        UPPER(TRIM(treatment_type))                    AS treatment_type,
        UPPER(TRIM(visit_type))                        AS visit_type,

        -- Numeric columns
        ROUND(COALESCE(
            TRY_CAST(length_of_stay_days AS FLOAT), 0), 2)
                                                       AS length_of_stay_days,
        ROUND(COALESCE(
            TRY_CAST(treatment_cost AS FLOAT),
            AVG(TRY_CAST(treatment_cost AS FLOAT))
                OVER()), 2)                            AS treatment_cost,
        ROUND(COALESCE(
            TRY_CAST(recovery_score AS FLOAT),
            MEDIAN(TRY_CAST(recovery_score AS FLOAT))
                OVER()), 2)                            AS recovery_score,
        ROUND(COALESCE(
            TRY_CAST(readmission_risk AS FLOAT), 0), 2)
                                                       AS readmission_risk,

        -- Derived columns
        CASE
            WHEN TRY_CAST(readmission_risk AS FLOAT) > 0.3
            THEN 'HIGH'
            ELSE 'LOW'
        END                                            AS risk_category,

        CASE
            WHEN TRY_CAST(treatment_cost AS FLOAT) < 20000  THEN 'LOW'
            WHEN TRY_CAST(treatment_cost AS FLOAT) < 50000  THEN 'MEDIUM'
            WHEN TRY_CAST(treatment_cost AS FLOAT) < 100000 THEN 'HIGH'
            ELSE 'VERY HIGH'
        END                                            AS cost_bucket

    FROM source
    WHERE patient_id IS NOT NULL
)

SELECT * FROM cleaned
    )

/* {"app": "dbt", "dbt_version": "1.12.3", "profile_name": "healthcare_dbt", "target_name": "dev", "node_id": "model.healthcare_dbt.stg_healthcare"} */;
[0m23:43:06.755861 [debug] [Thread-2 (]: Opening a new connection, currently in state init
[0m23:43:09.034773 [debug] [Thread-2 (]: SQL status: SUCCESS 100 in 2.279 seconds
[0m23:43:09.063493 [debug] [Thread-2 (]: Sending event: {'category': 'dbt', 'action': 'run_model', 'label': 'ca3823a7-0678-4666-a743-c3ca9513d8e7', 'context': [<snowplow_tracker.self_describing_json.SelfDescribingJson object at 0x000002B09763DA90>]}
[0m23:43:09.064225 [info ] [Thread-2 (]: 1 of 1 OK created sql table model SLIVER_SILVER.stg_healthcare ................. [[32mSUCCESS 100[0m in 2.37s]
[0m23:43:09.065566 [debug] [Thread-2 (]: Finished running node model.healthcare_dbt.stg_healthcare
[0m23:43:09.067755 [debug] [MainThread]: Connection 'master' was properly closed.
[0m23:43:09.068273 [debug] [MainThread]: Connection 'list_HEALTHCARE_DB' was left open.
[0m23:43:09.068688 [debug] [MainThread]: On list_HEALTHCARE_DB: Close
[0m23:43:09.444336 [debug] [MainThread]: Connection 'list_HEALTHCARE_DB_SLIVER_SILVER' was left open.
[0m23:43:09.445431 [debug] [MainThread]: On list_HEALTHCARE_DB_SLIVER_SILVER: Close
[0m23:43:09.750696 [debug] [MainThread]: Connection 'model.healthcare_dbt.stg_healthcare' was left open.
[0m23:43:09.751506 [debug] [MainThread]: On model.healthcare_dbt.stg_healthcare: Close
[0m23:43:10.000050 [info ] [MainThread]: 
[0m23:43:10.001095 [info ] [MainThread]: Finished running 1 table model in 0 hours 0 minutes and 7.10 seconds (7.10s).
[0m23:43:10.002801 [debug] [MainThread]: Command end result
[0m23:43:10.045108 [debug] [MainThread]: Wrote artifact WritableManifest to D:\DE Matrials\Projects\DE Projects\FirstProject_DBT_AIRFLOW_SNOWFLAKE_FIVETRAN\healthcare_dbt\target\manifest.json
[0m23:43:10.049214 [debug] [MainThread]: Wrote artifact SemanticManifest to D:\DE Matrials\Projects\DE Projects\FirstProject_DBT_AIRFLOW_SNOWFLAKE_FIVETRAN\healthcare_dbt\target\semantic_manifest.json
[0m23:43:10.053445 [debug] [MainThread]: Wrote artifact OsiDocument to D:\DE Matrials\Projects\DE Projects\FirstProject_DBT_AIRFLOW_SNOWFLAKE_FIVETRAN\healthcare_dbt\target\osi_document.json
[0m23:43:10.062448 [debug] [MainThread]: Wrote artifact RunExecutionResult to D:\DE Matrials\Projects\DE Projects\FirstProject_DBT_AIRFLOW_SNOWFLAKE_FIVETRAN\healthcare_dbt\target\run_results.json
[0m23:43:10.062878 [info ] [MainThread]: 
[0m23:43:10.063824 [info ] [MainThread]: [32mCompleted successfully[0m
[0m23:43:10.064546 [info ] [MainThread]: 
[0m23:43:10.065260 [info ] [MainThread]: Done. PASS=1 WARN=0 ERROR=0 SKIP=0 NO-OP=0 REUSED=0 TOTAL=1
[0m23:43:10.066844 [debug] [MainThread]: Command `dbt run` succeeded at 23:43:10.066486 after 10.21 seconds
[0m23:43:10.067330 [debug] [MainThread]: Sending event: {'category': 'dbt', 'action': 'invocation', 'label': 'end', 'context': [<snowplow_tracker.self_describing_json.SelfDescribingJson object at 0x000002B0939C3070>, <snowplow_tracker.self_describing_json.SelfDescribingJson object at 0x000002B0FD08DEF0>, <snowplow_tracker.self_describing_json.SelfDescribingJson object at 0x000002B096A020D0>]}
[0m23:43:10.067785 [debug] [MainThread]: Flushing usage events
[0m23:43:11.796628 [debug] [MainThread]: An error was encountered while trying to flush usage events
[0m23:46:17.181285 [debug] [MainThread]: Sending event: {'category': 'dbt', 'action': 'invocation', 'label': 'start', 'context': [<snowplow_tracker.self_describing_json.SelfDescribingJson object at 0x000001E4E1F717F0>, <snowplow_tracker.self_describing_json.SelfDescribingJson object at 0x000001E4DF7FCF50>, <snowplow_tracker.self_describing_json.SelfDescribingJson object at 0x000001E4E48A79D0>]}


============================== 23:46:17.185134 | 7982d076-1c18-4a36-8fa7-bcf3a166c586 ==============================
[0m23:46:17.185134 [info ] [MainThread]: Running with dbt=1.12.3
[0m23:46:17.185913 [debug] [MainThread]: running dbt with arguments {'version_check': 'True', 'no_print': 'None', 'maximum_seed_size_mib': '1', 'target_path': 'None', 'warn_error_options': 'WarnErrorOptionsV2(error=[], warn=[], silence=[])', 'static_parser': 'True', 'printer_width': '80', 'write_json': 'True', 'introspect': 'True', 'log_cache_events': 'False', 'empty': 'False', 'cache_selected_only': 'False', 'fail_fast': 'False', 'debug': 'False', 'log_format': 'default', 'partial_parse': 'True', 'send_anonymous_usage_stats': 'True', 'quiet': 'False', 'warn_error': 'None', 'profiles_dir': 'D:\\DE Matrials\\Projects\\DE Projects\\FirstProject_DBT_AIRFLOW_SNOWFLAKE_FIVETRAN\\healthcare_dbt', 'use_colors': 'True', 'hints_enabled': 'True', 'indirect_selection': 'eager', 'use_experimental_parser': 'False', 'invocation_command': 'dbt run --select silver', 'log_path': 'D:\\DE Matrials\\Projects\\DE Projects\\FirstProject_DBT_AIRFLOW_SNOWFLAKE_FIVETRAN\\healthcare_dbt\\logs'}
[0m23:46:17.797742 [debug] [MainThread]: Snowflake adapter: Setting snowflake.connector to ERROR (file logging only)
[0m23:46:17.798262 [debug] [MainThread]: Snowflake adapter: Setting botocore to ERROR (file logging only)
[0m23:46:17.798651 [debug] [MainThread]: Snowflake adapter: Setting boto3 to ERROR (file logging only)
[0m23:46:18.095374 [debug] [MainThread]: Sending event: {'category': 'dbt', 'action': 'project_id', 'label': '7982d076-1c18-4a36-8fa7-bcf3a166c586', 'context': [<snowplow_tracker.self_describing_json.SelfDescribingJson object at 0x000001E4F3067100>]}
[0m23:46:18.181009 [debug] [MainThread]: Sending event: {'category': 'dbt', 'action': 'adapter_info', 'label': '7982d076-1c18-4a36-8fa7-bcf3a166c586', 'context': [<snowplow_tracker.self_describing_json.SelfDescribingJson object at 0x000001E4E2B888D0>]}
[0m23:46:18.182234 [info ] [MainThread]: Registered adapter: snowflake=1.12.0
[0m23:46:18.620135 [debug] [MainThread]: checksum: cd11ddf55c3f57c7cf223dea061db390e40f8619709a911fb3f7b2e110e1d310, vars: {}, profile: healthcare_dbt, target: dev, version: 1.12.3
[0m23:46:18.782318 [debug] [MainThread]: Partial parsing enabled: 0 files deleted, 0 files added, 0 files changed.
[0m23:46:18.782779 [debug] [MainThread]: Nothing changed, skipping partial parsing.
[0m23:46:18.783080 [debug] [MainThread]: Partial parsing enabled, no changes found, skipping parsing
[0m23:46:18.789863 [warn ] [MainThread]: [[33mWARNING[0m]: Configuration paths exist in your dbt_project.yml file which do not apply to any resources.
There are 1 unused configuration paths:
- models.healthcare_dbt.gold
[0m23:46:18.796219 [debug] [MainThread]: Sending event: {'category': 'dbt', 'action': 'load_project', 'label': '7982d076-1c18-4a36-8fa7-bcf3a166c586', 'context': [<snowplow_tracker.self_describing_json.SelfDescribingJson object at 0x000001E4F6DBA350>]}
[0m23:46:18.920150 [debug] [MainThread]: Wrote artifact WritableManifest to D:\DE Matrials\Projects\DE Projects\FirstProject_DBT_AIRFLOW_SNOWFLAKE_FIVETRAN\healthcare_dbt\target\manifest.json
[0m23:46:18.926158 [debug] [MainThread]: Wrote artifact SemanticManifest to D:\DE Matrials\Projects\DE Projects\FirstProject_DBT_AIRFLOW_SNOWFLAKE_FIVETRAN\healthcare_dbt\target\semantic_manifest.json
[0m23:46:18.946505 [debug] [MainThread]: Wrote artifact OsiDocument to D:\DE Matrials\Projects\DE Projects\FirstProject_DBT_AIRFLOW_SNOWFLAKE_FIVETRAN\healthcare_dbt\target\osi_document.json
[0m23:46:18.956567 [debug] [MainThread]: Sending event: {'category': 'dbt', 'action': 'resource_counts', 'label': '7982d076-1c18-4a36-8fa7-bcf3a166c586', 'context': [<snowplow_tracker.self_describing_json.SelfDescribingJson object at 0x000001E4F6E9C7D0>]}
[0m23:46:18.957183 [info ] [MainThread]: Found 1 model, 1 source, 545 macros
[0m23:46:18.957791 [debug] [MainThread]: Sending event: {'category': 'dbt', 'action': 'runnable_timing', 'label': '7982d076-1c18-4a36-8fa7-bcf3a166c586', 'context': [<snowplow_tracker.self_describing_json.SelfDescribingJson object at 0x000001E4F6EF0830>]}
[0m23:46:18.959641 [info ] [MainThread]: 
[0m23:46:18.960396 [info ] [MainThread]: Concurrency: 4 threads (target='dev')
[0m23:46:18.960968 [info ] [MainThread]: 
[0m23:46:18.961671 [debug] [MainThread]: Acquiring new snowflake connection 'master'
[0m23:46:18.962804 [debug] [ThreadPool]: Acquiring new snowflake connection 'list_HEALTHCARE_DB'
[0m23:46:18.981201 [debug] [ThreadPool]: Using snowflake connection "list_HEALTHCARE_DB"
[0m23:46:18.981713 [debug] [ThreadPool]: On list_HEALTHCARE_DB: show terse schemas in database HEALTHCARE_DB
    limit 10000
/* {"app": "dbt", "dbt_version": "1.12.3", "profile_name": "healthcare_dbt", "target_name": "dev", "connection_name": "list_HEALTHCARE_DB"} */
[0m23:46:18.982128 [debug] [ThreadPool]: Opening a new connection, currently in state init
[0m23:46:20.132196 [debug] [ThreadPool]: SQL status: SUCCESS 4 in 1.150 seconds
[0m23:46:20.134732 [debug] [ThreadPool]: Re-using an available connection from the pool (formerly list_HEALTHCARE_DB, now create_HEALTHCARE_DB_SLIVER_SILVER)
[0m23:46:20.137096 [debug] [ThreadPool]: Creating schema "database: "HEALTHCARE_DB"
schema: "SLIVER_SILVER"
"
[0m23:46:20.142305 [debug] [ThreadPool]: Using snowflake connection "create_HEALTHCARE_DB_SLIVER_SILVER"
[0m23:46:20.142867 [debug] [ThreadPool]: On create_HEALTHCARE_DB_SLIVER_SILVER: create schema if not exists HEALTHCARE_DB.SLIVER_SILVER
/* {"app": "dbt", "dbt_version": "1.12.3", "profile_name": "healthcare_dbt", "target_name": "dev", "connection_name": "create_HEALTHCARE_DB_SLIVER_SILVER"} */
[0m23:46:20.317744 [debug] [ThreadPool]: SQL status: SUCCESS 1 in 0.174 seconds
[0m23:46:20.322794 [debug] [ThreadPool]: Acquiring new snowflake connection 'list_HEALTHCARE_DB_SLIVER_SILVER'
[0m23:46:20.339325 [debug] [ThreadPool]: Using snowflake connection "list_HEALTHCARE_DB_SLIVER_SILVER"
[0m23:46:20.339791 [debug] [ThreadPool]: On list_HEALTHCARE_DB_SLIVER_SILVER: show objects in HEALTHCARE_DB.SLIVER_SILVER
    limit 10000
    

/* {"app": "dbt", "dbt_version": "1.12.3", "profile_name": "healthcare_dbt", "target_name": "dev", "connection_name": "list_HEALTHCARE_DB_SLIVER_SILVER"} */;
[0m23:46:20.340148 [debug] [ThreadPool]: Opening a new connection, currently in state init
[0m23:46:21.340094 [debug] [ThreadPool]: SQL status: SUCCESS 0 in 1.000 seconds
[0m23:46:21.347290 [debug] [ThreadPool]: Using snowflake connection "list_HEALTHCARE_DB_SLIVER_SILVER"
[0m23:46:21.347708 [debug] [ThreadPool]: On list_HEALTHCARE_DB_SLIVER_SILVER: show user functions in HEALTHCARE_DB.SLIVER_SILVER
/* {"app": "dbt", "dbt_version": "1.12.3", "profile_name": "healthcare_dbt", "target_name": "dev", "connection_name": "list_HEALTHCARE_DB_SLIVER_SILVER"} */
[0m23:46:21.649395 [debug] [ThreadPool]: SQL status: SUCCESS 0 in 0.301 seconds
[0m23:46:21.652539 [debug] [MainThread]: Sending event: {'category': 'dbt', 'action': 'runnable_timing', 'label': '7982d076-1c18-4a36-8fa7-bcf3a166c586', 'context': [<snowplow_tracker.self_describing_json.SelfDescribingJson object at 0x000001E4F6FE6000>]}
[0m23:46:21.658982 [debug] [Thread-2 (]: Began running node model.healthcare_dbt.stg_healthcare
[0m23:46:21.660592 [info ] [Thread-2 (]: 1 of 1 START sql table model SLIVER_SILVER.stg_healthcare ...................... [RUN]
[0m23:46:21.662127 [debug] [Thread-2 (]: Acquiring new snowflake connection 'model.healthcare_dbt.stg_healthcare'
[0m23:46:21.662668 [debug] [Thread-2 (]: Began compiling node model.healthcare_dbt.stg_healthcare
[0m23:46:21.668939 [debug] [Thread-2 (]: Writing injected SQL for node "model.healthcare_dbt.stg_healthcare"
[0m23:46:21.670436 [debug] [Thread-2 (]: Began executing node model.healthcare_dbt.stg_healthcare
[0m23:46:21.707318 [debug] [Thread-2 (]: Writing runtime sql for node "model.healthcare_dbt.stg_healthcare"
[0m23:46:21.710694 [debug] [Thread-2 (]: Using snowflake connection "model.healthcare_dbt.stg_healthcare"
[0m23:46:21.711220 [debug] [Thread-2 (]: On model.healthcare_dbt.stg_healthcare: create or replace transient table HEALTHCARE_DB.SLIVER_SILVER.stg_healthcare
    
    
    
    
    

    as (WITH source AS (
    SELECT * FROM HEALTHCARE_DB.BRONZE.RAW_DATA
),

cleaned AS (
    SELECT
        -- IDs
        CAST(patient_id AS INT)                        AS patient_id,

        -- Dates
        CAST(visit_date AS DATE)                       AS visit_date,
        YEAR(CAST(visit_date AS DATE))                 AS visit_year,
        MONTH(CAST(visit_date AS DATE))                AS visit_month,
        MONTHNAME(CAST(visit_date AS DATE))            AS visit_month_name,
        QUARTER(CAST(visit_date AS DATE))              AS visit_quarter,
        DAYNAME(CAST(visit_date AS DATE))              AS visit_day_name,

        -- Clean text columns
        UPPER(TRIM(age_group))                         AS age_group,
        CASE
            WHEN UPPER(TRIM(gender)) NOT IN ('MALE','FEMALE')
            THEN 'UNKNOWN'
            ELSE UPPER(TRIM(gender))
        END                                            AS gender,
        UPPER(TRIM(region))                            AS region,
        UPPER(TRIM(department))                        AS department,
        UPPER(TRIM(treatment_type))                    AS treatment_type,
        UPPER(TRIM(visit_type))                        AS visit_type,

        -- Numeric columns
        ROUND(COALESCE(
            TRY_CAST(length_of_stay_days AS FLOAT), 0), 2)
                                                       AS length_of_stay_days,
        ROUND(COALESCE(
            TRY_CAST(treatment_cost AS FLOAT),
            AVG(TRY_CAST(treatment_cost AS FLOAT))
                OVER()), 2)                            AS treatment_cost,
        ROUND(COALESCE(
            TRY_CAST(recovery_score AS FLOAT),
            MEDIAN(TRY_CAST(recovery_score AS FLOAT))
                OVER()), 2)                            AS recovery_score,
        ROUND(COALESCE(
            TRY_CAST(readmission_risk AS FLOAT), 0), 2)
                                                       AS readmission_risk,

        -- Derived columns
        CASE
            WHEN TRY_CAST(readmission_risk AS FLOAT) > 0.3
            THEN 'HIGH'
            ELSE 'LOW'
        END                                            AS risk_category,

        CASE
            WHEN TRY_CAST(treatment_cost AS FLOAT) < 20000  THEN 'LOW'
            WHEN TRY_CAST(treatment_cost AS FLOAT) < 50000  THEN 'MEDIUM'
            WHEN TRY_CAST(treatment_cost AS FLOAT) < 100000 THEN 'HIGH'
            ELSE 'VERY HIGH'
        END                                            AS cost_bucket

    FROM source
    WHERE patient_id IS NOT NULL
)

SELECT * FROM cleaned
    )

/* {"app": "dbt", "dbt_version": "1.12.3", "profile_name": "healthcare_dbt", "target_name": "dev", "node_id": "model.healthcare_dbt.stg_healthcare"} */;
[0m23:46:21.711638 [debug] [Thread-2 (]: Opening a new connection, currently in state init
[0m23:46:23.182213 [debug] [Thread-2 (]: SQL status: SUCCESS 100 in 1.470 seconds
[0m23:46:23.210311 [debug] [Thread-2 (]: Sending event: {'category': 'dbt', 'action': 'run_model', 'label': '7982d076-1c18-4a36-8fa7-bcf3a166c586', 'context': [<snowplow_tracker.self_describing_json.SelfDescribingJson object at 0x000001E4F6F7F4D0>]}
[0m23:46:23.211012 [info ] [Thread-2 (]: 1 of 1 OK created sql table model SLIVER_SILVER.stg_healthcare ................. [[32mSUCCESS 100[0m in 1.55s]
[0m23:46:23.212320 [debug] [Thread-2 (]: Finished running node model.healthcare_dbt.stg_healthcare
[0m23:46:23.214217 [debug] [MainThread]: Connection 'master' was properly closed.
[0m23:46:23.214576 [debug] [MainThread]: Connection 'create_HEALTHCARE_DB_SLIVER_SILVER' was left open.
[0m23:46:23.214871 [debug] [MainThread]: On create_HEALTHCARE_DB_SLIVER_SILVER: Close
[0m23:46:23.492566 [debug] [MainThread]: Connection 'list_HEALTHCARE_DB_SLIVER_SILVER' was left open.
[0m23:46:23.493580 [debug] [MainThread]: On list_HEALTHCARE_DB_SLIVER_SILVER: Close
[0m23:46:23.743595 [debug] [MainThread]: Connection 'model.healthcare_dbt.stg_healthcare' was left open.
[0m23:46:23.745833 [debug] [MainThread]: On model.healthcare_dbt.stg_healthcare: Close
[0m23:46:24.037893 [info ] [MainThread]: 
[0m23:46:24.038619 [info ] [MainThread]: Finished running 1 table model in 0 hours 0 minutes and 5.08 seconds (5.08s).
[0m23:46:24.039865 [debug] [MainThread]: Command end result
[0m23:46:24.081934 [debug] [MainThread]: Wrote artifact WritableManifest to D:\DE Matrials\Projects\DE Projects\FirstProject_DBT_AIRFLOW_SNOWFLAKE_FIVETRAN\healthcare_dbt\target\manifest.json
[0m23:46:24.086015 [debug] [MainThread]: Wrote artifact SemanticManifest to D:\DE Matrials\Projects\DE Projects\FirstProject_DBT_AIRFLOW_SNOWFLAKE_FIVETRAN\healthcare_dbt\target\semantic_manifest.json
[0m23:46:24.090386 [debug] [MainThread]: Wrote artifact OsiDocument to D:\DE Matrials\Projects\DE Projects\FirstProject_DBT_AIRFLOW_SNOWFLAKE_FIVETRAN\healthcare_dbt\target\osi_document.json
[0m23:46:24.098839 [debug] [MainThread]: Wrote artifact RunExecutionResult to D:\DE Matrials\Projects\DE Projects\FirstProject_DBT_AIRFLOW_SNOWFLAKE_FIVETRAN\healthcare_dbt\target\run_results.json
[0m23:46:24.099255 [info ] [MainThread]: 
[0m23:46:24.099912 [info ] [MainThread]: [32mCompleted successfully[0m
[0m23:46:24.100548 [info ] [MainThread]: 
[0m23:46:24.101167 [info ] [MainThread]: Done. PASS=1 WARN=0 ERROR=0 SKIP=0 NO-OP=0 REUSED=0 TOTAL=1
[0m23:46:24.102554 [debug] [MainThread]: Command `dbt run` succeeded at 23:46:24.102352 after 7.15 seconds
[0m23:46:24.103060 [debug] [MainThread]: Sending event: {'category': 'dbt', 'action': 'invocation', 'label': 'end', 'context': [<snowplow_tracker.self_describing_json.SelfDescribingJson object at 0x000001E4F68ABA10>, <snowplow_tracker.self_describing_json.SelfDescribingJson object at 0x000001E4DE40DEF0>, <snowplow_tracker.self_describing_json.SelfDescribingJson object at 0x000001E4F63420D0>]}
[0m23:46:24.103645 [debug] [MainThread]: Flushing usage events
[0m23:46:26.192417 [debug] [MainThread]: An error was encountered while trying to flush usage events
[0m23:51:34.039460 [debug] [MainThread]: Sending event: {'category': 'dbt', 'action': 'invocation', 'label': 'start', 'context': [<snowplow_tracker.self_describing_json.SelfDescribingJson object at 0x000001C9686417F0>, <snowplow_tracker.self_describing_json.SelfDescribingJson object at 0x000001C965EC5090>, <snowplow_tracker.self_describing_json.SelfDescribingJson object at 0x000001C96AEF3C50>]}


============================== 23:51:34.045771 | 8298e618-205d-4315-8821-1ae557a1cb07 ==============================
[0m23:51:34.045771 [info ] [MainThread]: Running with dbt=1.12.3
[0m23:51:34.047047 [debug] [MainThread]: running dbt with arguments {'maximum_seed_size_mib': '1', 'no_print': 'None', 'version_check': 'True', 'target_path': 'None', 'static_parser': 'True', 'warn_error_options': 'WarnErrorOptionsV2(error=[], warn=[], silence=[])', 'printer_width': '80', 'write_json': 'True', 'empty': 'None', 'log_cache_events': 'False', 'introspect': 'True', 'cache_selected_only': 'False', 'fail_fast': 'False', 'debug': 'False', 'log_format': 'default', 'partial_parse': 'True', 'send_anonymous_usage_stats': 'True', 'quiet': 'False', 'warn_error': 'None', 'profiles_dir': 'D:\\DE Matrials\\Projects\\DE Projects\\FirstProject_DBT_AIRFLOW_SNOWFLAKE_FIVETRAN\\healthcare_dbt', 'indirect_selection': 'eager', 'hints_enabled': 'True', 'use_colors': 'True', 'use_experimental_parser': 'False', 'invocation_command': 'dbt debug', 'log_path': 'D:\\DE Matrials\\Projects\\DE Projects\\FirstProject_DBT_AIRFLOW_SNOWFLAKE_FIVETRAN\\healthcare_dbt\\logs'}
[0m23:51:34.072456 [info ] [MainThread]: dbt version: 1.12.3
[0m23:51:34.073152 [info ] [MainThread]: python version: 3.14.3
[0m23:51:34.073906 [info ] [MainThread]: python path: C:\Users\sugap\AppData\Local\Programs\Python\Python314\python.exe
[0m23:51:34.074528 [info ] [MainThread]: os info: Windows-11-10.0.26200-SP0
[0m23:51:35.347046 [debug] [MainThread]: Snowflake adapter: Setting snowflake.connector to ERROR (file logging only)
[0m23:51:35.347637 [debug] [MainThread]: Snowflake adapter: Setting botocore to ERROR (file logging only)
[0m23:51:35.348029 [debug] [MainThread]: Snowflake adapter: Setting boto3 to ERROR (file logging only)
[0m23:51:35.493162 [info ] [MainThread]: Using profiles dir at D:\DE Matrials\Projects\DE Projects\FirstProject_DBT_AIRFLOW_SNOWFLAKE_FIVETRAN\healthcare_dbt
[0m23:51:35.493889 [info ] [MainThread]: Using profiles.yml file at D:\DE Matrials\Projects\DE Projects\FirstProject_DBT_AIRFLOW_SNOWFLAKE_FIVETRAN\healthcare_dbt\profiles.yml
[0m23:51:35.494537 [info ] [MainThread]: Using dbt_project.yml file at D:\DE Matrials\Projects\DE Projects\FirstProject_DBT_AIRFLOW_SNOWFLAKE_FIVETRAN\healthcare_dbt\dbt_project.yml
[0m23:51:35.495771 [info ] [MainThread]: adapter type: snowflake
[0m23:51:35.496410 [info ] [MainThread]: adapter version: 1.12.0
[0m23:51:35.655640 [info ] [MainThread]: Configuration:
[0m23:51:35.656457 [info ] [MainThread]:   profiles.yml file [[32mOK found and valid[0m]
[0m23:51:35.657287 [info ] [MainThread]:   dbt_project.yml file [[32mOK found and valid[0m]
[0m23:51:35.657874 [info ] [MainThread]: Required dependencies:
[0m23:51:35.658533 [debug] [MainThread]: Executing "git --help"
[0m23:51:35.810621 [debug] [MainThread]: STDOUT: "b"usage: git [-v | --version] [-h | --help] [-C <path>] [-c <name>=<value>]\n           [--exec-path[=<path>]] [--html-path] [--man-path] [--info-path]\n           [-p | --paginate | -P | --no-pager] [--no-replace-objects] [--bare]\n           [--git-dir=<path>] [--work-tree=<path>] [--namespace=<name>]\n           [--config-env=<name>=<envvar>] <command> [<args>]\n\nThese are common Git commands used in various situations:\n\nstart a working area (see also: git help tutorial)\n   clone     Clone a repository into a new directory\n   init      Create an empty Git repository or reinitialize an existing one\n\nwork on the current change (see also: git help everyday)\n   add       Add file contents to the index\n   mv        Move or rename a file, a directory, or a symlink\n   restore   Restore working tree files\n   rm        Remove files from the working tree and from the index\n\nexamine the history and state (see also: git help revisions)\n   bisect    Use binary search to find the commit that introduced a bug\n   diff      Show changes between commits, commit and working tree, etc\n   grep      Print lines matching a pattern\n   log       Show commit logs\n   show      Show various types of objects\n   status    Show the working tree status\n\ngrow, mark and tweak your common history\n   branch    List, create, or delete branches\n   commit    Record changes to the repository\n   merge     Join two or more development histories together\n   rebase    Reapply commits on top of another base tip\n   reset     Reset current HEAD to the specified state\n   switch    Switch branches\n   tag       Create, list, delete or verify a tag object signed with GPG\n\ncollaborate (see also: git help workflows)\n   fetch     Download objects and refs from another repository\n   pull      Fetch from and integrate with another repository or a local branch\n   push      Update remote refs along with associated objects\n\n'git help -a' and 'git help -g' list available subcommands and some\nconcept guides. See 'git help <command>' or 'git help <concept>'\nto read about a specific subcommand or concept.\nSee 'git help git' for an overview of the system.\n""
[0m23:51:35.811203 [debug] [MainThread]: STDERR: "b''"
[0m23:51:35.811656 [info ] [MainThread]:  - git [[32mOK found[0m]

[0m23:51:35.812124 [info ] [MainThread]: Connection:
[0m23:51:35.812703 [info ] [MainThread]:   account: HYPPNSV-YC37243
[0m23:51:35.813734 [info ] [MainThread]:   user: DBT_USER
[0m23:51:35.814562 [info ] [MainThread]:   database: HEALTHCARE_DB
[0m23:51:35.815303 [info ] [MainThread]:   warehouse: HEALTHCARE_WH
[0m23:51:35.815915 [info ] [MainThread]:   role: DBT_ROLE
[0m23:51:35.816462 [info ] [MainThread]:   schema: SLIVER
[0m23:51:35.816883 [info ] [MainThread]:   authenticator: None
[0m23:51:35.817549 [info ] [MainThread]:   oauth_client_id: None
[0m23:51:35.818284 [info ] [MainThread]:   query_tag: None
[0m23:51:35.818837 [info ] [MainThread]:   client_session_keep_alive: False
[0m23:51:35.819345 [info ] [MainThread]:   host: None
[0m23:51:35.819899 [info ] [MainThread]:   port: None
[0m23:51:35.820784 [info ] [MainThread]:   proxy_host: None
[0m23:51:35.821208 [info ] [MainThread]:   proxy_port: None
[0m23:51:35.821583 [info ] [MainThread]:   protocol: None
[0m23:51:35.822211 [info ] [MainThread]:   connect_retries: 1
[0m23:51:35.822740 [info ] [MainThread]:   connect_timeout: None
[0m23:51:35.823183 [info ] [MainThread]:   retry_on_database_errors: False
[0m23:51:35.823779 [info ] [MainThread]:   retry_all: False
[0m23:51:35.824173 [info ] [MainThread]:   insecure_mode: False
[0m23:51:35.824538 [info ] [MainThread]:   reuse_connections: True
[0m23:51:35.824881 [info ] [MainThread]:   s3_stage_vpce_dns_name: None
[0m23:51:35.825254 [info ] [MainThread]:   workload_identity_provider: None
[0m23:51:35.825662 [info ] [MainThread]:   workload_identity_entra_resource: None
[0m23:51:35.826481 [info ] [MainThread]:   platform_detection_timeout_seconds: 0.0
[0m23:51:35.827312 [info ] [MainThread]: Registered adapter: snowflake=1.12.0
[0m23:51:36.289868 [debug] [MainThread]: Acquiring new snowflake connection 'debug'
[0m23:51:36.292497 [debug] [MainThread]: Using snowflake connection "debug"
[0m23:51:36.292868 [debug] [MainThread]: On debug: select 1 as id
[0m23:51:36.293124 [debug] [MainThread]: Opening a new connection, currently in state init
[0m23:51:37.654666 [debug] [MainThread]: SQL status: SUCCESS 1 in 1.361 seconds
[0m23:51:37.656942 [info ] [MainThread]:   Connection test: [[32mOK connection ok[0m]

[0m23:51:37.658056 [info ] [MainThread]: [32mAll checks passed![0m
[0m23:51:37.659626 [debug] [MainThread]: Command `dbt debug` succeeded at 23:51:37.659433 after 3.84 seconds
[0m23:51:37.660086 [debug] [MainThread]: Connection 'debug' was left open.
[0m23:51:37.660389 [debug] [MainThread]: On debug: Close
[0m23:51:37.978058 [debug] [MainThread]: Sending event: {'category': 'dbt', 'action': 'invocation', 'label': 'end', 'context': [<snowplow_tracker.self_describing_json.SelfDescribingJson object at 0x000001C97D20CC30>, <snowplow_tracker.self_describing_json.SelfDescribingJson object at 0x000001C965BDDB50>, <snowplow_tracker.self_describing_json.SelfDescribingJson object at 0x000001C97CEA1370>]}
[0m23:51:37.978759 [debug] [MainThread]: Flushing usage events
[0m23:51:39.938579 [debug] [MainThread]: An error was encountered while trying to flush usage events
[0m23:52:39.416687 [debug] [MainThread]: Sending event: {'category': 'dbt', 'action': 'invocation', 'label': 'start', 'context': [<snowplow_tracker.self_describing_json.SelfDescribingJson object at 0x0000021AD5F617F0>, <snowplow_tracker.self_describing_json.SelfDescribingJson object at 0x0000021AD380CF50>, <snowplow_tracker.self_describing_json.SelfDescribingJson object at 0x0000021AD88979D0>]}


============================== 23:52:39.421255 | 6a599a5e-5d88-4a06-855d-a2f647375814 ==============================
[0m23:52:39.421255 [info ] [MainThread]: Running with dbt=1.12.3
[0m23:52:39.422004 [debug] [MainThread]: running dbt with arguments {'maximum_seed_size_mib': '1', 'no_print': 'None', 'version_check': 'True', 'warn_error_options': 'WarnErrorOptionsV2(error=[], warn=[], silence=[])', 'target_path': 'None', 'static_parser': 'True', 'printer_width': '80', 'write_json': 'True', 'empty': 'False', 'log_cache_events': 'False', 'introspect': 'True', 'cache_selected_only': 'False', 'fail_fast': 'False', 'debug': 'False', 'log_format': 'default', 'profiles_dir': 'D:\\DE Matrials\\Projects\\DE Projects\\FirstProject_DBT_AIRFLOW_SNOWFLAKE_FIVETRAN\\healthcare_dbt', 'send_anonymous_usage_stats': 'True', 'quiet': 'False', 'warn_error': 'None', 'partial_parse': 'True', 'indirect_selection': 'eager', 'hints_enabled': 'True', 'use_colors': 'True', 'use_experimental_parser': 'False', 'invocation_command': 'dbt run', 'log_path': 'D:\\DE Matrials\\Projects\\DE Projects\\FirstProject_DBT_AIRFLOW_SNOWFLAKE_FIVETRAN\\healthcare_dbt\\logs'}
[0m23:52:40.077471 [debug] [MainThread]: Snowflake adapter: Setting snowflake.connector to ERROR (file logging only)
[0m23:52:40.077951 [debug] [MainThread]: Snowflake adapter: Setting botocore to ERROR (file logging only)
[0m23:52:40.078264 [debug] [MainThread]: Snowflake adapter: Setting boto3 to ERROR (file logging only)
[0m23:52:40.445618 [debug] [MainThread]: Sending event: {'category': 'dbt', 'action': 'project_id', 'label': '6a599a5e-5d88-4a06-855d-a2f647375814', 'context': [<snowplow_tracker.self_describing_json.SelfDescribingJson object at 0x0000021AE701B100>]}
[0m23:52:40.519954 [debug] [MainThread]: Sending event: {'category': 'dbt', 'action': 'adapter_info', 'label': '6a599a5e-5d88-4a06-855d-a2f647375814', 'context': [<snowplow_tracker.self_describing_json.SelfDescribingJson object at 0x0000021AD6B788D0>]}
[0m23:52:40.521360 [info ] [MainThread]: Registered adapter: snowflake=1.12.0
[0m23:52:40.973901 [debug] [MainThread]: checksum: cd11ddf55c3f57c7cf223dea061db390e40f8619709a911fb3f7b2e110e1d310, vars: {}, profile: healthcare_dbt, target: dev, version: 1.12.3
[0m23:52:41.138742 [debug] [MainThread]: Partial parsing enabled: 0 files deleted, 0 files added, 0 files changed.
[0m23:52:41.139146 [debug] [MainThread]: Nothing changed, skipping partial parsing.
[0m23:52:41.139401 [debug] [MainThread]: Partial parsing enabled, no changes found, skipping parsing
[0m23:52:41.144487 [warn ] [MainThread]: [[33mWARNING[0m]: Configuration paths exist in your dbt_project.yml file which do not apply to any resources.
There are 1 unused configuration paths:
- models.healthcare_dbt.gold
[0m23:52:41.149798 [debug] [MainThread]: Sending event: {'category': 'dbt', 'action': 'load_project', 'label': '6a599a5e-5d88-4a06-855d-a2f647375814', 'context': [<snowplow_tracker.self_describing_json.SelfDescribingJson object at 0x0000021AEAD9A350>]}
[0m23:52:41.270573 [debug] [MainThread]: Wrote artifact WritableManifest to D:\DE Matrials\Projects\DE Projects\FirstProject_DBT_AIRFLOW_SNOWFLAKE_FIVETRAN\healthcare_dbt\target\manifest.json
[0m23:52:41.276583 [debug] [MainThread]: Wrote artifact SemanticManifest to D:\DE Matrials\Projects\DE Projects\FirstProject_DBT_AIRFLOW_SNOWFLAKE_FIVETRAN\healthcare_dbt\target\semantic_manifest.json
[0m23:52:41.311849 [debug] [MainThread]: Wrote artifact OsiDocument to D:\DE Matrials\Projects\DE Projects\FirstProject_DBT_AIRFLOW_SNOWFLAKE_FIVETRAN\healthcare_dbt\target\osi_document.json
[0m23:52:41.324675 [debug] [MainThread]: Sending event: {'category': 'dbt', 'action': 'resource_counts', 'label': '6a599a5e-5d88-4a06-855d-a2f647375814', 'context': [<snowplow_tracker.self_describing_json.SelfDescribingJson object at 0x0000021AEAE787D0>]}
[0m23:52:41.325171 [info ] [MainThread]: Found 1 model, 1 source, 545 macros
[0m23:52:41.326106 [debug] [MainThread]: Sending event: {'category': 'dbt', 'action': 'runnable_timing', 'label': '6a599a5e-5d88-4a06-855d-a2f647375814', 'context': [<snowplow_tracker.self_describing_json.SelfDescribingJson object at 0x0000021AEAE57BD0>]}
[0m23:52:41.328257 [info ] [MainThread]: 
[0m23:52:41.328992 [info ] [MainThread]: Concurrency: 4 threads (target='dev')
[0m23:52:41.329670 [info ] [MainThread]: 
[0m23:52:41.330444 [debug] [MainThread]: Acquiring new snowflake connection 'master'
[0m23:52:41.331614 [debug] [ThreadPool]: Acquiring new snowflake connection 'list_HEALTHCARE_DB'
[0m23:52:41.348675 [debug] [ThreadPool]: Using snowflake connection "list_HEALTHCARE_DB"
[0m23:52:41.349069 [debug] [ThreadPool]: On list_HEALTHCARE_DB: show terse schemas in database HEALTHCARE_DB
    limit 10000
/* {"app": "dbt", "dbt_version": "1.12.3", "profile_name": "healthcare_dbt", "target_name": "dev", "connection_name": "list_HEALTHCARE_DB"} */
[0m23:52:41.349326 [debug] [ThreadPool]: Opening a new connection, currently in state init
[0m23:52:42.612913 [debug] [ThreadPool]: SQL status: SUCCESS 4 in 1.263 seconds
[0m23:52:42.617995 [debug] [ThreadPool]: Re-using an available connection from the pool (formerly list_HEALTHCARE_DB, now create_HEALTHCARE_DB_SLIVER_SILVER)
[0m23:52:42.618957 [debug] [ThreadPool]: Creating schema "database: "HEALTHCARE_DB"
schema: "SLIVER_SILVER"
"
[0m23:52:42.624350 [debug] [ThreadPool]: Using snowflake connection "create_HEALTHCARE_DB_SLIVER_SILVER"
[0m23:52:42.624718 [debug] [ThreadPool]: On create_HEALTHCARE_DB_SLIVER_SILVER: create schema if not exists HEALTHCARE_DB.SLIVER_SILVER
/* {"app": "dbt", "dbt_version": "1.12.3", "profile_name": "healthcare_dbt", "target_name": "dev", "connection_name": "create_HEALTHCARE_DB_SLIVER_SILVER"} */
[0m23:52:42.889132 [debug] [ThreadPool]: SQL status: SUCCESS 1 in 0.264 seconds
[0m23:52:42.892102 [debug] [ThreadPool]: Acquiring new snowflake connection 'list_HEALTHCARE_DB_SLIVER_SILVER'
[0m23:52:42.906457 [debug] [ThreadPool]: Using snowflake connection "list_HEALTHCARE_DB_SLIVER_SILVER"
[0m23:52:42.906852 [debug] [ThreadPool]: On list_HEALTHCARE_DB_SLIVER_SILVER: show objects in HEALTHCARE_DB.SLIVER_SILVER
    limit 10000
    

/* {"app": "dbt", "dbt_version": "1.12.3", "profile_name": "healthcare_dbt", "target_name": "dev", "connection_name": "list_HEALTHCARE_DB_SLIVER_SILVER"} */;
[0m23:52:42.907119 [debug] [ThreadPool]: Opening a new connection, currently in state init
[0m23:52:43.600273 [debug] [ThreadPool]: SQL status: SUCCESS 0 in 0.693 seconds
[0m23:52:43.609553 [debug] [ThreadPool]: Using snowflake connection "list_HEALTHCARE_DB_SLIVER_SILVER"
[0m23:52:43.609984 [debug] [ThreadPool]: On list_HEALTHCARE_DB_SLIVER_SILVER: show user functions in HEALTHCARE_DB.SLIVER_SILVER
/* {"app": "dbt", "dbt_version": "1.12.3", "profile_name": "healthcare_dbt", "target_name": "dev", "connection_name": "list_HEALTHCARE_DB_SLIVER_SILVER"} */
[0m23:52:43.804032 [debug] [ThreadPool]: SQL status: SUCCESS 0 in 0.194 seconds
[0m23:52:43.807367 [debug] [MainThread]: Sending event: {'category': 'dbt', 'action': 'runnable_timing', 'label': '6a599a5e-5d88-4a06-855d-a2f647375814', 'context': [<snowplow_tracker.self_describing_json.SelfDescribingJson object at 0x0000021AEAFCA000>]}
[0m23:52:43.813950 [debug] [Thread-2 (]: Began running node model.healthcare_dbt.stg_healthcare
[0m23:52:43.814587 [info ] [Thread-2 (]: 1 of 1 START sql table model SLIVER_SILVER.stg_healthcare ...................... [RUN]
[0m23:52:43.815355 [debug] [Thread-2 (]: Acquiring new snowflake connection 'model.healthcare_dbt.stg_healthcare'
[0m23:52:43.815887 [debug] [Thread-2 (]: Began compiling node model.healthcare_dbt.stg_healthcare
[0m23:52:43.822131 [debug] [Thread-2 (]: Writing injected SQL for node "model.healthcare_dbt.stg_healthcare"
[0m23:52:43.824050 [debug] [Thread-2 (]: Began executing node model.healthcare_dbt.stg_healthcare
[0m23:52:43.861832 [debug] [Thread-2 (]: Writing runtime sql for node "model.healthcare_dbt.stg_healthcare"
[0m23:52:43.865304 [debug] [Thread-2 (]: Using snowflake connection "model.healthcare_dbt.stg_healthcare"
[0m23:52:43.865793 [debug] [Thread-2 (]: On model.healthcare_dbt.stg_healthcare: create or replace transient table HEALTHCARE_DB.SLIVER_SILVER.stg_healthcare
    
    
    
    
    

    as (WITH source AS (
    SELECT * FROM HEALTHCARE_DB.BRONZE.RAW_DATA
),

cleaned AS (
    SELECT
        -- IDs
        CAST(patient_id AS INT)                        AS patient_id,

        -- Dates
        CAST(visit_date AS DATE)                       AS visit_date,
        YEAR(CAST(visit_date AS DATE))                 AS visit_year,
        MONTH(CAST(visit_date AS DATE))                AS visit_month,
        MONTHNAME(CAST(visit_date AS DATE))            AS visit_month_name,
        QUARTER(CAST(visit_date AS DATE))              AS visit_quarter,
        DAYNAME(CAST(visit_date AS DATE))              AS visit_day_name,

        -- Clean text columns
        UPPER(TRIM(age_group))                         AS age_group,
        CASE
            WHEN UPPER(TRIM(gender)) NOT IN ('MALE','FEMALE')
            THEN 'UNKNOWN'
            ELSE UPPER(TRIM(gender))
        END                                            AS gender,
        UPPER(TRIM(region))                            AS region,
        UPPER(TRIM(department))                        AS department,
        UPPER(TRIM(treatment_type))                    AS treatment_type,
        UPPER(TRIM(visit_type))                        AS visit_type,

        -- Numeric columns
        ROUND(COALESCE(
            TRY_CAST(length_of_stay_days AS FLOAT), 0), 2)
                                                       AS length_of_stay_days,
        ROUND(COALESCE(
            TRY_CAST(treatment_cost AS FLOAT),
            AVG(TRY_CAST(treatment_cost AS FLOAT))
                OVER()), 2)                            AS treatment_cost,
        ROUND(COALESCE(
            TRY_CAST(recovery_score AS FLOAT),
            MEDIAN(TRY_CAST(recovery_score AS FLOAT))
                OVER()), 2)                            AS recovery_score,
        ROUND(COALESCE(
            TRY_CAST(readmission_risk AS FLOAT), 0), 2)
                                                       AS readmission_risk,

        -- Derived columns
        CASE
            WHEN TRY_CAST(readmission_risk AS FLOAT) > 0.3
            THEN 'HIGH'
            ELSE 'LOW'
        END                                            AS risk_category,

        CASE
            WHEN TRY_CAST(treatment_cost AS FLOAT) < 20000  THEN 'LOW'
            WHEN TRY_CAST(treatment_cost AS FLOAT) < 50000  THEN 'MEDIUM'
            WHEN TRY_CAST(treatment_cost AS FLOAT) < 100000 THEN 'HIGH'
            ELSE 'VERY HIGH'
        END                                            AS cost_bucket

    FROM source
    WHERE patient_id IS NOT NULL
)

SELECT * FROM cleaned
    )

/* {"app": "dbt", "dbt_version": "1.12.3", "profile_name": "healthcare_dbt", "target_name": "dev", "node_id": "model.healthcare_dbt.stg_healthcare"} */;
[0m23:52:43.866210 [debug] [Thread-2 (]: Opening a new connection, currently in state init
[0m23:52:45.582060 [debug] [Thread-2 (]: SQL status: SUCCESS 100 in 1.716 seconds
[0m23:52:45.613641 [debug] [Thread-2 (]: Sending event: {'category': 'dbt', 'action': 'run_model', 'label': '6a599a5e-5d88-4a06-855d-a2f647375814', 'context': [<snowplow_tracker.self_describing_json.SelfDescribingJson object at 0x0000021AEAF5B4D0>]}
[0m23:52:45.614433 [info ] [Thread-2 (]: 1 of 1 OK created sql table model SLIVER_SILVER.stg_healthcare ................. [[32mSUCCESS 100[0m in 1.80s]
[0m23:52:45.615499 [debug] [Thread-2 (]: Finished running node model.healthcare_dbt.stg_healthcare
[0m23:52:45.617522 [debug] [MainThread]: Connection 'master' was properly closed.
[0m23:52:45.617998 [debug] [MainThread]: Connection 'create_HEALTHCARE_DB_SLIVER_SILVER' was left open.
[0m23:52:45.618354 [debug] [MainThread]: On create_HEALTHCARE_DB_SLIVER_SILVER: Close
[0m23:52:45.867006 [debug] [MainThread]: Connection 'list_HEALTHCARE_DB_SLIVER_SILVER' was left open.
[0m23:52:45.867687 [debug] [MainThread]: On list_HEALTHCARE_DB_SLIVER_SILVER: Close
[0m23:52:46.096699 [debug] [MainThread]: Connection 'model.healthcare_dbt.stg_healthcare' was left open.
[0m23:52:46.097564 [debug] [MainThread]: On model.healthcare_dbt.stg_healthcare: Close
[0m23:52:46.363497 [info ] [MainThread]: 
[0m23:52:46.364249 [info ] [MainThread]: Finished running 1 table model in 0 hours 0 minutes and 5.03 seconds (5.03s).
[0m23:52:46.365672 [debug] [MainThread]: Command end result
[0m23:52:46.405597 [debug] [MainThread]: Wrote artifact WritableManifest to D:\DE Matrials\Projects\DE Projects\FirstProject_DBT_AIRFLOW_SNOWFLAKE_FIVETRAN\healthcare_dbt\target\manifest.json
[0m23:52:46.409849 [debug] [MainThread]: Wrote artifact SemanticManifest to D:\DE Matrials\Projects\DE Projects\FirstProject_DBT_AIRFLOW_SNOWFLAKE_FIVETRAN\healthcare_dbt\target\semantic_manifest.json
[0m23:52:46.413808 [debug] [MainThread]: Wrote artifact OsiDocument to D:\DE Matrials\Projects\DE Projects\FirstProject_DBT_AIRFLOW_SNOWFLAKE_FIVETRAN\healthcare_dbt\target\osi_document.json
[0m23:52:46.424506 [debug] [MainThread]: Wrote artifact RunExecutionResult to D:\DE Matrials\Projects\DE Projects\FirstProject_DBT_AIRFLOW_SNOWFLAKE_FIVETRAN\healthcare_dbt\target\run_results.json
[0m23:52:46.424931 [info ] [MainThread]: 
[0m23:52:46.425512 [info ] [MainThread]: [32mCompleted successfully[0m
[0m23:52:46.426184 [info ] [MainThread]: 
[0m23:52:46.426792 [info ] [MainThread]: Done. PASS=1 WARN=0 ERROR=0 SKIP=0 NO-OP=0 REUSED=0 TOTAL=1
[0m23:52:46.428146 [debug] [MainThread]: Command `dbt run` succeeded at 23:52:46.427963 after 7.21 seconds
[0m23:52:46.428648 [debug] [MainThread]: Sending event: {'category': 'dbt', 'action': 'invocation', 'label': 'end', 'context': [<snowplow_tracker.self_describing_json.SelfDescribingJson object at 0x0000021AEA7F7D80>, <snowplow_tracker.self_describing_json.SelfDescribingJson object at 0x0000021AD244DEF0>, <snowplow_tracker.self_describing_json.SelfDescribingJson object at 0x0000021AEA31E0D0>]}
[0m23:52:46.429039 [debug] [MainThread]: Flushing usage events
[0m23:52:48.096329 [debug] [MainThread]: An error was encountered while trying to flush usage events
[0m23:54:23.850470 [debug] [MainThread]: Sending event: {'category': 'dbt', 'action': 'invocation', 'label': 'start', 'context': [<snowplow_tracker.self_describing_json.SelfDescribingJson object at 0x0000021BF74B17F0>, <snowplow_tracker.self_describing_json.SelfDescribingJson object at 0x0000021BF4D35090>, <snowplow_tracker.self_describing_json.SelfDescribingJson object at 0x0000021BF9DE79D0>]}


============================== 23:54:23.854904 | 097fda6e-a1f6-4254-867f-771ce38b7e7e ==============================
[0m23:54:23.854904 [info ] [MainThread]: Running with dbt=1.12.3
[0m23:54:23.855722 [debug] [MainThread]: running dbt with arguments {'maximum_seed_size_mib': '1', 'no_print': 'None', 'version_check': 'True', 'target_path': 'None', 'warn_error_options': 'WarnErrorOptionsV2(error=[], warn=[], silence=[])', 'static_parser': 'True', 'printer_width': '80', 'write_json': 'True', 'introspect': 'True', 'log_cache_events': 'False', 'empty': 'False', 'cache_selected_only': 'False', 'log_format': 'default', 'debug': 'False', 'fail_fast': 'False', 'profiles_dir': 'D:\\DE Matrials\\Projects\\DE Projects\\FirstProject_DBT_AIRFLOW_SNOWFLAKE_FIVETRAN\\healthcare_dbt', 'send_anonymous_usage_stats': 'True', 'quiet': 'False', 'warn_error': 'None', 'partial_parse': 'True', 'invocation_command': 'dbt run', 'hints_enabled': 'True', 'use_colors': 'True', 'use_experimental_parser': 'False', 'indirect_selection': 'eager', 'log_path': 'D:\\DE Matrials\\Projects\\DE Projects\\FirstProject_DBT_AIRFLOW_SNOWFLAKE_FIVETRAN\\healthcare_dbt\\logs'}
[0m23:54:24.557564 [debug] [MainThread]: Snowflake adapter: Setting snowflake.connector to ERROR (file logging only)
[0m23:54:24.558124 [debug] [MainThread]: Snowflake adapter: Setting botocore to ERROR (file logging only)
[0m23:54:24.558517 [debug] [MainThread]: Snowflake adapter: Setting boto3 to ERROR (file logging only)
[0m23:54:24.900631 [debug] [MainThread]: Sending event: {'category': 'dbt', 'action': 'project_id', 'label': '097fda6e-a1f6-4254-867f-771ce38b7e7e', 'context': [<snowplow_tracker.self_describing_json.SelfDescribingJson object at 0x0000021BFE657100>]}
[0m23:54:24.968451 [debug] [MainThread]: Sending event: {'category': 'dbt', 'action': 'adapter_info', 'label': '097fda6e-a1f6-4254-867f-771ce38b7e7e', 'context': [<snowplow_tracker.self_describing_json.SelfDescribingJson object at 0x0000021BF80C88D0>]}
[0m23:54:24.969576 [info ] [MainThread]: Registered adapter: snowflake=1.12.0
[0m23:54:25.441431 [debug] [MainThread]: checksum: cd11ddf55c3f57c7cf223dea061db390e40f8619709a911fb3f7b2e110e1d310, vars: {}, profile: healthcare_dbt, target: dev, version: 1.12.3
[0m23:54:25.595662 [debug] [MainThread]: Partial parsing enabled: 0 files deleted, 0 files added, 0 files changed.
[0m23:54:25.596078 [debug] [MainThread]: Nothing changed, skipping partial parsing.
[0m23:54:25.596353 [debug] [MainThread]: Partial parsing enabled, no changes found, skipping parsing
[0m23:54:25.603089 [warn ] [MainThread]: [[33mWARNING[0m]: Configuration paths exist in your dbt_project.yml file which do not apply to any resources.
There are 1 unused configuration paths:
- models.healthcare_dbt.gold
[0m23:54:25.609202 [debug] [MainThread]: Sending event: {'category': 'dbt', 'action': 'load_project', 'label': '097fda6e-a1f6-4254-867f-771ce38b7e7e', 'context': [<snowplow_tracker.self_describing_json.SelfDescribingJson object at 0x0000021B8C49A350>]}
[0m23:54:25.758962 [debug] [MainThread]: Wrote artifact WritableManifest to D:\DE Matrials\Projects\DE Projects\FirstProject_DBT_AIRFLOW_SNOWFLAKE_FIVETRAN\healthcare_dbt\target\manifest.json
[0m23:54:25.764882 [debug] [MainThread]: Wrote artifact SemanticManifest to D:\DE Matrials\Projects\DE Projects\FirstProject_DBT_AIRFLOW_SNOWFLAKE_FIVETRAN\healthcare_dbt\target\semantic_manifest.json
[0m23:54:25.787669 [debug] [MainThread]: Wrote artifact OsiDocument to D:\DE Matrials\Projects\DE Projects\FirstProject_DBT_AIRFLOW_SNOWFLAKE_FIVETRAN\healthcare_dbt\target\osi_document.json
[0m23:54:25.798994 [debug] [MainThread]: Sending event: {'category': 'dbt', 'action': 'resource_counts', 'label': '097fda6e-a1f6-4254-867f-771ce38b7e7e', 'context': [<snowplow_tracker.self_describing_json.SelfDescribingJson object at 0x0000021B8C5787D0>]}
[0m23:54:25.799560 [info ] [MainThread]: Found 1 model, 1 source, 545 macros
[0m23:54:25.800231 [debug] [MainThread]: Sending event: {'category': 'dbt', 'action': 'runnable_timing', 'label': '097fda6e-a1f6-4254-867f-771ce38b7e7e', 'context': [<snowplow_tracker.self_describing_json.SelfDescribingJson object at 0x0000021B8C557BD0>]}
[0m23:54:25.802667 [info ] [MainThread]: 
[0m23:54:25.803628 [info ] [MainThread]: Concurrency: 4 threads (target='dev')
[0m23:54:25.804353 [info ] [MainThread]: 
[0m23:54:25.805429 [debug] [MainThread]: Acquiring new snowflake connection 'master'
[0m23:54:25.807990 [debug] [ThreadPool]: Acquiring new snowflake connection 'list_HEALTHCARE_DB'
[0m23:54:25.827457 [debug] [ThreadPool]: Using snowflake connection "list_HEALTHCARE_DB"
[0m23:54:25.827902 [debug] [ThreadPool]: On list_HEALTHCARE_DB: show terse schemas in database HEALTHCARE_DB
    limit 10000
/* {"app": "dbt", "dbt_version": "1.12.3", "profile_name": "healthcare_dbt", "target_name": "dev", "connection_name": "list_HEALTHCARE_DB"} */
[0m23:54:25.828205 [debug] [ThreadPool]: Opening a new connection, currently in state init
[0m23:54:27.638233 [debug] [ThreadPool]: SQL status: SUCCESS 4 in 1.810 seconds
[0m23:54:27.640668 [debug] [ThreadPool]: Re-using an available connection from the pool (formerly list_HEALTHCARE_DB, now create_HEALTHCARE_DB_SLIVER_SILVER)
[0m23:54:27.641325 [debug] [ThreadPool]: Creating schema "database: "HEALTHCARE_DB"
schema: "SLIVER_SILVER"
"
[0m23:54:27.645165 [debug] [ThreadPool]: Using snowflake connection "create_HEALTHCARE_DB_SLIVER_SILVER"
[0m23:54:27.645549 [debug] [ThreadPool]: On create_HEALTHCARE_DB_SLIVER_SILVER: create schema if not exists HEALTHCARE_DB.SLIVER_SILVER
/* {"app": "dbt", "dbt_version": "1.12.3", "profile_name": "healthcare_dbt", "target_name": "dev", "connection_name": "create_HEALTHCARE_DB_SLIVER_SILVER"} */
[0m23:54:27.843296 [debug] [ThreadPool]: SQL status: SUCCESS 1 in 0.197 seconds
[0m23:54:27.847183 [debug] [ThreadPool]: Acquiring new snowflake connection 'list_HEALTHCARE_DB_SLIVER_SILVER'
[0m23:54:27.862534 [debug] [ThreadPool]: Using snowflake connection "list_HEALTHCARE_DB_SLIVER_SILVER"
[0m23:54:27.862938 [debug] [ThreadPool]: On list_HEALTHCARE_DB_SLIVER_SILVER: show objects in HEALTHCARE_DB.SLIVER_SILVER
    limit 10000
    

/* {"app": "dbt", "dbt_version": "1.12.3", "profile_name": "healthcare_dbt", "target_name": "dev", "connection_name": "list_HEALTHCARE_DB_SLIVER_SILVER"} */;
[0m23:54:27.863270 [debug] [ThreadPool]: Opening a new connection, currently in state init
[0m23:54:28.867100 [debug] [ThreadPool]: SQL status: SUCCESS 0 in 1.004 seconds
[0m23:54:28.874573 [debug] [ThreadPool]: Using snowflake connection "list_HEALTHCARE_DB_SLIVER_SILVER"
[0m23:54:28.875337 [debug] [ThreadPool]: On list_HEALTHCARE_DB_SLIVER_SILVER: show user functions in HEALTHCARE_DB.SLIVER_SILVER
/* {"app": "dbt", "dbt_version": "1.12.3", "profile_name": "healthcare_dbt", "target_name": "dev", "connection_name": "list_HEALTHCARE_DB_SLIVER_SILVER"} */
[0m23:54:29.073443 [debug] [ThreadPool]: SQL status: SUCCESS 0 in 0.198 seconds
[0m23:54:29.076075 [debug] [MainThread]: Sending event: {'category': 'dbt', 'action': 'runnable_timing', 'label': '097fda6e-a1f6-4254-867f-771ce38b7e7e', 'context': [<snowplow_tracker.self_describing_json.SelfDescribingJson object at 0x0000021B8C6CA000>]}
[0m23:54:29.080701 [debug] [Thread-2 (]: Began running node model.healthcare_dbt.stg_healthcare
[0m23:54:29.081598 [info ] [Thread-2 (]: 1 of 1 START sql table model SLIVER_SILVER.stg_healthcare ...................... [RUN]
[0m23:54:29.082594 [debug] [Thread-2 (]: Acquiring new snowflake connection 'model.healthcare_dbt.stg_healthcare'
[0m23:54:29.083084 [debug] [Thread-2 (]: Began compiling node model.healthcare_dbt.stg_healthcare
[0m23:54:29.090734 [debug] [Thread-2 (]: Writing injected SQL for node "model.healthcare_dbt.stg_healthcare"
[0m23:54:29.093508 [debug] [Thread-2 (]: Began executing node model.healthcare_dbt.stg_healthcare
[0m23:54:29.134344 [debug] [Thread-2 (]: Writing runtime sql for node "model.healthcare_dbt.stg_healthcare"
[0m23:54:29.137905 [debug] [Thread-2 (]: Using snowflake connection "model.healthcare_dbt.stg_healthcare"
[0m23:54:29.138705 [debug] [Thread-2 (]: On model.healthcare_dbt.stg_healthcare: create or replace transient table HEALTHCARE_DB.SLIVER_SILVER.stg_healthcare
    
    
    
    
    

    as (WITH source AS (
    SELECT * FROM HEALTHCARE_DB.BRONZE.RAW_DATA
),

cleaned AS (
    SELECT
        -- IDs
        CAST(patient_id AS INT)                        AS patient_id,

        -- Dates
        CAST(visit_date AS DATE)                       AS visit_date,
        YEAR(CAST(visit_date AS DATE))                 AS visit_year,
        MONTH(CAST(visit_date AS DATE))                AS visit_month,
        MONTHNAME(CAST(visit_date AS DATE))            AS visit_month_name,
        QUARTER(CAST(visit_date AS DATE))              AS visit_quarter,
        DAYNAME(CAST(visit_date AS DATE))              AS visit_day_name,

        -- Clean text columns
        UPPER(TRIM(age_group))                         AS age_group,
        CASE
            WHEN UPPER(TRIM(gender)) NOT IN ('MALE','FEMALE')
            THEN 'UNKNOWN'
            ELSE UPPER(TRIM(gender))
        END                                            AS gender,
        UPPER(TRIM(region))                            AS region,
        UPPER(TRIM(department))                        AS department,
        UPPER(TRIM(treatment_type))                    AS treatment_type,
        UPPER(TRIM(visit_type))                        AS visit_type,

        -- Numeric columns
        ROUND(COALESCE(
            TRY_CAST(length_of_stay_days AS FLOAT), 0), 2)
                                                       AS length_of_stay_days,
        ROUND(COALESCE(
            TRY_CAST(treatment_cost AS FLOAT),
            AVG(TRY_CAST(treatment_cost AS FLOAT))
                OVER()), 2)                            AS treatment_cost,
        ROUND(COALESCE(
            TRY_CAST(recovery_score AS FLOAT),
            MEDIAN(TRY_CAST(recovery_score AS FLOAT))
                OVER()), 2)                            AS recovery_score,
        ROUND(COALESCE(
            TRY_CAST(readmission_risk AS FLOAT), 0), 2)
                                                       AS readmission_risk,

        -- Derived columns
        CASE
            WHEN TRY_CAST(readmission_risk AS FLOAT) > 0.3
            THEN 'HIGH'
            ELSE 'LOW'
        END                                            AS risk_category,

        CASE
            WHEN TRY_CAST(treatment_cost AS FLOAT) < 20000  THEN 'LOW'
            WHEN TRY_CAST(treatment_cost AS FLOAT) < 50000  THEN 'MEDIUM'
            WHEN TRY_CAST(treatment_cost AS FLOAT) < 100000 THEN 'HIGH'
            ELSE 'VERY HIGH'
        END                                            AS cost_bucket

    FROM source
    WHERE patient_id IS NOT NULL
)

SELECT * FROM cleaned
    )

/* {"app": "dbt", "dbt_version": "1.12.3", "profile_name": "healthcare_dbt", "target_name": "dev", "node_id": "model.healthcare_dbt.stg_healthcare"} */;
[0m23:54:29.139377 [debug] [Thread-2 (]: Opening a new connection, currently in state init
[0m23:54:31.458376 [debug] [Thread-2 (]: SQL status: SUCCESS 100 in 2.319 seconds
[0m23:54:31.492271 [debug] [Thread-2 (]: Sending event: {'category': 'dbt', 'action': 'run_model', 'label': '097fda6e-a1f6-4254-867f-771ce38b7e7e', 'context': [<snowplow_tracker.self_describing_json.SelfDescribingJson object at 0x0000021B8C65F4D0>]}
[0m23:54:31.493047 [info ] [Thread-2 (]: 1 of 1 OK created sql table model SLIVER_SILVER.stg_healthcare ................. [[32mSUCCESS 100[0m in 2.41s]
[0m23:54:31.494330 [debug] [Thread-2 (]: Finished running node model.healthcare_dbt.stg_healthcare
[0m23:54:31.496858 [debug] [MainThread]: Connection 'master' was properly closed.
[0m23:54:31.497739 [debug] [MainThread]: Connection 'create_HEALTHCARE_DB_SLIVER_SILVER' was left open.
[0m23:54:31.498409 [debug] [MainThread]: On create_HEALTHCARE_DB_SLIVER_SILVER: Close
[0m23:54:31.754505 [debug] [MainThread]: Connection 'list_HEALTHCARE_DB_SLIVER_SILVER' was left open.
[0m23:54:31.755500 [debug] [MainThread]: On list_HEALTHCARE_DB_SLIVER_SILVER: Close
[0m23:54:32.040739 [debug] [MainThread]: Connection 'model.healthcare_dbt.stg_healthcare' was left open.
[0m23:54:32.041338 [debug] [MainThread]: On model.healthcare_dbt.stg_healthcare: Close
[0m23:54:32.349541 [info ] [MainThread]: 
[0m23:54:32.350802 [info ] [MainThread]: Finished running 1 table model in 0 hours 0 minutes and 6.54 seconds (6.54s).
[0m23:54:32.352408 [debug] [MainThread]: Command end result
[0m23:54:32.394772 [debug] [MainThread]: Wrote artifact WritableManifest to D:\DE Matrials\Projects\DE Projects\FirstProject_DBT_AIRFLOW_SNOWFLAKE_FIVETRAN\healthcare_dbt\target\manifest.json
[0m23:54:32.399237 [debug] [MainThread]: Wrote artifact SemanticManifest to D:\DE Matrials\Projects\DE Projects\FirstProject_DBT_AIRFLOW_SNOWFLAKE_FIVETRAN\healthcare_dbt\target\semantic_manifest.json
[0m23:54:32.403093 [debug] [MainThread]: Wrote artifact OsiDocument to D:\DE Matrials\Projects\DE Projects\FirstProject_DBT_AIRFLOW_SNOWFLAKE_FIVETRAN\healthcare_dbt\target\osi_document.json
[0m23:54:32.411415 [debug] [MainThread]: Wrote artifact RunExecutionResult to D:\DE Matrials\Projects\DE Projects\FirstProject_DBT_AIRFLOW_SNOWFLAKE_FIVETRAN\healthcare_dbt\target\run_results.json
[0m23:54:32.411976 [info ] [MainThread]: 
[0m23:54:32.412696 [info ] [MainThread]: [32mCompleted successfully[0m
[0m23:54:32.413334 [info ] [MainThread]: 
[0m23:54:32.413974 [info ] [MainThread]: Done. PASS=1 WARN=0 ERROR=0 SKIP=0 NO-OP=0 REUSED=0 TOTAL=1
[0m23:54:32.415103 [debug] [MainThread]: Command `dbt run` succeeded at 23:54:32.414974 after 8.79 seconds
[0m23:54:32.415465 [debug] [MainThread]: Sending event: {'category': 'dbt', 'action': 'invocation', 'label': 'end', 'context': [<snowplow_tracker.self_describing_json.SelfDescribingJson object at 0x0000021B8BEF7D80>, <snowplow_tracker.self_describing_json.SelfDescribingJson object at 0x0000021BF1F0DEF0>, <snowplow_tracker.self_describing_json.SelfDescribingJson object at 0x0000021B8BA220D0>]}
[0m23:54:32.415823 [debug] [MainThread]: Flushing usage events
[0m23:54:34.190751 [debug] [MainThread]: An error was encountered while trying to flush usage events
[0m23:57:06.461958 [debug] [MainThread]: Sending event: {'category': 'dbt', 'action': 'invocation', 'label': 'start', 'context': [<snowplow_tracker.self_describing_json.SelfDescribingJson object at 0x0000024C060F17F0>, <snowplow_tracker.self_describing_json.SelfDescribingJson object at 0x0000024C0396CF50>, <snowplow_tracker.self_describing_json.SelfDescribingJson object at 0x0000024C089AFC50>]}


============================== 23:57:06.465665 | f4033b58-b6a9-427d-b57a-4c47caf072cd ==============================
[0m23:57:06.465665 [info ] [MainThread]: Running with dbt=1.12.3
[0m23:57:06.466510 [debug] [MainThread]: running dbt with arguments {'static_parser': 'True', 'no_print': 'None', 'version_check': 'True', 'target_path': 'None', 'maximum_seed_size_mib': '1', 'warn_error_options': 'WarnErrorOptionsV2(error=[], warn=[], silence=[])', 'printer_width': '80', 'write_json': 'True', 'empty': 'None', 'log_cache_events': 'False', 'introspect': 'True', 'cache_selected_only': 'False', 'log_format': 'default', 'debug': 'False', 'fail_fast': 'False', 'partial_parse': 'True', 'send_anonymous_usage_stats': 'True', 'quiet': 'False', 'warn_error': 'None', 'profiles_dir': 'D:\\DE Matrials\\Projects\\DE Projects\\FirstProject_DBT_AIRFLOW_SNOWFLAKE_FIVETRAN\\healthcare_dbt', 'use_colors': 'True', 'hints_enabled': 'True', 'indirect_selection': 'eager', 'use_experimental_parser': 'False', 'invocation_command': 'dbt debug', 'log_path': 'D:\\DE Matrials\\Projects\\DE Projects\\FirstProject_DBT_AIRFLOW_SNOWFLAKE_FIVETRAN\\healthcare_dbt\\logs'}
[0m23:57:06.479409 [info ] [MainThread]: dbt version: 1.12.3
[0m23:57:06.480107 [info ] [MainThread]: python version: 3.14.3
[0m23:57:06.480914 [info ] [MainThread]: python path: C:\Users\sugap\AppData\Local\Programs\Python\Python314\python.exe
[0m23:57:06.481384 [info ] [MainThread]: os info: Windows-11-10.0.26200-SP0
[0m23:57:07.131480 [debug] [MainThread]: Snowflake adapter: Setting snowflake.connector to ERROR (file logging only)
[0m23:57:07.132037 [debug] [MainThread]: Snowflake adapter: Setting botocore to ERROR (file logging only)
[0m23:57:07.132419 [debug] [MainThread]: Snowflake adapter: Setting boto3 to ERROR (file logging only)
[0m23:57:07.269467 [info ] [MainThread]: Using profiles dir at D:\DE Matrials\Projects\DE Projects\FirstProject_DBT_AIRFLOW_SNOWFLAKE_FIVETRAN\healthcare_dbt
[0m23:57:07.270113 [info ] [MainThread]: Using profiles.yml file at D:\DE Matrials\Projects\DE Projects\FirstProject_DBT_AIRFLOW_SNOWFLAKE_FIVETRAN\healthcare_dbt\profiles.yml
[0m23:57:07.270739 [info ] [MainThread]: Using dbt_project.yml file at D:\DE Matrials\Projects\DE Projects\FirstProject_DBT_AIRFLOW_SNOWFLAKE_FIVETRAN\healthcare_dbt\dbt_project.yml
[0m23:57:07.271720 [info ] [MainThread]: adapter type: snowflake
[0m23:57:07.272260 [info ] [MainThread]: adapter version: 1.12.0
[0m23:57:07.440229 [info ] [MainThread]: Configuration:
[0m23:57:07.441029 [info ] [MainThread]:   profiles.yml file [[32mOK found and valid[0m]
[0m23:57:07.441733 [info ] [MainThread]:   dbt_project.yml file [[32mOK found and valid[0m]
[0m23:57:07.442608 [info ] [MainThread]: Required dependencies:
[0m23:57:07.443332 [debug] [MainThread]: Executing "git --help"
[0m23:57:07.583708 [debug] [MainThread]: STDOUT: "b"usage: git [-v | --version] [-h | --help] [-C <path>] [-c <name>=<value>]\n           [--exec-path[=<path>]] [--html-path] [--man-path] [--info-path]\n           [-p | --paginate | -P | --no-pager] [--no-replace-objects] [--bare]\n           [--git-dir=<path>] [--work-tree=<path>] [--namespace=<name>]\n           [--config-env=<name>=<envvar>] <command> [<args>]\n\nThese are common Git commands used in various situations:\n\nstart a working area (see also: git help tutorial)\n   clone     Clone a repository into a new directory\n   init      Create an empty Git repository or reinitialize an existing one\n\nwork on the current change (see also: git help everyday)\n   add       Add file contents to the index\n   mv        Move or rename a file, a directory, or a symlink\n   restore   Restore working tree files\n   rm        Remove files from the working tree and from the index\n\nexamine the history and state (see also: git help revisions)\n   bisect    Use binary search to find the commit that introduced a bug\n   diff      Show changes between commits, commit and working tree, etc\n   grep      Print lines matching a pattern\n   log       Show commit logs\n   show      Show various types of objects\n   status    Show the working tree status\n\ngrow, mark and tweak your common history\n   branch    List, create, or delete branches\n   commit    Record changes to the repository\n   merge     Join two or more development histories together\n   rebase    Reapply commits on top of another base tip\n   reset     Reset current HEAD to the specified state\n   switch    Switch branches\n   tag       Create, list, delete or verify a tag object signed with GPG\n\ncollaborate (see also: git help workflows)\n   fetch     Download objects and refs from another repository\n   pull      Fetch from and integrate with another repository or a local branch\n   push      Update remote refs along with associated objects\n\n'git help -a' and 'git help -g' list available subcommands and some\nconcept guides. See 'git help <command>' or 'git help <concept>'\nto read about a specific subcommand or concept.\nSee 'git help git' for an overview of the system.\n""
[0m23:57:07.584320 [debug] [MainThread]: STDERR: "b''"
[0m23:57:07.584796 [info ] [MainThread]:  - git [[32mOK found[0m]

[0m23:57:07.585356 [info ] [MainThread]: Connection:
[0m23:57:07.585937 [info ] [MainThread]:   account: HYPPNSV-YC37243
[0m23:57:07.586354 [info ] [MainThread]:   user: DBT_USER
[0m23:57:07.586857 [info ] [MainThread]:   database: HEALTHCARE_DB
[0m23:57:07.587269 [info ] [MainThread]:   warehouse: HEALTHCARE_WH
[0m23:57:07.587660 [info ] [MainThread]:   role: DBT_ROLE
[0m23:57:07.588066 [info ] [MainThread]:   schema: SLIVER
[0m23:57:07.588510 [info ] [MainThread]:   authenticator: None
[0m23:57:07.588890 [info ] [MainThread]:   oauth_client_id: None
[0m23:57:07.589273 [info ] [MainThread]:   query_tag: None
[0m23:57:07.589667 [info ] [MainThread]:   client_session_keep_alive: False
[0m23:57:07.590026 [info ] [MainThread]:   host: None
[0m23:57:07.590390 [info ] [MainThread]:   port: None
[0m23:57:07.590743 [info ] [MainThread]:   proxy_host: None
[0m23:57:07.591106 [info ] [MainThread]:   proxy_port: None
[0m23:57:07.591463 [info ] [MainThread]:   protocol: None
[0m23:57:07.591863 [info ] [MainThread]:   connect_retries: 1
[0m23:57:07.592226 [info ] [MainThread]:   connect_timeout: None
[0m23:57:07.592543 [info ] [MainThread]:   retry_on_database_errors: False
[0m23:57:07.592909 [info ] [MainThread]:   retry_all: False
[0m23:57:07.593243 [info ] [MainThread]:   insecure_mode: False
[0m23:57:07.593603 [info ] [MainThread]:   reuse_connections: True
[0m23:57:07.594262 [info ] [MainThread]:   s3_stage_vpce_dns_name: None
[0m23:57:07.595037 [info ] [MainThread]:   workload_identity_provider: None
[0m23:57:07.595542 [info ] [MainThread]:   workload_identity_entra_resource: None
[0m23:57:07.596061 [info ] [MainThread]:   platform_detection_timeout_seconds: 0.0
[0m23:57:07.596700 [info ] [MainThread]: Registered adapter: snowflake=1.12.0
[0m23:57:08.045227 [debug] [MainThread]: Acquiring new snowflake connection 'debug'
[0m23:57:08.047890 [debug] [MainThread]: Using snowflake connection "debug"
[0m23:57:08.048256 [debug] [MainThread]: On debug: select 1 as id
[0m23:57:08.048514 [debug] [MainThread]: Opening a new connection, currently in state init
[0m23:57:09.430535 [debug] [MainThread]: SQL status: SUCCESS 1 in 1.382 seconds
[0m23:57:09.432230 [info ] [MainThread]:   Connection test: [[32mOK connection ok[0m]

[0m23:57:09.432891 [info ] [MainThread]: [32mAll checks passed![0m
[0m23:57:09.434531 [debug] [MainThread]: Command `dbt debug` succeeded at 23:57:09.434351 after 3.20 seconds
[0m23:57:09.434903 [debug] [MainThread]: Connection 'debug' was left open.
[0m23:57:09.435186 [debug] [MainThread]: On debug: Close
[0m23:57:09.761673 [debug] [MainThread]: Sending event: {'category': 'dbt', 'action': 'invocation', 'label': 'end', 'context': [<snowplow_tracker.self_describing_json.SelfDescribingJson object at 0x0000024C1ACFCC30>, <snowplow_tracker.self_describing_json.SelfDescribingJson object at 0x0000024C0367DB50>, <snowplow_tracker.self_describing_json.SelfDescribingJson object at 0x0000024C1A991370>]}
[0m23:57:09.762960 [debug] [MainThread]: Flushing usage events
[0m23:57:11.476939 [debug] [MainThread]: An error was encountered while trying to flush usage events
[0m23:57:41.090109 [debug] [MainThread]: Sending event: {'category': 'dbt', 'action': 'invocation', 'label': 'start', 'context': [<snowplow_tracker.self_describing_json.SelfDescribingJson object at 0x000001B9332117F0>, <snowplow_tracker.self_describing_json.SelfDescribingJson object at 0x000001B930A9CF50>, <snowplow_tracker.self_describing_json.SelfDescribingJson object at 0x000001B935B479D0>]}


============================== 23:57:41.093814 | be025fa5-33d1-4c8f-b79a-9532f73c7ab8 ==============================
[0m23:57:41.093814 [info ] [MainThread]: Running with dbt=1.12.3
[0m23:57:41.094864 [debug] [MainThread]: running dbt with arguments {'maximum_seed_size_mib': '1', 'no_print': 'None', 'static_parser': 'True', 'warn_error_options': 'WarnErrorOptionsV2(error=[], warn=[], silence=[])', 'version_check': 'True', 'target_path': 'None', 'printer_width': '80', 'write_json': 'True', 'introspect': 'True', 'log_cache_events': 'False', 'empty': 'False', 'cache_selected_only': 'False', 'log_format': 'default', 'debug': 'False', 'fail_fast': 'False', 'profiles_dir': 'D:\\DE Matrials\\Projects\\DE Projects\\FirstProject_DBT_AIRFLOW_SNOWFLAKE_FIVETRAN\\healthcare_dbt', 'send_anonymous_usage_stats': 'True', 'quiet': 'False', 'warn_error': 'None', 'partial_parse': 'True', 'invocation_command': 'dbt run --select silver', 'hints_enabled': 'True', 'use_colors': 'True', 'use_experimental_parser': 'False', 'indirect_selection': 'eager', 'log_path': 'D:\\DE Matrials\\Projects\\DE Projects\\FirstProject_DBT_AIRFLOW_SNOWFLAKE_FIVETRAN\\healthcare_dbt\\logs'}
[0m23:57:41.775338 [debug] [MainThread]: Snowflake adapter: Setting snowflake.connector to ERROR (file logging only)
[0m23:57:41.775883 [debug] [MainThread]: Snowflake adapter: Setting botocore to ERROR (file logging only)
[0m23:57:41.776243 [debug] [MainThread]: Snowflake adapter: Setting boto3 to ERROR (file logging only)
[0m23:57:42.094396 [debug] [MainThread]: Sending event: {'category': 'dbt', 'action': 'project_id', 'label': 'be025fa5-33d1-4c8f-b79a-9532f73c7ab8', 'context': [<snowplow_tracker.self_describing_json.SelfDescribingJson object at 0x000001B944337100>]}
[0m23:57:42.161933 [debug] [MainThread]: Sending event: {'category': 'dbt', 'action': 'adapter_info', 'label': 'be025fa5-33d1-4c8f-b79a-9532f73c7ab8', 'context': [<snowplow_tracker.self_describing_json.SelfDescribingJson object at 0x000001B933E288D0>]}
[0m23:57:42.163056 [info ] [MainThread]: Registered adapter: snowflake=1.12.0
[0m23:57:42.610093 [debug] [MainThread]: checksum: cd11ddf55c3f57c7cf223dea061db390e40f8619709a911fb3f7b2e110e1d310, vars: {}, profile: healthcare_dbt, target: dev, version: 1.12.3
[0m23:57:42.744493 [debug] [MainThread]: Partial parsing enabled: 0 files deleted, 0 files added, 0 files changed.
[0m23:57:42.744886 [debug] [MainThread]: Nothing changed, skipping partial parsing.
[0m23:57:42.745137 [debug] [MainThread]: Partial parsing enabled, no changes found, skipping parsing
[0m23:57:42.750520 [warn ] [MainThread]: [[33mWARNING[0m]: Configuration paths exist in your dbt_project.yml file which do not apply to any resources.
There are 1 unused configuration paths:
- models.healthcare_dbt.gold
[0m23:57:42.756254 [debug] [MainThread]: Sending event: {'category': 'dbt', 'action': 'load_project', 'label': 'be025fa5-33d1-4c8f-b79a-9532f73c7ab8', 'context': [<snowplow_tracker.self_describing_json.SelfDescribingJson object at 0x000001B94809A350>]}
[0m23:57:42.888218 [debug] [MainThread]: Wrote artifact WritableManifest to D:\DE Matrials\Projects\DE Projects\FirstProject_DBT_AIRFLOW_SNOWFLAKE_FIVETRAN\healthcare_dbt\target\manifest.json
[0m23:57:42.892932 [debug] [MainThread]: Wrote artifact SemanticManifest to D:\DE Matrials\Projects\DE Projects\FirstProject_DBT_AIRFLOW_SNOWFLAKE_FIVETRAN\healthcare_dbt\target\semantic_manifest.json
[0m23:57:42.915052 [debug] [MainThread]: Wrote artifact OsiDocument to D:\DE Matrials\Projects\DE Projects\FirstProject_DBT_AIRFLOW_SNOWFLAKE_FIVETRAN\healthcare_dbt\target\osi_document.json
[0m23:57:42.926342 [debug] [MainThread]: Sending event: {'category': 'dbt', 'action': 'resource_counts', 'label': 'be025fa5-33d1-4c8f-b79a-9532f73c7ab8', 'context': [<snowplow_tracker.self_describing_json.SelfDescribingJson object at 0x000001B9481787D0>]}
[0m23:57:42.926926 [info ] [MainThread]: Found 1 model, 1 source, 545 macros
[0m23:57:42.927529 [debug] [MainThread]: Sending event: {'category': 'dbt', 'action': 'runnable_timing', 'label': 'be025fa5-33d1-4c8f-b79a-9532f73c7ab8', 'context': [<snowplow_tracker.self_describing_json.SelfDescribingJson object at 0x000001B9481CC830>]}
[0m23:57:42.929607 [info ] [MainThread]: 
[0m23:57:42.930629 [info ] [MainThread]: Concurrency: 4 threads (target='dev')
[0m23:57:42.931413 [info ] [MainThread]: 
[0m23:57:42.932203 [debug] [MainThread]: Acquiring new snowflake connection 'master'
[0m23:57:42.933506 [debug] [ThreadPool]: Acquiring new snowflake connection 'list_HEALTHCARE_DB'
[0m23:57:42.952210 [debug] [ThreadPool]: Using snowflake connection "list_HEALTHCARE_DB"
[0m23:57:42.952683 [debug] [ThreadPool]: On list_HEALTHCARE_DB: show terse schemas in database HEALTHCARE_DB
    limit 10000
/* {"app": "dbt", "dbt_version": "1.12.3", "profile_name": "healthcare_dbt", "target_name": "dev", "connection_name": "list_HEALTHCARE_DB"} */
[0m23:57:42.953183 [debug] [ThreadPool]: Opening a new connection, currently in state init
[0m23:57:44.144754 [debug] [ThreadPool]: SQL status: SUCCESS 4 in 1.192 seconds
[0m23:57:44.147325 [debug] [ThreadPool]: Re-using an available connection from the pool (formerly list_HEALTHCARE_DB, now create_HEALTHCARE_DB_SLIVER_SILVER)
[0m23:57:44.148265 [debug] [ThreadPool]: Creating schema "database: "HEALTHCARE_DB"
schema: "SLIVER_SILVER"
"
[0m23:57:44.153404 [debug] [ThreadPool]: Using snowflake connection "create_HEALTHCARE_DB_SLIVER_SILVER"
[0m23:57:44.154007 [debug] [ThreadPool]: On create_HEALTHCARE_DB_SLIVER_SILVER: create schema if not exists HEALTHCARE_DB.SLIVER_SILVER
/* {"app": "dbt", "dbt_version": "1.12.3", "profile_name": "healthcare_dbt", "target_name": "dev", "connection_name": "create_HEALTHCARE_DB_SLIVER_SILVER"} */
[0m23:57:44.348436 [debug] [ThreadPool]: SQL status: SUCCESS 1 in 0.194 seconds
[0m23:57:44.350881 [debug] [ThreadPool]: Acquiring new snowflake connection 'list_HEALTHCARE_DB_SLIVER_SILVER'
[0m23:57:44.365416 [debug] [ThreadPool]: Using snowflake connection "list_HEALTHCARE_DB_SLIVER_SILVER"
[0m23:57:44.365910 [debug] [ThreadPool]: On list_HEALTHCARE_DB_SLIVER_SILVER: show objects in HEALTHCARE_DB.SLIVER_SILVER
    limit 10000
    

/* {"app": "dbt", "dbt_version": "1.12.3", "profile_name": "healthcare_dbt", "target_name": "dev", "connection_name": "list_HEALTHCARE_DB_SLIVER_SILVER"} */;
[0m23:57:44.366309 [debug] [ThreadPool]: Opening a new connection, currently in state init
[0m23:57:45.475774 [debug] [ThreadPool]: SQL status: SUCCESS 0 in 1.109 seconds
[0m23:57:45.483605 [debug] [ThreadPool]: Using snowflake connection "list_HEALTHCARE_DB_SLIVER_SILVER"
[0m23:57:45.484041 [debug] [ThreadPool]: On list_HEALTHCARE_DB_SLIVER_SILVER: show user functions in HEALTHCARE_DB.SLIVER_SILVER
/* {"app": "dbt", "dbt_version": "1.12.3", "profile_name": "healthcare_dbt", "target_name": "dev", "connection_name": "list_HEALTHCARE_DB_SLIVER_SILVER"} */
[0m23:57:45.679702 [debug] [ThreadPool]: SQL status: SUCCESS 0 in 0.195 seconds
[0m23:57:45.682174 [debug] [MainThread]: Sending event: {'category': 'dbt', 'action': 'runnable_timing', 'label': 'be025fa5-33d1-4c8f-b79a-9532f73c7ab8', 'context': [<snowplow_tracker.self_describing_json.SelfDescribingJson object at 0x000001B9482CA000>]}
[0m23:57:45.689122 [debug] [Thread-2 (]: Began running node model.healthcare_dbt.stg_healthcare
[0m23:57:45.689812 [info ] [Thread-2 (]: 1 of 1 START sql table model SLIVER_SILVER.stg_healthcare ...................... [RUN]
[0m23:57:45.690921 [debug] [Thread-2 (]: Acquiring new snowflake connection 'model.healthcare_dbt.stg_healthcare'
[0m23:57:45.691451 [debug] [Thread-2 (]: Began compiling node model.healthcare_dbt.stg_healthcare
[0m23:57:45.698827 [debug] [Thread-2 (]: Writing injected SQL for node "model.healthcare_dbt.stg_healthcare"
[0m23:57:45.700975 [debug] [Thread-2 (]: Began executing node model.healthcare_dbt.stg_healthcare
[0m23:57:45.740330 [debug] [Thread-2 (]: Writing runtime sql for node "model.healthcare_dbt.stg_healthcare"
[0m23:57:45.745113 [debug] [Thread-2 (]: Using snowflake connection "model.healthcare_dbt.stg_healthcare"
[0m23:57:45.745914 [debug] [Thread-2 (]: On model.healthcare_dbt.stg_healthcare: create or replace transient table HEALTHCARE_DB.SLIVER_SILVER.stg_healthcare
    
    
    
    
    

    as (WITH source AS (
    SELECT * FROM HEALTHCARE_DB.BRONZE.RAW_DATA
),

cleaned AS (
    SELECT
        -- IDs
        CAST(patient_id AS INT)                        AS patient_id,

        -- Dates
        CAST(visit_date AS DATE)                       AS visit_date,
        YEAR(CAST(visit_date AS DATE))                 AS visit_year,
        MONTH(CAST(visit_date AS DATE))                AS visit_month,
        MONTHNAME(CAST(visit_date AS DATE))            AS visit_month_name,
        QUARTER(CAST(visit_date AS DATE))              AS visit_quarter,
        DAYNAME(CAST(visit_date AS DATE))              AS visit_day_name,

        -- Clean text columns
        UPPER(TRIM(age_group))                         AS age_group,
        CASE
            WHEN UPPER(TRIM(gender)) NOT IN ('MALE','FEMALE')
            THEN 'UNKNOWN'
            ELSE UPPER(TRIM(gender))
        END                                            AS gender,
        UPPER(TRIM(region))                            AS region,
        UPPER(TRIM(department))                        AS department,
        UPPER(TRIM(treatment_type))                    AS treatment_type,
        UPPER(TRIM(visit_type))                        AS visit_type,

        -- Numeric columns
        ROUND(COALESCE(
            TRY_CAST(length_of_stay_days AS FLOAT), 0), 2)
                                                       AS length_of_stay_days,
        ROUND(COALESCE(
            TRY_CAST(treatment_cost AS FLOAT),
            AVG(TRY_CAST(treatment_cost AS FLOAT))
                OVER()), 2)                            AS treatment_cost,
        ROUND(COALESCE(
            TRY_CAST(recovery_score AS FLOAT),
            MEDIAN(TRY_CAST(recovery_score AS FLOAT))
                OVER()), 2)                            AS recovery_score,
        ROUND(COALESCE(
            TRY_CAST(readmission_risk AS FLOAT), 0), 2)
                                                       AS readmission_risk,

        -- Derived columns
        CASE
            WHEN TRY_CAST(readmission_risk AS FLOAT) > 0.3
            THEN 'HIGH'
            ELSE 'LOW'
        END                                            AS risk_category,

        CASE
            WHEN TRY_CAST(treatment_cost AS FLOAT) < 20000  THEN 'LOW'
            WHEN TRY_CAST(treatment_cost AS FLOAT) < 50000  THEN 'MEDIUM'
            WHEN TRY_CAST(treatment_cost AS FLOAT) < 100000 THEN 'HIGH'
            ELSE 'VERY HIGH'
        END                                            AS cost_bucket

    FROM source
    WHERE patient_id IS NOT NULL
)

SELECT * FROM cleaned
    )

/* {"app": "dbt", "dbt_version": "1.12.3", "profile_name": "healthcare_dbt", "target_name": "dev", "node_id": "model.healthcare_dbt.stg_healthcare"} */;
[0m23:57:45.746387 [debug] [Thread-2 (]: Opening a new connection, currently in state init
[0m23:57:47.623940 [debug] [Thread-2 (]: SQL status: SUCCESS 100 in 1.877 seconds
[0m23:57:47.652346 [debug] [Thread-2 (]: Sending event: {'category': 'dbt', 'action': 'run_model', 'label': 'be025fa5-33d1-4c8f-b79a-9532f73c7ab8', 'context': [<snowplow_tracker.self_describing_json.SelfDescribingJson object at 0x000001B94825F4D0>]}
[0m23:57:47.653149 [info ] [Thread-2 (]: 1 of 1 OK created sql table model SLIVER_SILVER.stg_healthcare ................. [[32mSUCCESS 100[0m in 1.96s]
[0m23:57:47.654093 [debug] [Thread-2 (]: Finished running node model.healthcare_dbt.stg_healthcare
[0m23:57:47.656490 [debug] [MainThread]: Connection 'master' was properly closed.
[0m23:57:47.657089 [debug] [MainThread]: Connection 'create_HEALTHCARE_DB_SLIVER_SILVER' was left open.
[0m23:57:47.657468 [debug] [MainThread]: On create_HEALTHCARE_DB_SLIVER_SILVER: Close
[0m23:57:47.934490 [debug] [MainThread]: Connection 'list_HEALTHCARE_DB_SLIVER_SILVER' was left open.
[0m23:57:47.935423 [debug] [MainThread]: On list_HEALTHCARE_DB_SLIVER_SILVER: Close
[0m23:57:48.176772 [debug] [MainThread]: Connection 'model.healthcare_dbt.stg_healthcare' was left open.
[0m23:57:48.177608 [debug] [MainThread]: On model.healthcare_dbt.stg_healthcare: Close
[0m23:57:48.548596 [info ] [MainThread]: 
[0m23:57:48.549902 [info ] [MainThread]: Finished running 1 table model in 0 hours 0 minutes and 5.62 seconds (5.62s).
[0m23:57:48.551267 [debug] [MainThread]: Command end result
[0m23:57:48.589529 [debug] [MainThread]: Wrote artifact WritableManifest to D:\DE Matrials\Projects\DE Projects\FirstProject_DBT_AIRFLOW_SNOWFLAKE_FIVETRAN\healthcare_dbt\target\manifest.json
[0m23:57:48.593833 [debug] [MainThread]: Wrote artifact SemanticManifest to D:\DE Matrials\Projects\DE Projects\FirstProject_DBT_AIRFLOW_SNOWFLAKE_FIVETRAN\healthcare_dbt\target\semantic_manifest.json
[0m23:57:48.597640 [debug] [MainThread]: Wrote artifact OsiDocument to D:\DE Matrials\Projects\DE Projects\FirstProject_DBT_AIRFLOW_SNOWFLAKE_FIVETRAN\healthcare_dbt\target\osi_document.json
[0m23:57:48.605087 [debug] [MainThread]: Wrote artifact RunExecutionResult to D:\DE Matrials\Projects\DE Projects\FirstProject_DBT_AIRFLOW_SNOWFLAKE_FIVETRAN\healthcare_dbt\target\run_results.json
[0m23:57:48.605586 [info ] [MainThread]: 
[0m23:57:48.606341 [info ] [MainThread]: [32mCompleted successfully[0m
[0m23:57:48.607068 [info ] [MainThread]: 
[0m23:57:48.607732 [info ] [MainThread]: Done. PASS=1 WARN=0 ERROR=0 SKIP=0 NO-OP=0 REUSED=0 TOTAL=1
[0m23:57:48.608923 [debug] [MainThread]: Command `dbt run` succeeded at 23:57:48.608776 after 7.72 seconds
[0m23:57:48.609388 [debug] [MainThread]: Sending event: {'category': 'dbt', 'action': 'invocation', 'label': 'end', 'context': [<snowplow_tracker.self_describing_json.SelfDescribingJson object at 0x000001B947B8BA10>, <snowplow_tracker.self_describing_json.SelfDescribingJson object at 0x000001B92DC6DEF0>, <snowplow_tracker.self_describing_json.SelfDescribingJson object at 0x000001B9476220D0>]}
[0m23:57:48.609823 [debug] [MainThread]: Flushing usage events
[0m23:57:50.184997 [debug] [MainThread]: An error was encountered while trying to flush usage events
[0m00:03:32.661503 [debug] [MainThread]: Sending event: {'category': 'dbt', 'action': 'invocation', 'label': 'start', 'context': [<snowplow_tracker.self_describing_json.SelfDescribingJson object at 0x0000018EB5B017F0>, <snowplow_tracker.self_describing_json.SelfDescribingJson object at 0x0000018EB33A5090>, <snowplow_tracker.self_describing_json.SelfDescribingJson object at 0x0000018EB84379D0>]}


============================== 00:03:32.665480 | 6b7d316b-2259-4340-9784-72df0a06814e ==============================
[0m00:03:32.665480 [info ] [MainThread]: Running with dbt=1.12.3
[0m00:03:32.666326 [debug] [MainThread]: running dbt with arguments {'static_parser': 'True', 'no_print': 'None', 'version_check': 'True', 'warn_error_options': 'WarnErrorOptionsV2(error=[], warn=[], silence=[])', 'target_path': 'None', 'maximum_seed_size_mib': '1', 'printer_width': '80', 'write_json': 'True', 'introspect': 'True', 'log_cache_events': 'False', 'empty': 'False', 'cache_selected_only': 'False', 'fail_fast': 'False', 'debug': 'False', 'log_format': 'default', 'partial_parse': 'True', 'send_anonymous_usage_stats': 'True', 'quiet': 'False', 'warn_error': 'None', 'profiles_dir': 'D:\\DE Matrials\\Projects\\DE Projects\\FirstProject_DBT_AIRFLOW_SNOWFLAKE_FIVETRAN\\healthcare_dbt', 'use_colors': 'True', 'hints_enabled': 'True', 'invocation_command': 'dbt run --select silver', 'use_experimental_parser': 'False', 'indirect_selection': 'eager', 'log_path': 'D:\\DE Matrials\\Projects\\DE Projects\\FirstProject_DBT_AIRFLOW_SNOWFLAKE_FIVETRAN\\healthcare_dbt\\logs'}
[0m00:03:33.348445 [debug] [MainThread]: Snowflake adapter: Setting snowflake.connector to ERROR (file logging only)
[0m00:03:33.349084 [debug] [MainThread]: Snowflake adapter: Setting botocore to ERROR (file logging only)
[0m00:03:33.349531 [debug] [MainThread]: Snowflake adapter: Setting boto3 to ERROR (file logging only)
[0m00:03:33.674271 [debug] [MainThread]: Sending event: {'category': 'dbt', 'action': 'project_id', 'label': '6b7d316b-2259-4340-9784-72df0a06814e', 'context': [<snowplow_tracker.self_describing_json.SelfDescribingJson object at 0x0000018EC6BC7100>]}
[0m00:03:33.750105 [debug] [MainThread]: Sending event: {'category': 'dbt', 'action': 'adapter_info', 'label': '6b7d316b-2259-4340-9784-72df0a06814e', 'context': [<snowplow_tracker.self_describing_json.SelfDescribingJson object at 0x0000018EB67188D0>]}
[0m00:03:33.751728 [info ] [MainThread]: Registered adapter: snowflake=1.12.0
[0m00:03:34.252253 [debug] [MainThread]: checksum: cd11ddf55c3f57c7cf223dea061db390e40f8619709a911fb3f7b2e110e1d310, vars: {}, profile: healthcare_dbt, target: dev, version: 1.12.3
[0m00:03:34.439735 [debug] [MainThread]: Partial parsing enabled: 0 files deleted, 1 files added, 0 files changed.
[0m00:03:34.440651 [debug] [MainThread]: Partial parsing: added file: healthcare_dbt://macros\generate_schema_name.sql
[0m00:03:34.444406 [info ] [MainThread]: Unable to do partial parsing because change detected to override macro. Starting full parse.
[0m00:03:35.919878 [warn ] [MainThread]: [[33mWARNING[0m]: Configuration paths exist in your dbt_project.yml file which do not apply to any resources.
There are 1 unused configuration paths:
- models.healthcare_dbt.gold
[0m00:03:35.928602 [debug] [MainThread]: Sending event: {'category': 'dbt', 'action': 'load_project', 'label': '6b7d316b-2259-4340-9784-72df0a06814e', 'context': [<snowplow_tracker.self_describing_json.SelfDescribingJson object at 0x0000018ECBD51350>]}
[0m00:03:36.132212 [debug] [MainThread]: Wrote artifact WritableManifest to D:\DE Matrials\Projects\DE Projects\FirstProject_DBT_AIRFLOW_SNOWFLAKE_FIVETRAN\healthcare_dbt\target\manifest.json
[0m00:03:36.136902 [debug] [MainThread]: Wrote artifact SemanticManifest to D:\DE Matrials\Projects\DE Projects\FirstProject_DBT_AIRFLOW_SNOWFLAKE_FIVETRAN\healthcare_dbt\target\semantic_manifest.json
[0m00:03:36.160789 [debug] [MainThread]: Wrote artifact OsiDocument to D:\DE Matrials\Projects\DE Projects\FirstProject_DBT_AIRFLOW_SNOWFLAKE_FIVETRAN\healthcare_dbt\target\osi_document.json
[0m00:03:36.172950 [debug] [MainThread]: Sending event: {'category': 'dbt', 'action': 'resource_counts', 'label': '6b7d316b-2259-4340-9784-72df0a06814e', 'context': [<snowplow_tracker.self_describing_json.SelfDescribingJson object at 0x0000018ECA81D6D0>]}
[0m00:03:36.173717 [info ] [MainThread]: Found 1 model, 1 source, 546 macros
[0m00:03:36.174316 [debug] [MainThread]: Sending event: {'category': 'dbt', 'action': 'runnable_timing', 'label': '6b7d316b-2259-4340-9784-72df0a06814e', 'context': [<snowplow_tracker.self_describing_json.SelfDescribingJson object at 0x0000018ECA9C3930>]}
[0m00:03:36.176510 [info ] [MainThread]: 
[0m00:03:36.177365 [info ] [MainThread]: Concurrency: 4 threads (target='dev')
[0m00:03:36.178176 [info ] [MainThread]: 
[0m00:03:36.178952 [debug] [MainThread]: Acquiring new snowflake connection 'master'
[0m00:03:36.180157 [debug] [ThreadPool]: Acquiring new snowflake connection 'list_HEALTHCARE_DB'
[0m00:03:36.198807 [debug] [ThreadPool]: Using snowflake connection "list_HEALTHCARE_DB"
[0m00:03:36.199277 [debug] [ThreadPool]: On list_HEALTHCARE_DB: show terse schemas in database HEALTHCARE_DB
    limit 10000
/* {"app": "dbt", "dbt_version": "1.12.3", "profile_name": "healthcare_dbt", "target_name": "dev", "connection_name": "list_HEALTHCARE_DB"} */
[0m00:03:36.199668 [debug] [ThreadPool]: Opening a new connection, currently in state init
[0m00:03:37.630271 [debug] [ThreadPool]: SQL status: SUCCESS 5 in 1.430 seconds
[0m00:03:37.634858 [debug] [ThreadPool]: Acquiring new snowflake connection 'list_HEALTHCARE_DB_SILVER'
[0m00:03:37.655184 [debug] [ThreadPool]: Using snowflake connection "list_HEALTHCARE_DB_SILVER"
[0m00:03:37.656108 [debug] [ThreadPool]: On list_HEALTHCARE_DB_SILVER: show objects in HEALTHCARE_DB.SILVER
    limit 10000
    

/* {"app": "dbt", "dbt_version": "1.12.3", "profile_name": "healthcare_dbt", "target_name": "dev", "connection_name": "list_HEALTHCARE_DB_SILVER"} */;
[0m00:03:37.656594 [debug] [ThreadPool]: Opening a new connection, currently in state init
[0m00:03:38.651987 [debug] [ThreadPool]: SQL status: SUCCESS 0 in 0.995 seconds
[0m00:03:38.663728 [debug] [ThreadPool]: Using snowflake connection "list_HEALTHCARE_DB_SILVER"
[0m00:03:38.664380 [debug] [ThreadPool]: On list_HEALTHCARE_DB_SILVER: show user functions in HEALTHCARE_DB.SILVER
/* {"app": "dbt", "dbt_version": "1.12.3", "profile_name": "healthcare_dbt", "target_name": "dev", "connection_name": "list_HEALTHCARE_DB_SILVER"} */
[0m00:03:38.856885 [debug] [ThreadPool]: SQL status: SUCCESS 0 in 0.192 seconds
[0m00:03:38.860332 [debug] [MainThread]: Sending event: {'category': 'dbt', 'action': 'runnable_timing', 'label': '6b7d316b-2259-4340-9784-72df0a06814e', 'context': [<snowplow_tracker.self_describing_json.SelfDescribingJson object at 0x0000018ECAAE8870>]}
[0m00:03:38.868832 [debug] [Thread-2 (]: Began running node model.healthcare_dbt.stg_healthcare
[0m00:03:38.870256 [info ] [Thread-2 (]: 1 of 1 START sql table model SILVER.stg_healthcare ............................. [RUN]
[0m00:03:38.872420 [debug] [Thread-2 (]: Acquiring new snowflake connection 'model.healthcare_dbt.stg_healthcare'
[0m00:03:38.873735 [debug] [Thread-2 (]: Began compiling node model.healthcare_dbt.stg_healthcare
[0m00:03:38.885694 [debug] [Thread-2 (]: Writing injected SQL for node "model.healthcare_dbt.stg_healthcare"
[0m00:03:38.887438 [debug] [Thread-2 (]: Began executing node model.healthcare_dbt.stg_healthcare
[0m00:03:38.953092 [debug] [Thread-2 (]: Writing runtime sql for node "model.healthcare_dbt.stg_healthcare"
[0m00:03:38.958298 [debug] [Thread-2 (]: Using snowflake connection "model.healthcare_dbt.stg_healthcare"
[0m00:03:38.959063 [debug] [Thread-2 (]: On model.healthcare_dbt.stg_healthcare: create or replace transient table HEALTHCARE_DB.SILVER.stg_healthcare
    
    
    
    
    

    as (WITH source AS (
    SELECT * FROM HEALTHCARE_DB.BRONZE.RAW_DATA
),

cleaned AS (
    SELECT
        -- IDs
        CAST(patient_id AS INT)                        AS patient_id,

        -- Dates
        CAST(visit_date AS DATE)                       AS visit_date,
        YEAR(CAST(visit_date AS DATE))                 AS visit_year,
        MONTH(CAST(visit_date AS DATE))                AS visit_month,
        MONTHNAME(CAST(visit_date AS DATE))            AS visit_month_name,
        QUARTER(CAST(visit_date AS DATE))              AS visit_quarter,
        DAYNAME(CAST(visit_date AS DATE))              AS visit_day_name,

        -- Clean text columns
        UPPER(TRIM(age_group))                         AS age_group,
        CASE
            WHEN UPPER(TRIM(gender)) NOT IN ('MALE','FEMALE')
            THEN 'UNKNOWN'
            ELSE UPPER(TRIM(gender))
        END                                            AS gender,
        UPPER(TRIM(region))                            AS region,
        UPPER(TRIM(department))                        AS department,
        UPPER(TRIM(treatment_type))                    AS treatment_type,
        UPPER(TRIM(visit_type))                        AS visit_type,

        -- Numeric columns
        ROUND(COALESCE(
            TRY_CAST(length_of_stay_days AS FLOAT), 0), 2)
                                                       AS length_of_stay_days,
        ROUND(COALESCE(
            TRY_CAST(treatment_cost AS FLOAT),
            AVG(TRY_CAST(treatment_cost AS FLOAT))
                OVER()), 2)                            AS treatment_cost,
        ROUND(COALESCE(
            TRY_CAST(recovery_score AS FLOAT),
            MEDIAN(TRY_CAST(recovery_score AS FLOAT))
                OVER()), 2)                            AS recovery_score,
        ROUND(COALESCE(
            TRY_CAST(readmission_risk AS FLOAT), 0), 2)
                                                       AS readmission_risk,

        -- Derived columns
        CASE
            WHEN TRY_CAST(readmission_risk AS FLOAT) > 0.3
            THEN 'HIGH'
            ELSE 'LOW'
        END                                            AS risk_category,

        CASE
            WHEN TRY_CAST(treatment_cost AS FLOAT) < 20000  THEN 'LOW'
            WHEN TRY_CAST(treatment_cost AS FLOAT) < 50000  THEN 'MEDIUM'
            WHEN TRY_CAST(treatment_cost AS FLOAT) < 100000 THEN 'HIGH'
            ELSE 'VERY HIGH'
        END                                            AS cost_bucket

    FROM source
    WHERE patient_id IS NOT NULL
)

SELECT * FROM cleaned
    )

/* {"app": "dbt", "dbt_version": "1.12.3", "profile_name": "healthcare_dbt", "target_name": "dev", "node_id": "model.healthcare_dbt.stg_healthcare"} */;
[0m00:03:38.959724 [debug] [Thread-2 (]: Opening a new connection, currently in state init
[0m00:03:41.052167 [debug] [Thread-2 (]: SQL status: SUCCESS 100 in 2.092 seconds
[0m00:03:41.087839 [debug] [Thread-2 (]: Sending event: {'category': 'dbt', 'action': 'run_model', 'label': '6b7d316b-2259-4340-9784-72df0a06814e', 'context': [<snowplow_tracker.self_describing_json.SelfDescribingJson object at 0x0000018ECC2B2ED0>]}
[0m00:03:41.089607 [info ] [Thread-2 (]: 1 of 1 OK created sql table model SILVER.stg_healthcare ........................ [[32mSUCCESS 100[0m in 2.21s]
[0m00:03:41.091146 [debug] [Thread-2 (]: Finished running node model.healthcare_dbt.stg_healthcare
[0m00:03:41.093519 [debug] [MainThread]: Connection 'master' was properly closed.
[0m00:03:41.094438 [debug] [MainThread]: Connection 'list_HEALTHCARE_DB' was left open.
[0m00:03:41.095005 [debug] [MainThread]: On list_HEALTHCARE_DB: Close
[0m00:03:41.341351 [debug] [MainThread]: Connection 'list_HEALTHCARE_DB_SILVER' was left open.
[0m00:03:41.342434 [debug] [MainThread]: On list_HEALTHCARE_DB_SILVER: Close
[0m00:03:41.624272 [debug] [MainThread]: Connection 'model.healthcare_dbt.stg_healthcare' was left open.
[0m00:03:41.625236 [debug] [MainThread]: On model.healthcare_dbt.stg_healthcare: Close
[0m00:03:41.862438 [info ] [MainThread]: 
[0m00:03:41.864025 [info ] [MainThread]: Finished running 1 table model in 0 hours 0 minutes and 5.68 seconds (5.68s).
[0m00:03:41.866531 [debug] [MainThread]: Command end result
[0m00:03:41.923459 [debug] [MainThread]: Wrote artifact WritableManifest to D:\DE Matrials\Projects\DE Projects\FirstProject_DBT_AIRFLOW_SNOWFLAKE_FIVETRAN\healthcare_dbt\target\manifest.json
[0m00:03:41.936758 [debug] [MainThread]: Wrote artifact SemanticManifest to D:\DE Matrials\Projects\DE Projects\FirstProject_DBT_AIRFLOW_SNOWFLAKE_FIVETRAN\healthcare_dbt\target\semantic_manifest.json
[0m00:03:41.946439 [debug] [MainThread]: Wrote artifact OsiDocument to D:\DE Matrials\Projects\DE Projects\FirstProject_DBT_AIRFLOW_SNOWFLAKE_FIVETRAN\healthcare_dbt\target\osi_document.json
[0m00:03:41.962747 [debug] [MainThread]: Wrote artifact RunExecutionResult to D:\DE Matrials\Projects\DE Projects\FirstProject_DBT_AIRFLOW_SNOWFLAKE_FIVETRAN\healthcare_dbt\target\run_results.json
[0m00:03:41.963170 [info ] [MainThread]: 
[0m00:03:41.964180 [info ] [MainThread]: [32mCompleted successfully[0m
[0m00:03:41.965204 [info ] [MainThread]: 
[0m00:03:41.966065 [info ] [MainThread]: Done. PASS=1 WARN=0 ERROR=0 SKIP=0 NO-OP=0 REUSED=0 TOTAL=1
[0m00:03:41.968012 [debug] [MainThread]: Command `dbt run` succeeded at 00:03:41.967683 after 9.53 seconds
[0m00:03:41.968886 [debug] [MainThread]: Sending event: {'category': 'dbt', 'action': 'invocation', 'label': 'end', 'context': [<snowplow_tracker.self_describing_json.SelfDescribingJson object at 0x0000018ECC4FD910>, <snowplow_tracker.self_describing_json.SelfDescribingJson object at 0x0000018ECA696990>, <snowplow_tracker.self_describing_json.SelfDescribingJson object at 0x0000018ECC1C79D0>]}
[0m00:03:41.969648 [debug] [MainThread]: Flushing usage events
[0m00:03:43.976729 [debug] [MainThread]: An error was encountered while trying to flush usage events
[0m11:18:07.038401 [debug] [MainThread]: Sending event: {'category': 'dbt', 'action': 'invocation', 'label': 'start', 'context': [<snowplow_tracker.self_describing_json.SelfDescribingJson object at 0x000002058B2817F0>, <snowplow_tracker.self_describing_json.SelfDescribingJson object at 0x0000020588AFCF50>, <snowplow_tracker.self_describing_json.SelfDescribingJson object at 0x000002058DBB79D0>]}


============================== 11:18:07.047542 | 8bd4d59f-ad29-4603-8905-2ed692530fa9 ==============================
[0m11:18:07.047542 [info ] [MainThread]: Running with dbt=1.12.3
[0m11:18:07.049138 [debug] [MainThread]: running dbt with arguments {'maximum_seed_size_mib': '1', 'no_print': 'None', 'static_parser': 'True', 'target_path': 'None', 'version_check': 'True', 'warn_error_options': 'WarnErrorOptionsV2(error=[], warn=[], silence=[])', 'printer_width': '80', 'write_json': 'True', 'empty': 'False', 'log_cache_events': 'False', 'introspect': 'True', 'cache_selected_only': 'False', 'log_format': 'default', 'debug': 'False', 'fail_fast': 'False', 'partial_parse': 'True', 'send_anonymous_usage_stats': 'True', 'quiet': 'False', 'warn_error': 'None', 'profiles_dir': 'D:\\DE Matrials\\Projects\\DE Projects\\FirstProject_DBT_AIRFLOW_SNOWFLAKE_FIVETRAN\\healthcare_dbt', 'invocation_command': 'dbt run --select gold', 'hints_enabled': 'True', 'indirect_selection': 'eager', 'use_experimental_parser': 'False', 'use_colors': 'True', 'log_path': 'D:\\DE Matrials\\Projects\\DE Projects\\FirstProject_DBT_AIRFLOW_SNOWFLAKE_FIVETRAN\\healthcare_dbt\\logs'}
[0m11:18:09.210382 [debug] [MainThread]: Snowflake adapter: Setting snowflake.connector to ERROR (file logging only)
[0m11:18:09.210926 [debug] [MainThread]: Snowflake adapter: Setting botocore to ERROR (file logging only)
[0m11:18:09.211271 [debug] [MainThread]: Snowflake adapter: Setting boto3 to ERROR (file logging only)
[0m11:18:10.006762 [debug] [MainThread]: Sending event: {'category': 'dbt', 'action': 'project_id', 'label': '8bd4d59f-ad29-4603-8905-2ed692530fa9', 'context': [<snowplow_tracker.self_describing_json.SelfDescribingJson object at 0x000002059C337100>]}
[0m11:18:10.087916 [debug] [MainThread]: Sending event: {'category': 'dbt', 'action': 'adapter_info', 'label': '8bd4d59f-ad29-4603-8905-2ed692530fa9', 'context': [<snowplow_tracker.self_describing_json.SelfDescribingJson object at 0x000002058BE988D0>]}
[0m11:18:10.089383 [info ] [MainThread]: Registered adapter: snowflake=1.12.0
[0m11:18:10.877954 [debug] [MainThread]: checksum: cd11ddf55c3f57c7cf223dea061db390e40f8619709a911fb3f7b2e110e1d310, vars: {}, profile: healthcare_dbt, target: dev, version: 1.12.3
[0m11:18:11.195149 [debug] [MainThread]: Partial parsing enabled: 0 files deleted, 5 files added, 0 files changed.
[0m11:18:11.195863 [debug] [MainThread]: Partial parsing: added file: healthcare_dbt://models\gold\dim_treatment.sql
[0m11:18:11.196511 [debug] [MainThread]: Partial parsing: added file: healthcare_dbt://models\gold\dim_department.sql
[0m11:18:11.197038 [debug] [MainThread]: Partial parsing: added file: healthcare_dbt://models\gold\dim_patient.sql
[0m11:18:11.197534 [debug] [MainThread]: Partial parsing: added file: healthcare_dbt://models\gold\dim_date.sql
[0m11:18:11.198011 [debug] [MainThread]: Partial parsing: added file: healthcare_dbt://models\gold\fact_visits.sql
[0m11:18:11.632979 [debug] [MainThread]: Sending event: {'category': 'dbt', 'action': 'load_project', 'label': '8bd4d59f-ad29-4603-8905-2ed692530fa9', 'context': [<snowplow_tracker.self_describing_json.SelfDescribingJson object at 0x00000205A00B8350>]}
[0m11:18:11.843339 [debug] [MainThread]: Wrote artifact WritableManifest to D:\DE Matrials\Projects\DE Projects\FirstProject_DBT_AIRFLOW_SNOWFLAKE_FIVETRAN\healthcare_dbt\target\manifest.json
[0m11:18:11.849293 [debug] [MainThread]: Wrote artifact SemanticManifest to D:\DE Matrials\Projects\DE Projects\FirstProject_DBT_AIRFLOW_SNOWFLAKE_FIVETRAN\healthcare_dbt\target\semantic_manifest.json
[0m11:18:11.903263 [debug] [MainThread]: Wrote artifact OsiDocument to D:\DE Matrials\Projects\DE Projects\FirstProject_DBT_AIRFLOW_SNOWFLAKE_FIVETRAN\healthcare_dbt\target\osi_document.json
[0m11:18:11.925749 [debug] [MainThread]: Sending event: {'category': 'dbt', 'action': 'resource_counts', 'label': '8bd4d59f-ad29-4603-8905-2ed692530fa9', 'context': [<snowplow_tracker.self_describing_json.SelfDescribingJson object at 0x00000205A024FF20>]}
[0m11:18:11.926713 [info ] [MainThread]: Found 6 models, 1 source, 546 macros
[0m11:18:11.927383 [debug] [MainThread]: Sending event: {'category': 'dbt', 'action': 'runnable_timing', 'label': '8bd4d59f-ad29-4603-8905-2ed692530fa9', 'context': [<snowplow_tracker.self_describing_json.SelfDescribingJson object at 0x000002059FFC65F0>]}
[0m11:18:11.929784 [info ] [MainThread]: 
[0m11:18:11.930414 [info ] [MainThread]: Concurrency: 4 threads (target='dev')
[0m11:18:11.930822 [info ] [MainThread]: 
[0m11:18:11.931476 [debug] [MainThread]: Acquiring new snowflake connection 'master'
[0m11:18:11.937536 [debug] [ThreadPool]: Acquiring new snowflake connection 'list_HEALTHCARE_DB'
[0m11:18:11.957245 [debug] [ThreadPool]: Using snowflake connection "list_HEALTHCARE_DB"
[0m11:18:11.957761 [debug] [ThreadPool]: On list_HEALTHCARE_DB: show terse schemas in database HEALTHCARE_DB
    limit 10000
/* {"app": "dbt", "dbt_version": "1.12.3", "profile_name": "healthcare_dbt", "target_name": "dev", "connection_name": "list_HEALTHCARE_DB"} */
[0m11:18:11.958114 [debug] [ThreadPool]: Opening a new connection, currently in state init
[0m11:18:14.300816 [debug] [ThreadPool]: SQL status: SUCCESS 4 in 2.342 seconds
[0m11:18:14.308189 [debug] [ThreadPool]: Acquiring new snowflake connection 'list_HEALTHCARE_DB_SILVER'
[0m11:18:14.337676 [debug] [ThreadPool]: Acquiring new snowflake connection 'list_HEALTHCARE_DB_GOLD'
[0m11:18:14.344049 [debug] [ThreadPool]: Using snowflake connection "list_HEALTHCARE_DB_SILVER"
[0m11:18:14.355837 [debug] [ThreadPool]: On list_HEALTHCARE_DB_SILVER: show objects in HEALTHCARE_DB.SILVER
    limit 10000
    

/* {"app": "dbt", "dbt_version": "1.12.3", "profile_name": "healthcare_dbt", "target_name": "dev", "connection_name": "list_HEALTHCARE_DB_SILVER"} */;
[0m11:18:14.356430 [debug] [ThreadPool]: Opening a new connection, currently in state init
[0m11:18:14.355164 [debug] [ThreadPool]: Using snowflake connection "list_HEALTHCARE_DB_GOLD"
[0m11:18:14.357381 [debug] [ThreadPool]: On list_HEALTHCARE_DB_GOLD: show objects in HEALTHCARE_DB.GOLD
    limit 10000
    

/* {"app": "dbt", "dbt_version": "1.12.3", "profile_name": "healthcare_dbt", "target_name": "dev", "connection_name": "list_HEALTHCARE_DB_GOLD"} */;
[0m11:18:14.358013 [debug] [ThreadPool]: Opening a new connection, currently in state init
[0m11:18:15.629703 [debug] [ThreadPool]: SQL status: SUCCESS 0 in 1.272 seconds
[0m11:18:15.636558 [debug] [ThreadPool]: Using snowflake connection "list_HEALTHCARE_DB_GOLD"
[0m11:18:15.637206 [debug] [ThreadPool]: On list_HEALTHCARE_DB_GOLD: show user functions in HEALTHCARE_DB.GOLD
/* {"app": "dbt", "dbt_version": "1.12.3", "profile_name": "healthcare_dbt", "target_name": "dev", "connection_name": "list_HEALTHCARE_DB_GOLD"} */
[0m11:18:15.644578 [debug] [ThreadPool]: SQL status: SUCCESS 1 in 1.288 seconds
[0m11:18:15.648281 [debug] [ThreadPool]: Using snowflake connection "list_HEALTHCARE_DB_SILVER"
[0m11:18:15.648940 [debug] [ThreadPool]: On list_HEALTHCARE_DB_SILVER: show user functions in HEALTHCARE_DB.SILVER
/* {"app": "dbt", "dbt_version": "1.12.3", "profile_name": "healthcare_dbt", "target_name": "dev", "connection_name": "list_HEALTHCARE_DB_SILVER"} */
[0m11:18:15.832040 [debug] [ThreadPool]: SQL status: SUCCESS 0 in 0.194 seconds
[0m11:18:15.833236 [debug] [ThreadPool]: SQL status: SUCCESS 0 in 0.184 seconds
[0m11:18:15.837340 [debug] [MainThread]: Sending event: {'category': 'dbt', 'action': 'runnable_timing', 'label': '8bd4d59f-ad29-4603-8905-2ed692530fa9', 'context': [<snowplow_tracker.self_describing_json.SelfDescribingJson object at 0x00000205A1454A10>]}
[0m11:18:15.845274 [debug] [Thread-4 (]: Began running node model.healthcare_dbt.dim_patient
[0m11:18:15.845893 [debug] [Thread-3 (]: Began running node model.healthcare_dbt.dim_department
[0m11:18:15.846322 [debug] [Thread-2 (]: Began running node model.healthcare_dbt.dim_date
[0m11:18:15.846732 [debug] [Thread-5 (]: Began running node model.healthcare_dbt.dim_treatment
[0m11:18:15.847287 [info ] [Thread-4 (]: 3 of 5 START sql table model GOLD.dim_patient .................................. [RUN]
[0m11:18:15.850964 [debug] [Thread-4 (]: Acquiring new snowflake connection 'model.healthcare_dbt.dim_patient'
[0m11:18:15.851705 [debug] [Thread-4 (]: Began compiling node model.healthcare_dbt.dim_patient
[0m11:18:15.847910 [info ] [Thread-3 (]: 2 of 5 START sql table model GOLD.dim_department ............................... [RUN]
[0m11:18:15.848922 [info ] [Thread-2 (]: 1 of 5 START sql table model GOLD.dim_date ..................................... [RUN]
[0m11:18:15.903592 [debug] [Thread-4 (]: Writing injected SQL for node "model.healthcare_dbt.dim_patient"
[0m11:18:15.904304 [debug] [Thread-3 (]: Acquiring new snowflake connection 'model.healthcare_dbt.dim_department'
[0m11:18:15.849864 [info ] [Thread-5 (]: 4 of 5 START sql table model GOLD.dim_treatment ................................ [RUN]
[0m11:18:15.907001 [debug] [Thread-5 (]: Acquiring new snowflake connection 'model.healthcare_dbt.dim_treatment'
[0m11:18:15.907478 [debug] [Thread-5 (]: Began compiling node model.healthcare_dbt.dim_treatment
[0m11:18:15.906190 [debug] [Thread-3 (]: Began compiling node model.healthcare_dbt.dim_department
[0m11:18:15.905339 [debug] [Thread-2 (]: Acquiring new snowflake connection 'model.healthcare_dbt.dim_date'
[0m11:18:15.910437 [debug] [Thread-5 (]: Writing injected SQL for node "model.healthcare_dbt.dim_treatment"
[0m11:18:15.913935 [debug] [Thread-3 (]: Writing injected SQL for node "model.healthcare_dbt.dim_department"
[0m11:18:15.914475 [debug] [Thread-2 (]: Began compiling node model.healthcare_dbt.dim_date
[0m11:18:15.917173 [debug] [Thread-2 (]: Writing injected SQL for node "model.healthcare_dbt.dim_date"
[0m11:18:15.917809 [debug] [Thread-4 (]: Began executing node model.healthcare_dbt.dim_patient
[0m11:18:15.955526 [debug] [Thread-4 (]: Writing runtime sql for node "model.healthcare_dbt.dim_patient"
[0m11:18:15.956821 [debug] [Thread-5 (]: Began executing node model.healthcare_dbt.dim_treatment
[0m11:18:15.957521 [debug] [Thread-2 (]: Began executing node model.healthcare_dbt.dim_date
[0m11:18:15.958020 [debug] [Thread-3 (]: Began executing node model.healthcare_dbt.dim_department
[0m11:18:15.960831 [debug] [Thread-5 (]: Writing runtime sql for node "model.healthcare_dbt.dim_treatment"
[0m11:18:15.964234 [debug] [Thread-2 (]: Writing runtime sql for node "model.healthcare_dbt.dim_date"
[0m11:18:15.967405 [debug] [Thread-3 (]: Writing runtime sql for node "model.healthcare_dbt.dim_department"
[0m11:18:15.970361 [debug] [Thread-4 (]: Using snowflake connection "model.healthcare_dbt.dim_patient"
[0m11:18:15.971273 [debug] [Thread-4 (]: On model.healthcare_dbt.dim_patient: create or replace transient table HEALTHCARE_DB.GOLD.dim_patient
    
    
    
    
    

    as (WITH source AS (
    SELECT * FROM HEALTHCARE_DB.SILVER.stg_healthcare
),

dim_patient AS (
    SELECT DISTINCT
        patient_id,
        age_group,
        gender,
        region,
        risk_category
    FROM source
)

SELECT * FROM dim_patient
    )

/* {"app": "dbt", "dbt_version": "1.12.3", "profile_name": "healthcare_dbt", "target_name": "dev", "node_id": "model.healthcare_dbt.dim_patient"} */;
[0m11:18:15.971817 [debug] [Thread-4 (]: Opening a new connection, currently in state init
[0m11:18:15.974301 [debug] [Thread-5 (]: Using snowflake connection "model.healthcare_dbt.dim_treatment"
[0m11:18:15.976193 [debug] [Thread-5 (]: On model.healthcare_dbt.dim_treatment: create or replace transient table HEALTHCARE_DB.GOLD.dim_treatment
    
    
    
    
    

    as (WITH source AS (
    SELECT * FROM HEALTHCARE_DB.SILVER.stg_healthcare
),

dim_treatment AS (
    SELECT DISTINCT
        treatment_type,
        visit_type
    FROM source
)

SELECT * FROM dim_treatment
    )

/* {"app": "dbt", "dbt_version": "1.12.3", "profile_name": "healthcare_dbt", "target_name": "dev", "node_id": "model.healthcare_dbt.dim_treatment"} */;
[0m11:18:15.978636 [debug] [Thread-5 (]: Opening a new connection, currently in state init
[0m11:18:15.975512 [debug] [Thread-2 (]: Using snowflake connection "model.healthcare_dbt.dim_date"
[0m11:18:15.977705 [debug] [Thread-3 (]: Using snowflake connection "model.healthcare_dbt.dim_department"
[0m11:18:15.980525 [debug] [Thread-2 (]: On model.healthcare_dbt.dim_date: create or replace transient table HEALTHCARE_DB.GOLD.dim_date
    
    
    
    
    

    as (WITH source AS (
    SELECT * FROM HEALTHCARE_DB.SILVER.stg_healthcare
),

dim_date AS (
    SELECT DISTINCT
        visit_date                AS full_date,
        visit_year                AS year,
        visit_month               AS month_number,
        visit_month_name          AS month_name,
        visit_quarter             AS quarter,
        visit_day_name            AS day_of_week
    FROM source
)

SELECT * FROM dim_date
    )

/* {"app": "dbt", "dbt_version": "1.12.3", "profile_name": "healthcare_dbt", "target_name": "dev", "node_id": "model.healthcare_dbt.dim_date"} */;
[0m11:18:15.984071 [debug] [Thread-3 (]: On model.healthcare_dbt.dim_department: create or replace transient table HEALTHCARE_DB.GOLD.dim_department
    
    
    
    
    

    as (WITH source AS (
    SELECT * FROM HEALTHCARE_DB.SILVER.stg_healthcare
),

dim_department AS (
    SELECT DISTINCT
        department                AS department_name,
        region
    FROM source
)

SELECT * FROM dim_department
    )

/* {"app": "dbt", "dbt_version": "1.12.3", "profile_name": "healthcare_dbt", "target_name": "dev", "node_id": "model.healthcare_dbt.dim_department"} */;
[0m11:18:15.990313 [debug] [Thread-3 (]: Opening a new connection, currently in state init
[0m11:18:15.989261 [debug] [Thread-2 (]: Opening a new connection, currently in state init
[0m11:18:17.930635 [debug] [Thread-4 (]: SQL status: SUCCESS 100 in 1.959 seconds
[0m11:18:17.933812 [debug] [Thread-5 (]: SQL status: SUCCESS 20 in 1.955 seconds
[0m11:18:17.965347 [debug] [Thread-2 (]: SQL status: SUCCESS 86 in 1.976 seconds
[0m11:18:18.016163 [debug] [Thread-4 (]: Sending event: {'category': 'dbt', 'action': 'run_model', 'label': '8bd4d59f-ad29-4603-8905-2ed692530fa9', 'context': [<snowplow_tracker.self_describing_json.SelfDescribingJson object at 0x00000205A15B16D0>]}
[0m11:18:18.017148 [debug] [Thread-5 (]: Sending event: {'category': 'dbt', 'action': 'run_model', 'label': '8bd4d59f-ad29-4603-8905-2ed692530fa9', 'context': [<snowplow_tracker.self_describing_json.SelfDescribingJson object at 0x0000020588D8C9F0>]}
[0m11:18:18.017921 [debug] [Thread-2 (]: Sending event: {'category': 'dbt', 'action': 'run_model', 'label': '8bd4d59f-ad29-4603-8905-2ed692530fa9', 'context': [<snowplow_tracker.self_describing_json.SelfDescribingJson object at 0x00000205A16CBAC0>]}
[0m11:18:18.019377 [info ] [Thread-4 (]: 3 of 5 OK created sql table model GOLD.dim_patient ............................. [[32mSUCCESS 100[0m in 2.15s]
[0m11:18:18.024281 [debug] [Thread-4 (]: Finished running node model.healthcare_dbt.dim_patient
[0m11:18:18.020951 [info ] [Thread-5 (]: 4 of 5 OK created sql table model GOLD.dim_treatment ........................... [[32mSUCCESS 20[0m in 2.09s]
[0m11:18:18.026359 [debug] [Thread-5 (]: Finished running node model.healthcare_dbt.dim_treatment
[0m11:18:18.022654 [info ] [Thread-2 (]: 1 of 5 OK created sql table model GOLD.dim_date ................................ [[32mSUCCESS 86[0m in 2.11s]
[0m11:18:18.029327 [debug] [Thread-2 (]: Finished running node model.healthcare_dbt.dim_date
[0m11:18:18.175952 [debug] [Thread-3 (]: SQL status: SUCCESS 20 in 2.185 seconds
[0m11:18:18.183111 [debug] [Thread-3 (]: Sending event: {'category': 'dbt', 'action': 'run_model', 'label': '8bd4d59f-ad29-4603-8905-2ed692530fa9', 'context': [<snowplow_tracker.self_describing_json.SelfDescribingJson object at 0x000002059FF89050>]}
[0m11:18:18.185363 [info ] [Thread-3 (]: 2 of 5 OK created sql table model GOLD.dim_department .......................... [[32mSUCCESS 20[0m in 2.28s]
[0m11:18:18.188502 [debug] [Thread-3 (]: Finished running node model.healthcare_dbt.dim_department
[0m11:18:18.191179 [debug] [Thread-4 (]: Began running node model.healthcare_dbt.fact_visits
[0m11:18:18.192938 [info ] [Thread-4 (]: 5 of 5 START sql table model GOLD.fact_visits .................................. [RUN]
[0m11:18:18.195217 [debug] [Thread-4 (]: Re-using an available connection from the pool (formerly model.healthcare_dbt.dim_patient, now model.healthcare_dbt.fact_visits)
[0m11:18:18.196344 [debug] [Thread-4 (]: Began compiling node model.healthcare_dbt.fact_visits
[0m11:18:18.204581 [debug] [Thread-4 (]: Writing injected SQL for node "model.healthcare_dbt.fact_visits"
[0m11:18:18.209137 [debug] [Thread-4 (]: Began executing node model.healthcare_dbt.fact_visits
[0m11:18:18.214995 [debug] [Thread-4 (]: Writing runtime sql for node "model.healthcare_dbt.fact_visits"
[0m11:18:18.222340 [debug] [Thread-4 (]: Using snowflake connection "model.healthcare_dbt.fact_visits"
[0m11:18:18.223285 [debug] [Thread-4 (]: On model.healthcare_dbt.fact_visits: create or replace transient table HEALTHCARE_DB.GOLD.fact_visits
    
    
    
    
    

    as (WITH source AS (
    SELECT * FROM HEALTHCARE_DB.SILVER.stg_healthcare
),

fact_visits AS (
    SELECT
        -- Keys
        s.patient_id,
        s.visit_date              AS visit_date,

        -- Foreign key references
        p.patient_id              AS patient_fk,
        d.full_date               AS date_fk,
        dp.department_name        AS department_fk,
        t.treatment_type          AS treatment_fk,

        -- Measures
        s.visit_type,
        s.length_of_stay_days,
        s.treatment_cost,
        s.recovery_score,
        s.readmission_risk,
        s.risk_category,
        s.cost_bucket

    FROM source s
    LEFT JOIN HEALTHCARE_DB.GOLD.dim_patient    p  ON s.patient_id    = p.patient_id
    LEFT JOIN HEALTHCARE_DB.GOLD.dim_date       d  ON s.visit_date    = d.full_date
    LEFT JOIN HEALTHCARE_DB.GOLD.dim_department dp ON s.department    = dp.department_name
    LEFT JOIN HEALTHCARE_DB.GOLD.dim_treatment  t  ON s.treatment_type = t.treatment_type
)

SELECT * FROM fact_visits
    )

/* {"app": "dbt", "dbt_version": "1.12.3", "profile_name": "healthcare_dbt", "target_name": "dev", "node_id": "model.healthcare_dbt.fact_visits"} */;
[0m11:18:19.215313 [debug] [Thread-4 (]: SQL status: SUCCESS 1600 in 0.991 seconds
[0m11:18:19.219480 [debug] [Thread-4 (]: Sending event: {'category': 'dbt', 'action': 'run_model', 'label': '8bd4d59f-ad29-4603-8905-2ed692530fa9', 'context': [<snowplow_tracker.self_describing_json.SelfDescribingJson object at 0x00000205A1399160>]}
[0m11:18:19.221108 [info ] [Thread-4 (]: 5 of 5 OK created sql table model GOLD.fact_visits ............................. [[32mSUCCESS 1600[0m in 1.02s]
[0m11:18:19.223104 [debug] [Thread-4 (]: Finished running node model.healthcare_dbt.fact_visits
[0m11:18:19.227208 [debug] [MainThread]: Connection 'master' was properly closed.
[0m11:18:19.228558 [debug] [MainThread]: Connection 'list_HEALTHCARE_DB' was left open.
[0m11:18:19.229128 [debug] [MainThread]: On list_HEALTHCARE_DB: Close
[0m11:18:19.608661 [debug] [MainThread]: Connection 'list_HEALTHCARE_DB_SILVER' was left open.
[0m11:18:19.609794 [debug] [MainThread]: On list_HEALTHCARE_DB_SILVER: Close
[0m11:18:20.125643 [debug] [MainThread]: Connection 'list_HEALTHCARE_DB_GOLD' was left open.
[0m11:18:20.126684 [debug] [MainThread]: On list_HEALTHCARE_DB_GOLD: Close
[0m11:18:20.499918 [debug] [MainThread]: Connection 'model.healthcare_dbt.fact_visits' was left open.
[0m11:18:20.500890 [debug] [MainThread]: On model.healthcare_dbt.fact_visits: Close
[0m11:18:21.012243 [debug] [MainThread]: Connection 'model.healthcare_dbt.dim_department' was left open.
[0m11:18:21.013166 [debug] [MainThread]: On model.healthcare_dbt.dim_department: Close
[0m11:18:21.626937 [debug] [MainThread]: Connection 'model.healthcare_dbt.dim_date' was left open.
[0m11:18:21.628012 [debug] [MainThread]: On model.healthcare_dbt.dim_date: Close
[0m11:18:22.029910 [debug] [MainThread]: Connection 'model.healthcare_dbt.dim_treatment' was left open.
[0m11:18:22.030922 [debug] [MainThread]: On model.healthcare_dbt.dim_treatment: Close
[0m11:18:22.446146 [info ] [MainThread]: 
[0m11:18:22.447879 [info ] [MainThread]: Finished running 5 table models in 0 hours 0 minutes and 10.51 seconds (10.51s).
[0m11:18:22.453475 [debug] [MainThread]: Command end result
[0m11:18:22.520273 [debug] [MainThread]: Wrote artifact WritableManifest to D:\DE Matrials\Projects\DE Projects\FirstProject_DBT_AIRFLOW_SNOWFLAKE_FIVETRAN\healthcare_dbt\target\manifest.json
[0m11:18:22.529761 [debug] [MainThread]: Wrote artifact SemanticManifest to D:\DE Matrials\Projects\DE Projects\FirstProject_DBT_AIRFLOW_SNOWFLAKE_FIVETRAN\healthcare_dbt\target\semantic_manifest.json
[0m11:18:22.538839 [debug] [MainThread]: Wrote artifact OsiDocument to D:\DE Matrials\Projects\DE Projects\FirstProject_DBT_AIRFLOW_SNOWFLAKE_FIVETRAN\healthcare_dbt\target\osi_document.json
[0m11:18:22.554089 [debug] [MainThread]: Wrote artifact RunExecutionResult to D:\DE Matrials\Projects\DE Projects\FirstProject_DBT_AIRFLOW_SNOWFLAKE_FIVETRAN\healthcare_dbt\target\run_results.json
[0m11:18:22.554558 [info ] [MainThread]: 
[0m11:18:22.555291 [info ] [MainThread]: [32mCompleted successfully[0m
[0m11:18:22.556123 [info ] [MainThread]: 
[0m11:18:22.556725 [info ] [MainThread]: Done. PASS=5 WARN=0 ERROR=0 SKIP=0 NO-OP=0 REUSED=0 TOTAL=5
[0m11:18:22.558770 [debug] [MainThread]: Command `dbt run` succeeded at 11:18:22.558525 after 15.82 seconds
[0m11:18:22.559434 [debug] [MainThread]: Sending event: {'category': 'dbt', 'action': 'invocation', 'label': 'end', 'context': [<snowplow_tracker.self_describing_json.SelfDescribingJson object at 0x000002058DB9BFB0>, <snowplow_tracker.self_describing_json.SelfDescribingJson object at 0x00000205A171A210>, <snowplow_tracker.self_describing_json.SelfDescribingJson object at 0x00000205A1777590>]}
[0m11:18:22.559941 [debug] [MainThread]: Flushing usage events
[0m11:18:25.310623 [debug] [MainThread]: An error was encountered while trying to flush usage events
[0m05:12:40.492483 [debug] [MainThread]: Sending event: {'category': 'dbt', 'action': 'invocation', 'label': 'start', 'context': [<snowplow_tracker.self_describing_json.SelfDescribingJson object at 0x7f419105c7d0>, <snowplow_tracker.self_describing_json.SelfDescribingJson object at 0x7f4192a68bf0>, <snowplow_tracker.self_describing_json.SelfDescribingJson object at 0x7f419105e9c0>]}


============================== 05:12:40.507641 | 68814859-fb35-4893-9648-b928ce01dddb ==============================
[0m05:12:40.507641 [info ] [MainThread]: Running with dbt=1.12.3
[0m05:12:40.508943 [debug] [MainThread]: running dbt with arguments {'quiet': 'False', 'log_path': '/mnt/d/DE Matrials/Projects/DE Projects/FirstProject_DBT_AIRFLOW_SNOWFLAKE_FIVETRAN/healthcare_dbt/logs', 'hints_enabled': 'True', 'profiles_dir': '/mnt/d/DE Matrials/Projects/DE Projects/FirstProject_DBT_AIRFLOW_SNOWFLAKE_FIVETRAN/healthcare_dbt', 'use_experimental_parser': 'False', 'partial_parse': 'True', 'warn_error': 'None', 'debug': 'False', 'maximum_seed_size_mib': '1', 'version_check': 'True', 'log_format': 'default', 'indirect_selection': 'eager', 'introspect': 'True', 'fail_fast': 'False', 'target_path': 'None', 'use_colors': 'True', 'warn_error_options': 'WarnErrorOptionsV2(error=[], warn=[], silence=[])', 'send_anonymous_usage_stats': 'True', 'empty': 'None', 'no_print': 'None', 'invocation_command': 'dbt debug', 'write_json': 'True', 'static_parser': 'True', 'printer_width': '80', 'cache_selected_only': 'False', 'log_cache_events': 'False'}
[0m05:12:40.696580 [info ] [MainThread]: dbt version: 1.12.3
[0m05:12:40.697575 [info ] [MainThread]: python version: 3.12.3
[0m05:12:40.698435 [info ] [MainThread]: python path: /mnt/d/DE Matrials/ETL Tools/Apache Airflow/Earthquake/venv/bin/python3.12
[0m05:12:40.699376 [info ] [MainThread]: os info: Linux-5.15.167.4-microsoft-standard-WSL2-x86_64-with-glibc2.39
[0m05:12:45.332902 [debug] [MainThread]: Snowflake adapter: Setting snowflake.connector to ERROR (file logging only)
[0m05:12:45.334108 [debug] [MainThread]: Snowflake adapter: Setting botocore to ERROR (file logging only)
[0m05:12:45.335322 [debug] [MainThread]: Snowflake adapter: Setting boto3 to ERROR (file logging only)
[0m05:12:48.204567 [info ] [MainThread]: Using profiles dir at /mnt/d/DE Matrials/Projects/DE Projects/FirstProject_DBT_AIRFLOW_SNOWFLAKE_FIVETRAN/healthcare_dbt
[0m05:12:48.206501 [info ] [MainThread]: Using profiles.yml file at /mnt/d/DE Matrials/Projects/DE Projects/FirstProject_DBT_AIRFLOW_SNOWFLAKE_FIVETRAN/healthcare_dbt/profiles.yml
[0m05:12:48.208205 [info ] [MainThread]: Using dbt_project.yml file at /mnt/d/DE Matrials/Projects/DE Projects/FirstProject_DBT_AIRFLOW_SNOWFLAKE_FIVETRAN/healthcare_dbt/dbt_project.yml
[0m05:12:48.222714 [info ] [MainThread]: adapter type: snowflake
[0m05:12:48.223932 [info ] [MainThread]: adapter version: 1.12.0
[0m05:12:48.352931 [info ] [MainThread]: Configuration:
[0m05:12:48.355144 [info ] [MainThread]:   profiles.yml file [[32mOK found and valid[0m]
[0m05:12:48.357229 [info ] [MainThread]:   dbt_project.yml file [[32mOK found and valid[0m]
[0m05:12:48.359311 [info ] [MainThread]: Required dependencies:
[0m05:12:48.361239 [debug] [MainThread]: Executing "git --help"
[0m05:12:48.397874 [debug] [MainThread]: STDOUT: "b"usage: git [-v | --version] [-h | --help] [-C <path>] [-c <name>=<value>]\n           [--exec-path[=<path>]] [--html-path] [--man-path] [--info-path]\n           [-p | --paginate | -P | --no-pager] [--no-replace-objects] [--bare]\n           [--git-dir=<path>] [--work-tree=<path>] [--namespace=<name>]\n           [--config-env=<name>=<envvar>] <command> [<args>]\n\nThese are common Git commands used in various situations:\n\nstart a working area (see also: git help tutorial)\n   clone     Clone a repository into a new directory\n   init      Create an empty Git repository or reinitialize an existing one\n\nwork on the current change (see also: git help everyday)\n   add       Add file contents to the index\n   mv        Move or rename a file, a directory, or a symlink\n   restore   Restore working tree files\n   rm        Remove files from the working tree and from the index\n\nexamine the history and state (see also: git help revisions)\n   bisect    Use binary search to find the commit that introduced a bug\n   diff      Show changes between commits, commit and working tree, etc\n   grep      Print lines matching a pattern\n   log       Show commit logs\n   show      Show various types of objects\n   status    Show the working tree status\n\ngrow, mark and tweak your common history\n   branch    List, create, or delete branches\n   commit    Record changes to the repository\n   merge     Join two or more development histories together\n   rebase    Reapply commits on top of another base tip\n   reset     Reset current HEAD to the specified state\n   switch    Switch branches\n   tag       Create, list, delete or verify a tag object signed with GPG\n\ncollaborate (see also: git help workflows)\n   fetch     Download objects and refs from another repository\n   pull      Fetch from and integrate with another repository or a local branch\n   push      Update remote refs along with associated objects\n\n'git help -a' and 'git help -g' list available subcommands and some\nconcept guides. See 'git help <command>' or 'git help <concept>'\nto read about a specific subcommand or concept.\nSee 'git help git' for an overview of the system.\n""
[0m05:12:48.400050 [debug] [MainThread]: STDERR: "b''"
[0m05:12:48.401723 [info ] [MainThread]:  - git [[32mOK found[0m]

[0m05:12:48.403477 [info ] [MainThread]: Connection:
[0m05:12:48.405401 [info ] [MainThread]:   account: HYPPNSV-YC37243
[0m05:12:48.407433 [info ] [MainThread]:   user: DBT_USER
[0m05:12:48.408917 [info ] [MainThread]:   database: HEALTHCARE_DB
[0m05:12:48.410521 [info ] [MainThread]:   warehouse: HEALTHCARE_WH
[0m05:12:48.412289 [info ] [MainThread]:   role: DBT_ROLE
[0m05:12:48.413780 [info ] [MainThread]:   schema: SLIVER
[0m05:12:48.415397 [info ] [MainThread]:   authenticator: None
[0m05:12:48.416991 [info ] [MainThread]:   oauth_client_id: None
[0m05:12:48.418993 [info ] [MainThread]:   query_tag: None
[0m05:12:48.420504 [info ] [MainThread]:   client_session_keep_alive: False
[0m05:12:48.421829 [info ] [MainThread]:   host: None
[0m05:12:48.423065 [info ] [MainThread]:   port: None
[0m05:12:48.424341 [info ] [MainThread]:   proxy_host: None
[0m05:12:48.425712 [info ] [MainThread]:   proxy_port: None
[0m05:12:48.426950 [info ] [MainThread]:   protocol: None
[0m05:12:48.428577 [info ] [MainThread]:   connect_retries: 1
[0m05:12:48.429953 [info ] [MainThread]:   connect_timeout: None
[0m05:12:48.431521 [info ] [MainThread]:   retry_on_database_errors: False
[0m05:12:48.432818 [info ] [MainThread]:   retry_all: False
[0m05:12:48.434120 [info ] [MainThread]:   insecure_mode: False
[0m05:12:48.435366 [info ] [MainThread]:   reuse_connections: True
[0m05:12:48.436601 [info ] [MainThread]:   s3_stage_vpce_dns_name: None
[0m05:12:48.437782 [info ] [MainThread]:   workload_identity_provider: None
[0m05:12:48.439178 [info ] [MainThread]:   workload_identity_entra_resource: None
[0m05:12:48.440337 [info ] [MainThread]:   platform_detection_timeout_seconds: 0.0
[0m05:12:48.443330 [info ] [MainThread]: Registered adapter: snowflake=1.12.0
[0m05:12:58.231920 [debug] [MainThread]: Acquiring new snowflake connection 'debug'
[0m05:12:58.241545 [debug] [MainThread]: Using snowflake connection "debug"
[0m05:12:58.242905 [debug] [MainThread]: On debug: select 1 as id
[0m05:12:58.244107 [debug] [MainThread]: Opening a new connection, currently in state init
[0m05:13:03.890392 [debug] [MainThread]: SQL status: SUCCESS 1 in 3.181 seconds
[0m05:13:03.893080 [info ] [MainThread]:   Connection test: [[32mOK connection ok[0m]

[0m05:13:03.894841 [info ] [MainThread]: [32mAll checks passed![0m
[0m05:13:03.904935 [debug] [MainThread]: Resource report: {"command_name": "debug", "command_success": true, "command_wall_clock_time": 21.055573, "process_in_blocks": "61616", "process_kernel_time": 2.05284, "process_mem_max_rss": "157564", "process_out_blocks": "4920", "process_user_time": 3.41803}
[0m05:13:03.908423 [debug] [MainThread]: Command `dbt debug` succeeded at 05:13:03.908111 after 21.06 seconds
[0m05:13:03.910626 [debug] [MainThread]: Connection 'debug' was left open.
[0m05:13:03.912325 [debug] [MainThread]: On debug: Close
[0m05:13:04.336285 [debug] [MainThread]: Sending event: {'category': 'dbt', 'action': 'invocation', 'label': 'end', 'context': [<snowplow_tracker.self_describing_json.SelfDescribingJson object at 0x7f4190fb82c0>, <snowplow_tracker.self_describing_json.SelfDescribingJson object at 0x7f41919a2720>, <snowplow_tracker.self_describing_json.SelfDescribingJson object at 0x7f418e4a4140>]}
[0m05:13:04.339088 [debug] [MainThread]: Flushing usage events
[0m05:13:05.713666 [debug] [MainThread]: An error was encountered while trying to flush usage events
[0m05:27:02.223322 [debug] [MainThread]: Sending event: {'category': 'dbt', 'action': 'invocation', 'label': 'start', 'context': [<snowplow_tracker.self_describing_json.SelfDescribingJson object at 0x7fbf69baaea0>, <snowplow_tracker.self_describing_json.SelfDescribingJson object at 0x7fbf6a9d3980>, <snowplow_tracker.self_describing_json.SelfDescribingJson object at 0x7fbf69baa630>]}


============================== 05:27:02.244882 | 9aa09efc-937e-43d4-bc39-e8ad4eace585 ==============================
[0m05:27:02.244882 [info ] [MainThread]: Running with dbt=1.12.3
[0m05:27:02.247089 [debug] [MainThread]: running dbt with arguments {'introspect': 'True', 'profiles_dir': '/mnt/d/DE Matrials/Projects/DE Projects/FirstProject_DBT_AIRFLOW_SNOWFLAKE_FIVETRAN/healthcare_dbt', 'indirect_selection': 'eager', 'version_check': 'True', 'printer_width': '80', 'hints_enabled': 'True', 'no_print': 'None', 'quiet': 'False', 'write_json': 'True', 'warn_error_options': 'WarnErrorOptionsV2(error=[], warn=[], silence=[])', 'use_colors': 'True', 'invocation_command': 'dbt run --select silver', 'target_path': 'None', 'log_format': 'default', 'cache_selected_only': 'False', 'static_parser': 'True', 'log_path': '/mnt/d/DE Matrials/Projects/DE Projects/FirstProject_DBT_AIRFLOW_SNOWFLAKE_FIVETRAN/healthcare_dbt/logs', 'maximum_seed_size_mib': '1', 'empty': 'False', 'partial_parse': 'True', 'send_anonymous_usage_stats': 'True', 'fail_fast': 'False', 'use_experimental_parser': 'False', 'warn_error': 'None', 'log_cache_events': 'False', 'debug': 'False'}
[0m05:27:06.684008 [debug] [MainThread]: Snowflake adapter: Setting snowflake.connector to ERROR (file logging only)
[0m05:27:06.685189 [debug] [MainThread]: Snowflake adapter: Setting botocore to ERROR (file logging only)
[0m05:27:06.686120 [debug] [MainThread]: Snowflake adapter: Setting boto3 to ERROR (file logging only)
[0m05:27:10.423410 [debug] [MainThread]: Sending event: {'category': 'dbt', 'action': 'project_id', 'label': '9aa09efc-937e-43d4-bc39-e8ad4eace585', 'context': [<snowplow_tracker.self_describing_json.SelfDescribingJson object at 0x7fbf6c691310>]}
[0m05:27:10.521415 [debug] [MainThread]: Sending event: {'category': 'dbt', 'action': 'adapter_info', 'label': '9aa09efc-937e-43d4-bc39-e8ad4eace585', 'context': [<snowplow_tracker.self_describing_json.SelfDescribingJson object at 0x7fbf681cf230>]}
[0m05:27:10.530720 [info ] [MainThread]: Registered adapter: snowflake=1.12.0
[0m05:27:22.837527 [debug] [MainThread]: checksum: cd11ddf55c3f57c7cf223dea061db390e40f8619709a911fb3f7b2e110e1d310, vars: {}, profile: healthcare_dbt, target: dev, version: 1.12.3
[0m05:27:25.707055 [debug] [MainThread]: Partial parsing enabled: 164 files deleted, 164 files added, 0 files changed.
[0m05:27:25.708470 [debug] [MainThread]: Partial parsing: added file: healthcare_dbt://models/silver/stg_healthcare.sql
[0m05:27:25.709713 [debug] [MainThread]: Partial parsing: added file: dbt://macros/utils/last_day.sql
[0m05:27:25.710677 [debug] [MainThread]: Partial parsing: added file: dbt://macros/relations/replace.sql
[0m05:27:25.711756 [debug] [MainThread]: Partial parsing: added file: dbt://macros/adapters/persist_docs.sql
[0m05:27:25.713552 [debug] [MainThread]: Partial parsing: added file: dbt_snowflake://macros/utils/right.sql
[0m05:27:25.715085 [debug] [MainThread]: Partial parsing: added file: dbt://macros/relations/rename_intermediate.sql
[0m05:27:25.716704 [debug] [MainThread]: Partial parsing: added file: dbt://macros/materializations/models/incremental/incremental.sql
[0m05:27:25.717952 [debug] [MainThread]: Partial parsing: added file: dbt://macros/adapters/runtime.sql
[0m05:27:25.719176 [debug] [MainThread]: Partial parsing: added file: dbt://macros/materializations/snapshots/snapshot_merge.sql
[0m05:27:25.720176 [debug] [MainThread]: Partial parsing: added file: dbt_snowflake://macros/utils/cast.sql
[0m05:27:25.721227 [debug] [MainThread]: Partial parsing: added file: dbt://macros/relations/view/drop.sql
[0m05:27:25.722570 [debug] [MainThread]: Partial parsing: added file: dbt://macros/relations/table/replace.sql
[0m05:27:25.723761 [debug] [MainThread]: Partial parsing: added file: dbt://macros/utils/dateadd.sql
[0m05:27:25.725076 [debug] [MainThread]: Partial parsing: added file: dbt_snowflake://macros/utils/equals.sql
[0m05:27:25.726270 [debug] [MainThread]: Partial parsing: added file: dbt_snowflake://macros/utils/timestamps.sql
[0m05:27:25.727653 [debug] [MainThread]: Partial parsing: added file: dbt://macros/relations/create_backup.sql
[0m05:27:25.729117 [debug] [MainThread]: Partial parsing: added file: dbt://macros/relations/view/replace.sql
[0m05:27:25.730343 [debug] [MainThread]: Partial parsing: added file: dbt://macros/utils/date_spine.sql
[0m05:27:25.731718 [debug] [MainThread]: Partial parsing: added file: dbt_snowflake://macros/metadata/list_relations_without_caching.sql
[0m05:27:25.732715 [debug] [MainThread]: Partial parsing: added file: dbt://macros/materializations/models/incremental/strategies.sql
[0m05:27:25.733776 [debug] [MainThread]: Partial parsing: added file: dbt://macros/utils/datediff.sql
[0m05:27:25.734667 [debug] [MainThread]: Partial parsing: added file: dbt://macros/materializations/snapshots/strategies.sql
[0m05:27:25.735756 [debug] [MainThread]: Partial parsing: added file: dbt_snowflake://macros/materializations/functions/aggregate.sql
[0m05:27:25.737022 [debug] [MainThread]: Partial parsing: added file: dbt_snowflake://macros/utils/bool_or.sql
[0m05:27:25.738140 [debug] [MainThread]: Partial parsing: added file: dbt://macros/materializations/seeds/helpers.sql
[0m05:27:25.739539 [debug] [MainThread]: Partial parsing: added file: healthcare_dbt://models/gold/dim_department.sql
[0m05:27:25.740671 [debug] [MainThread]: Partial parsing: added file: dbt://macros/utils/array_append.sql
[0m05:27:25.741671 [debug] [MainThread]: Partial parsing: added file: dbt://macros/utils/right.sql
[0m05:27:25.742988 [debug] [MainThread]: Partial parsing: added file: dbt://macros/adapters/validate_sql.sql
[0m05:27:25.744297 [debug] [MainThread]: Partial parsing: added file: dbt_snowflake://macros/materializations/view.sql
[0m05:27:25.745606 [debug] [MainThread]: Partial parsing: added file: dbt://macros/get_custom_name/get_latest_version_pointer_alias.sql
[0m05:27:25.746984 [debug] [MainThread]: Partial parsing: added file: dbt://macros/utils/cast_bool_to_text.sql
[0m05:27:25.748196 [debug] [MainThread]: Partial parsing: added file: dbt_snowflake://macros/relations/drop.sql
[0m05:27:25.749458 [debug] [MainThread]: Partial parsing: added file: dbt://macros/relations/create.sql
[0m05:27:25.750592 [debug] [MainThread]: Partial parsing: added file: dbt://macros/materializations/tests/unit.sql
[0m05:27:25.751665 [debug] [MainThread]: Partial parsing: added file: dbt://macros/utils/any_value.sql
[0m05:27:25.753055 [debug] [MainThread]: Partial parsing: added file: dbt_snowflake://macros/relations/rename_intermediate.sql
[0m05:27:25.754318 [debug] [MainThread]: Partial parsing: added file: dbt://macros/utils/safe_cast.sql
[0m05:27:25.755442 [debug] [MainThread]: Partial parsing: added file: dbt://macros/relations/materialized_view/replace.sql
[0m05:27:25.756468 [debug] [MainThread]: Partial parsing: added file: dbt_snowflake://macros/relations/replace.sql
[0m05:27:25.757763 [debug] [MainThread]: Partial parsing: added file: dbt://macros/get_custom_name/get_custom_alias.sql
[0m05:27:25.759813 [debug] [MainThread]: Partial parsing: added file: dbt://macros/materializations/models/incremental/is_incremental.sql
[0m05:27:25.761213 [debug] [MainThread]: Partial parsing: added file: dbt_snowflake://macros/relations/dynamic_table/alter.sql
[0m05:27:25.762948 [debug] [MainThread]: Partial parsing: added file: dbt_snowflake://macros/catalog.sql
[0m05:27:25.764239 [debug] [MainThread]: Partial parsing: added file: dbt://macros/relations/column/columns_spec_ddl.sql
[0m05:27:25.765284 [debug] [MainThread]: Partial parsing: added file: dbt://macros/adapters/show.sql
[0m05:27:25.766368 [debug] [MainThread]: Partial parsing: added file: healthcare_dbt://models/gold/dim_patient.sql
[0m05:27:25.767437 [debug] [MainThread]: Partial parsing: added file: dbt_snowflake://macros/materializations/test.sql
[0m05:27:25.768495 [debug] [MainThread]: Partial parsing: added file: dbt_snowflake://macros/get_custom_name.sql
[0m05:27:25.769770 [debug] [MainThread]: Partial parsing: added file: dbt://macros/generic_test_sql/unique.sql
[0m05:27:25.770783 [debug] [MainThread]: Partial parsing: added file: dbt://macros/materializations/models/clone/clone.sql
[0m05:27:25.771749 [debug] [MainThread]: Partial parsing: added file: healthcare_dbt://models/gold/dim_treatment.sql
[0m05:27:25.772706 [debug] [MainThread]: Partial parsing: added file: dbt://macros/materializations/functions/aggregate.sql
[0m05:27:25.774156 [debug] [MainThread]: Partial parsing: added file: dbt://macros/materializations/models/table.sql
[0m05:27:25.776306 [debug] [MainThread]: Partial parsing: added file: dbt://macros/utils/date.sql
[0m05:27:25.777848 [debug] [MainThread]: Partial parsing: added file: dbt://macros/relations/view/create.sql
[0m05:27:25.779185 [debug] [MainThread]: Partial parsing: added file: dbt://macros/utils/escape_single_quotes.sql
[0m05:27:25.780552 [debug] [MainThread]: Partial parsing: added file: healthcare_dbt://models/gold/fact_visits.sql
[0m05:27:25.781730 [debug] [MainThread]: Partial parsing: added file: dbt://macros/adapters/schema.sql
[0m05:27:25.782911 [debug] [MainThread]: Partial parsing: added file: dbt_snowflake://macros/apply_grants.sql
[0m05:27:25.784020 [debug] [MainThread]: Partial parsing: added file: dbt://macros/adapters/columns.sql
[0m05:27:25.785085 [debug] [MainThread]: Partial parsing: added file: dbt://macros/etc/datetime.sql
[0m05:27:25.786232 [debug] [MainThread]: Partial parsing: added file: dbt_snowflake://macros/relations/table/rename.sql
[0m05:27:25.787435 [debug] [MainThread]: Partial parsing: added file: dbt://macros/utils/bool_or.sql
[0m05:27:25.789433 [debug] [MainThread]: Partial parsing: added file: dbt://macros/relations/table/rename.sql
[0m05:27:25.791253 [debug] [MainThread]: Partial parsing: added file: dbt://macros/utils/replace.sql
[0m05:27:25.793174 [debug] [MainThread]: Partial parsing: added file: dbt://macros/generic_test_sql/not_null.sql
[0m05:27:25.794759 [debug] [MainThread]: Partial parsing: added file: dbt_snowflake://macros/materializations/table.sql
[0m05:27:25.796467 [debug] [MainThread]: Partial parsing: added file: dbt_snowflake://macros/relations/create.sql
[0m05:27:25.797920 [debug] [MainThread]: Partial parsing: added file: dbt_snowflake://macros/relations/create_backup.sql
[0m05:27:25.799654 [debug] [MainThread]: Partial parsing: added file: dbt_snowflake://macros/materializations/clone.sql
[0m05:27:25.801722 [debug] [MainThread]: Partial parsing: added file: dbt://macros/get_custom_name/get_custom_database.sql
[0m05:27:25.803629 [debug] [MainThread]: Partial parsing: added file: dbt://macros/unit_test_sql/get_fixture_sql.sql
[0m05:27:25.805393 [debug] [MainThread]: Partial parsing: added file: dbt_snowflake://macros/materializations/incremental.sql
[0m05:27:25.807360 [debug] [MainThread]: Partial parsing: added file: dbt_snowflake://macros/relations/view/rename.sql
[0m05:27:25.810134 [debug] [MainThread]: Partial parsing: added file: dbt_snowflake://macros/relations/dynamic_table/replace.sql
[0m05:27:25.811897 [debug] [MainThread]: Partial parsing: added file: dbt_snowflake://macros/relations/dynamic_table/refresh.sql
[0m05:27:25.814318 [debug] [MainThread]: Partial parsing: added file: healthcare_dbt://models/silver/sources.yml
[0m05:27:25.816248 [debug] [MainThread]: Partial parsing: added file: dbt_snowflake://macros/materializations/snapshot.sql
[0m05:27:25.817778 [debug] [MainThread]: Partial parsing: added file: dbt_snowflake://macros/relations/dynamic_table/create.sql
[0m05:27:25.819498 [debug] [MainThread]: Partial parsing: added file: dbt_snowflake://macros/utils/escape_single_quotes.sql
[0m05:27:25.821572 [debug] [MainThread]: Partial parsing: added file: dbt://macros/materializations/models/materialized_view.sql
[0m05:27:25.823177 [debug] [MainThread]: Partial parsing: added file: dbt://macros/materializations/models/view.sql
[0m05:27:25.824773 [debug] [MainThread]: Partial parsing: added file: dbt://macros/materializations/functions/function.sql
[0m05:27:25.826607 [debug] [MainThread]: Partial parsing: added file: dbt://macros/materializations/functions/helpers.sql
[0m05:27:25.828334 [debug] [MainThread]: Partial parsing: added file: dbt://tests/generic/builtin.sql
[0m05:27:25.830004 [debug] [MainThread]: Partial parsing: added file: dbt://macros/utils/hash.sql
[0m05:27:25.832326 [debug] [MainThread]: Partial parsing: added file: dbt://macros/relations/table/drop.sql
[0m05:27:25.834014 [debug] [MainThread]: Partial parsing: added file: dbt_snowflake://macros/relations/view/replace.sql
[0m05:27:25.835749 [debug] [MainThread]: Partial parsing: added file: dbt://macros/relations/materialized_view/create.sql
[0m05:27:25.837092 [debug] [MainThread]: Partial parsing: added file: dbt://macros/materializations/configs.sql
[0m05:27:25.838533 [debug] [MainThread]: Partial parsing: added file: dbt://macros/relations/materialized_view/refresh.sql
[0m05:27:25.839801 [debug] [MainThread]: Partial parsing: added file: dbt://macros/utils/position.sql
[0m05:27:25.841460 [debug] [MainThread]: Partial parsing: added file: dbt://macros/materializations/models/incremental/on_schema_change.sql
[0m05:27:25.843044 [debug] [MainThread]: Partial parsing: added file: dbt://macros/relations/materialized_view/rename.sql
[0m05:27:25.844698 [debug] [MainThread]: Partial parsing: added file: dbt://macros/adapters/indexes.sql
[0m05:27:25.846253 [debug] [MainThread]: Partial parsing: added file: dbt://macros/materializations/seeds/seed.sql
[0m05:27:25.847736 [debug] [MainThread]: Partial parsing: added file: dbt_snowflake://macros/relations/dynamic_table/describe.sql
[0m05:27:25.849869 [debug] [MainThread]: Partial parsing: added file: dbt_snowflake://macros/utils/optional.sql
[0m05:27:25.851818 [debug] [MainThread]: Partial parsing: added file: dbt://macros/materializations/hooks.sql
[0m05:27:25.853378 [debug] [MainThread]: Partial parsing: added file: dbt://macros/generic_test_sql/relationships.sql
[0m05:27:25.855001 [debug] [MainThread]: Partial parsing: added file: dbt://macros/relations/view/rename.sql
[0m05:27:25.857104 [debug] [MainThread]: Partial parsing: added file: dbt_snowflake://macros/materializations/dynamic_table.sql
[0m05:27:25.858812 [debug] [MainThread]: Partial parsing: added file: dbt://macros/utils/listagg.sql
[0m05:27:25.860140 [debug] [MainThread]: Partial parsing: added file: dbt://macros/materializations/models/clone/create_or_replace_clone.sql
[0m05:27:25.861506 [debug] [MainThread]: Partial parsing: added file: dbt_snowflake://macros/relations/dynamic_table/rename.sql
[0m05:27:25.862546 [debug] [MainThread]: Partial parsing: added file: dbt://macros/materializations/models/clone/can_clone_table.sql
[0m05:27:25.863863 [debug] [MainThread]: Partial parsing: added file: dbt://macros/etc/statement.sql
[0m05:27:25.865353 [debug] [MainThread]: Partial parsing: added file: dbt://macros/materializations/tests/helpers.sql
[0m05:27:25.867033 [debug] [MainThread]: Partial parsing: added file: dbt://macros/generic_test_sql/accepted_values.sql
[0m05:27:25.868363 [debug] [MainThread]: Partial parsing: added file: dbt_snowflake://macros/materializations/incremental/insert_overwrite.sql
[0m05:27:25.869688 [debug] [MainThread]: Partial parsing: added file: dbt://macros/relations/rename.sql
[0m05:27:25.871332 [debug] [MainThread]: Partial parsing: added file: dbt_snowflake://macros/adapters.sql
[0m05:27:25.873130 [debug] [MainThread]: Partial parsing: added file: dbt_snowflake://macros/relations/view/create.sql
[0m05:27:25.874899 [debug] [MainThread]: Partial parsing: added file: dbt://docs/overview.md
[0m05:27:25.876176 [debug] [MainThread]: Partial parsing: added file: dbt_snowflake://macros/materializations/seed.sql
[0m05:27:25.877604 [debug] [MainThread]: Partial parsing: added file: dbt://macros/adapters/freshness.sql
[0m05:27:25.879567 [debug] [MainThread]: Partial parsing: added file: dbt://macros/adapters/timestamps.sql
[0m05:27:25.881071 [debug] [MainThread]: Partial parsing: added file: dbt://macros/utils/generate_series.sql
[0m05:27:25.882629 [debug] [MainThread]: Partial parsing: added file: dbt_snowflake://macros/utils/safe_cast.sql
[0m05:27:25.884179 [debug] [MainThread]: Partial parsing: added file: dbt://macros/materializations/snapshots/helpers.sql
[0m05:27:25.886225 [debug] [MainThread]: Partial parsing: added file: dbt://macros/utils/split_part.sql
[0m05:27:25.887675 [debug] [MainThread]: Partial parsing: added file: dbt_snowflake://macros/relations/rename.sql
[0m05:27:25.889033 [debug] [MainThread]: Partial parsing: added file: dbt://macros/relations/drop_backup.sql
[0m05:27:25.890243 [debug] [MainThread]: Partial parsing: added file: dbt://macros/adapters/apply_grants.sql
[0m05:27:25.892109 [debug] [MainThread]: Partial parsing: added file: dbt://macros/utils/literal.sql
[0m05:27:25.893840 [debug] [MainThread]: Partial parsing: added file: dbt://macros/materializations/tests/test.sql
[0m05:27:25.895168 [debug] [MainThread]: Partial parsing: added file: dbt://macros/utils/length.sql
[0m05:27:25.896965 [debug] [MainThread]: Partial parsing: added file: dbt://macros/utils/cast.sql
[0m05:27:25.898512 [debug] [MainThread]: Partial parsing: added file: dbt://macros/get_custom_name/get_custom_schema.sql
[0m05:27:25.899803 [debug] [MainThread]: Partial parsing: added file: dbt://macros/utils/array_concat.sql
[0m05:27:25.901327 [debug] [MainThread]: Partial parsing: added file: dbt://macros/relations/materialized_view/drop.sql
[0m05:27:25.902788 [debug] [MainThread]: Partial parsing: added file: healthcare_dbt://models/gold/dim_date.sql
[0m05:27:25.904697 [debug] [MainThread]: Partial parsing: added file: dbt://macros/python_model/python.sql
[0m05:27:25.906224 [debug] [MainThread]: Partial parsing: added file: dbt://macros/materializations/snapshots/snapshot.sql
[0m05:27:25.907558 [debug] [MainThread]: Partial parsing: added file: dbt://macros/relations/schema.sql
[0m05:27:25.908755 [debug] [MainThread]: Partial parsing: added file: dbt://macros/materializations/tests/where_subquery.sql
[0m05:27:25.910060 [debug] [MainThread]: Partial parsing: added file: dbt_snowflake://macros/utils/array_construct.sql
[0m05:27:25.912116 [debug] [MainThread]: Partial parsing: added file: dbt_snowflake://macros/relations/view/drop.sql
[0m05:27:25.914076 [debug] [MainThread]: Partial parsing: added file: dbt_snowflake://macros/relations/table/drop.sql
[0m05:27:25.915417 [debug] [MainThread]: Partial parsing: added file: dbt://macros/utils/concat.sql
[0m05:27:25.917359 [debug] [MainThread]: Partial parsing: added file: dbt_snowflake://macros/relations/table/replace.sql
[0m05:27:25.919062 [debug] [MainThread]: Partial parsing: added file: dbt://macros/materializations/models/incremental/merge.sql
[0m05:27:25.920713 [debug] [MainThread]: Partial parsing: added file: dbt://macros/utils/intersect.sql
[0m05:27:25.922445 [debug] [MainThread]: Partial parsing: added file: dbt_snowflake://macros/materializations/incremental/merge.sql
[0m05:27:25.924426 [debug] [MainThread]: Partial parsing: added file: dbt_snowflake://macros/metadata.sql
[0m05:27:25.926110 [debug] [MainThread]: Partial parsing: added file: dbt://macros/materializations/models/incremental/column_helpers.sql
[0m05:27:25.928443 [debug] [MainThread]: Partial parsing: added file: dbt://macros/adapters/metadata.sql
[0m05:27:25.929954 [debug] [MainThread]: Partial parsing: added file: dbt://macros/utils/equals.sql
[0m05:27:25.931909 [debug] [MainThread]: Partial parsing: added file: dbt://macros/relations/materialized_view/alter.sql
[0m05:27:25.934110 [debug] [MainThread]: Partial parsing: added file: dbt_snowflake://macros/relations/table/create.sql
[0m05:27:25.935583 [debug] [MainThread]: Partial parsing: added file: dbt_snowflake://macros/materializations/functions/scalar.sql
[0m05:27:25.937359 [debug] [MainThread]: Partial parsing: added file: dbt://macros/materializations/functions/scalar.sql
[0m05:27:25.938879 [debug] [MainThread]: Partial parsing: added file: dbt://macros/utils/date_trunc.sql
[0m05:27:25.939868 [debug] [MainThread]: Partial parsing: added file: dbt://macros/utils/except.sql
[0m05:27:25.940870 [debug] [MainThread]: Partial parsing: added file: dbt://macros/adapters/relation.sql
[0m05:27:25.942600 [debug] [MainThread]: Partial parsing: added file: dbt://macros/relations/create_intermediate.sql
[0m05:27:25.943699 [debug] [MainThread]: Partial parsing: added file: healthcare_dbt://macros/generate_schema_name.sql
[0m05:27:25.944654 [debug] [MainThread]: Partial parsing: added file: dbt_snowflake://macros/relations/dynamic_table/drop.sql
[0m05:27:25.945936 [debug] [MainThread]: Partial parsing: added file: dbt://macros/relations/table/create.sql
[0m05:27:25.946986 [debug] [MainThread]: Partial parsing: added file: dbt://macros/relations/drop.sql
[0m05:27:25.947873 [debug] [MainThread]: Partial parsing: added file: dbt://macros/utils/data_types.sql
[0m05:27:25.948910 [debug] [MainThread]: Partial parsing: added file: dbt_snowflake://macros/materializations/models/incremental/snowflake_column_helpers.sql
[0m05:27:25.950054 [debug] [MainThread]: Partial parsing: added file: dbt://macros/utils/array_construct.sql
[0m05:27:25.951305 [debug] [MainThread]: Partial parsing: deleted file: dbt://macros\materializations\snapshots\snapshot.sql
[0m05:27:25.952729 [debug] [MainThread]: Partial parsing: deleted file: dbt_snowflake://macros\apply_grants.sql
[0m05:27:25.954390 [debug] [MainThread]: Partial parsing: deleted file: dbt://macros\utils\cast_bool_to_text.sql
[0m05:27:25.955968 [debug] [MainThread]: Partial parsing: deleted file: dbt://macros\adapters\indexes.sql
[0m05:27:25.957332 [debug] [MainThread]: Partial parsing: deleted file: dbt://macros\utils\cast.sql
[0m05:27:25.959140 [debug] [MainThread]: Partial parsing: deleted file: dbt_snowflake://macros\utils\timestamps.sql
[0m05:27:25.960505 [debug] [MainThread]: Partial parsing: deleted file: dbt://macros\utils\position.sql
[0m05:27:25.962142 [debug] [MainThread]: Partial parsing: deleted file: dbt://macros\utils\generate_series.sql
[0m05:27:25.963501 [debug] [MainThread]: Partial parsing: deleted file: dbt://macros\relations\replace.sql
[0m05:27:25.964885 [debug] [MainThread]: Partial parsing: deleted file: dbt://macros\python_model\python.sql
[0m05:27:25.966232 [debug] [MainThread]: Partial parsing: deleted file: dbt_snowflake://macros\utils\cast.sql
[0m05:27:25.967468 [debug] [MainThread]: Partial parsing: deleted file: dbt://macros\utils\safe_cast.sql
[0m05:27:25.969036 [debug] [MainThread]: Partial parsing: deleted file: dbt://macros\adapters\persist_docs.sql
[0m05:27:25.970278 [debug] [MainThread]: Partial parsing: deleted file: dbt_snowflake://macros\materializations\table.sql
[0m05:27:25.971824 [debug] [MainThread]: Partial parsing: deleted file: dbt://macros\utils\concat.sql
[0m05:27:25.973165 [debug] [MainThread]: Partial parsing: deleted file: dbt_snowflake://macros\relations\view\drop.sql
[0m05:27:25.974913 [debug] [MainThread]: Partial parsing: deleted file: dbt://macros\etc\statement.sql
[0m05:27:25.976671 [debug] [MainThread]: Partial parsing: deleted file: dbt://macros\relations\materialized_view\alter.sql
[0m05:27:25.978322 [debug] [MainThread]: Partial parsing: deleted file: dbt://macros\relations\column\columns_spec_ddl.sql
[0m05:27:25.979676 [debug] [MainThread]: Partial parsing: deleted file: dbt://macros\relations\table\rename.sql
[0m05:27:25.981455 [debug] [MainThread]: Partial parsing: deleted file: dbt_snowflake://macros\adapters.sql
[0m05:27:25.982833 [debug] [MainThread]: Partial parsing: deleted file: dbt_snowflake://macros\metadata\list_relations_without_caching.sql
[0m05:27:25.984522 [debug] [MainThread]: Partial parsing: deleted file: dbt_snowflake://macros\materializations\dynamic_table.sql
[0m05:27:25.986516 [debug] [MainThread]: Partial parsing: deleted file: dbt://macros\relations\schema.sql
[0m05:27:25.988053 [debug] [MainThread]: Partial parsing: deleted file: dbt://docs\overview.md
[0m05:27:25.989256 [debug] [MainThread]: Partial parsing: deleted file: dbt://macros\utils\except.sql
[0m05:27:25.990437 [debug] [MainThread]: Partial parsing: deleted file: dbt://macros\materializations\seeds\seed.sql
[0m05:27:25.991965 [debug] [MainThread]: Partial parsing: deleted file: dbt://macros\relations\view\drop.sql
[0m05:27:25.993500 [debug] [MainThread]: Partial parsing: deleted file: dbt://macros\unit_test_sql\get_fixture_sql.sql
[0m05:27:25.995234 [debug] [MainThread]: Partial parsing: deleted file: dbt://macros\relations\table\create.sql
[0m05:27:25.996877 [debug] [MainThread]: Partial parsing: deleted file: dbt://macros\materializations\models\clone\can_clone_table.sql
[0m05:27:25.998483 [debug] [MainThread]: Partial parsing: deleted file: dbt://macros\utils\date.sql
[0m05:27:25.999951 [debug] [MainThread]: Partial parsing: deleted file: dbt://macros\utils\bool_or.sql
[0m05:27:26.001548 [debug] [MainThread]: Partial parsing: deleted file: dbt://macros\adapters\freshness.sql
[0m05:27:26.003746 [debug] [MainThread]: Partial parsing: deleted file: dbt://macros\utils\literal.sql
[0m05:27:26.005132 [debug] [MainThread]: Partial parsing: deleted file: dbt://macros\materializations\models\incremental\strategies.sql
[0m05:27:26.006664 [debug] [MainThread]: Partial parsing: deleted file: dbt_snowflake://macros\relations\rename.sql
[0m05:27:26.007972 [debug] [MainThread]: Partial parsing: deleted file: dbt_snowflake://macros\relations\dynamic_table\alter.sql
[0m05:27:26.009542 [debug] [MainThread]: Partial parsing: deleted file: dbt://macros\utils\equals.sql
[0m05:27:26.011289 [debug] [MainThread]: Partial parsing: deleted file: dbt://macros\materializations\models\view.sql
[0m05:27:26.012623 [debug] [MainThread]: Partial parsing: deleted file: dbt://macros\materializations\snapshots\strategies.sql
[0m05:27:26.013756 [debug] [MainThread]: Partial parsing: deleted file: dbt://macros\get_custom_name\get_custom_database.sql
[0m05:27:26.014857 [debug] [MainThread]: Partial parsing: deleted file: dbt_snowflake://macros\relations\view\replace.sql
[0m05:27:26.015925 [debug] [MainThread]: Partial parsing: deleted file: dbt://macros\adapters\schema.sql
[0m05:27:26.017591 [debug] [MainThread]: Partial parsing: deleted file: dbt://macros\materializations\snapshots\snapshot_merge.sql
[0m05:27:26.020159 [debug] [MainThread]: Partial parsing: deleted file: dbt_snowflake://macros\relations\dynamic_table\drop.sql
[0m05:27:26.022215 [debug] [MainThread]: Partial parsing: deleted file: dbt_snowflake://macros\relations\dynamic_table\refresh.sql
[0m05:27:26.024128 [debug] [MainThread]: Partial parsing: deleted file: dbt://macros\materializations\functions\function.sql
[0m05:27:26.025764 [debug] [MainThread]: Partial parsing: deleted file: dbt://macros\materializations\tests\unit.sql
[0m05:27:26.027621 [debug] [MainThread]: Partial parsing: deleted file: dbt://macros\materializations\models\incremental\merge.sql
[0m05:27:26.029852 [debug] [MainThread]: Partial parsing: deleted file: dbt://macros\utils\intersect.sql
[0m05:27:26.032236 [debug] [MainThread]: Partial parsing: deleted file: dbt_snowflake://macros\utils\optional.sql
[0m05:27:26.034361 [debug] [MainThread]: Partial parsing: deleted file: dbt://macros\materializations\models\table.sql
[0m05:27:26.036585 [debug] [MainThread]: Partial parsing: deleted file: dbt_snowflake://macros\materializations\snapshot.sql
[0m05:27:26.038137 [debug] [MainThread]: Partial parsing: deleted file: dbt://macros\materializations\tests\test.sql
[0m05:27:26.040475 [debug] [MainThread]: Partial parsing: deleted file: dbt://macros\relations\materialized_view\create.sql
[0m05:27:26.042442 [debug] [MainThread]: Partial parsing: deleted file: dbt://macros\generic_test_sql\accepted_values.sql
[0m05:27:26.044292 [debug] [MainThread]: Partial parsing: deleted file: dbt://macros\get_custom_name\get_latest_version_pointer_alias.sql
[0m05:27:26.046687 [debug] [MainThread]: Partial parsing: deleted file: dbt://macros\materializations\configs.sql
[0m05:27:26.048475 [debug] [MainThread]: Partial parsing: deleted file: dbt://macros\etc\datetime.sql
[0m05:27:26.050274 [debug] [MainThread]: Partial parsing: deleted file: dbt_snowflake://macros\relations\table\drop.sql
[0m05:27:26.052101 [debug] [MainThread]: Partial parsing: deleted file: dbt://macros\generic_test_sql\unique.sql
[0m05:27:26.053937 [debug] [MainThread]: Partial parsing: deleted file: dbt_snowflake://macros\get_custom_name.sql
[0m05:27:26.055394 [debug] [MainThread]: Partial parsing: deleted file: dbt://macros\materializations\models\incremental\is_incremental.sql
[0m05:27:26.057013 [debug] [MainThread]: Partial parsing: deleted file: dbt://macros\utils\split_part.sql
[0m05:27:26.058777 [debug] [MainThread]: Partial parsing: deleted file: dbt://macros\relations\table\replace.sql
[0m05:27:26.060331 [debug] [MainThread]: Partial parsing: deleted file: dbt_snowflake://macros\relations\table\rename.sql
[0m05:27:26.061880 [debug] [MainThread]: Partial parsing: deleted file: dbt_snowflake://macros\relations\replace.sql
[0m05:27:26.063429 [debug] [MainThread]: Partial parsing: deleted file: dbt_snowflake://macros\utils\safe_cast.sql
[0m05:27:26.065522 [debug] [MainThread]: Partial parsing: deleted file: dbt_snowflake://macros\materializations\incremental\merge.sql
[0m05:27:26.067652 [debug] [MainThread]: Partial parsing: deleted file: dbt://macros\get_custom_name\get_custom_alias.sql
[0m05:27:26.070458 [debug] [MainThread]: Partial parsing: deleted file: dbt://macros\relations\materialized_view\refresh.sql
[0m05:27:26.072529 [debug] [MainThread]: Partial parsing: deleted file: dbt://macros\utils\date_spine.sql
[0m05:27:26.074186 [debug] [MainThread]: Partial parsing: deleted file: healthcare_dbt://models\gold\dim_date.sql
[0m05:27:26.076091 [debug] [MainThread]: Partial parsing: deleted file: dbt://macros\get_custom_name\get_custom_schema.sql
[0m05:27:26.077935 [debug] [MainThread]: Partial parsing: deleted file: dbt_snowflake://macros\materializations\incremental\insert_overwrite.sql
[0m05:27:26.079932 [debug] [MainThread]: Partial parsing: deleted file: dbt://macros\relations\table\drop.sql
[0m05:27:26.081968 [debug] [MainThread]: Partial parsing: deleted file: dbt://macros\relations\materialized_view\replace.sql
[0m05:27:26.084051 [debug] [MainThread]: Partial parsing: deleted file: dbt_snowflake://macros\materializations\functions\aggregate.sql
[0m05:27:26.086299 [debug] [MainThread]: Partial parsing: deleted file: dbt://macros\relations\create_intermediate.sql
[0m05:27:26.088466 [debug] [MainThread]: Partial parsing: deleted file: dbt_snowflake://macros\catalog.sql
[0m05:27:26.090268 [debug] [MainThread]: Partial parsing: deleted file: dbt://macros\relations\drop_backup.sql
[0m05:27:26.092026 [debug] [MainThread]: Partial parsing: deleted file: dbt_snowflake://macros\relations\create_backup.sql
[0m05:27:26.093580 [debug] [MainThread]: Partial parsing: deleted file: dbt://macros\utils\replace.sql
[0m05:27:26.095897 [debug] [MainThread]: Partial parsing: deleted file: dbt://macros\adapters\metadata.sql
[0m05:27:26.097483 [debug] [MainThread]: Partial parsing: deleted file: dbt://macros\utils\array_append.sql
[0m05:27:26.099543 [debug] [MainThread]: Partial parsing: deleted file: dbt_snowflake://macros\relations\dynamic_table\create.sql
[0m05:27:26.101316 [debug] [MainThread]: Partial parsing: deleted file: healthcare_dbt://models\silver\stg_healthcare.sql
[0m05:27:26.103363 [debug] [MainThread]: Partial parsing: deleted file: dbt://macros\adapters\runtime.sql
[0m05:27:26.105127 [debug] [MainThread]: Partial parsing: deleted file: dbt_snowflake://macros\materializations\view.sql
[0m05:27:26.106606 [debug] [MainThread]: Partial parsing: deleted file: dbt_snowflake://macros\relations\view\rename.sql
[0m05:27:26.109548 [debug] [MainThread]: Partial parsing: deleted file: dbt_snowflake://macros\relations\table\create.sql
[0m05:27:26.111370 [debug] [MainThread]: Partial parsing: deleted file: dbt://macros\adapters\timestamps.sql
[0m05:27:26.112857 [debug] [MainThread]: Partial parsing: deleted file: dbt://macros\materializations\tests\helpers.sql
[0m05:27:26.114631 [debug] [MainThread]: Partial parsing: deleted file: dbt://macros\utils\date_trunc.sql
[0m05:27:26.116549 [debug] [MainThread]: Partial parsing: deleted file: dbt_snowflake://macros\materializations\models\incremental\snowflake_column_helpers.sql
[0m05:27:26.118054 [debug] [MainThread]: Partial parsing: deleted file: dbt://macros\utils\length.sql
[0m05:27:26.119591 [debug] [MainThread]: Partial parsing: deleted file: dbt://tests\generic\builtin.sql
[0m05:27:26.120975 [debug] [MainThread]: Partial parsing: deleted file: dbt_snowflake://macros\relations\dynamic_table\replace.sql
[0m05:27:26.122211 [debug] [MainThread]: Partial parsing: deleted file: dbt://macros\adapters\validate_sql.sql
[0m05:27:26.123984 [debug] [MainThread]: Partial parsing: deleted file: dbt_snowflake://macros\relations\dynamic_table\rename.sql
[0m05:27:26.125757 [debug] [MainThread]: Partial parsing: deleted file: dbt://macros\relations\view\create.sql
[0m05:27:26.127238 [debug] [MainThread]: Partial parsing: deleted file: dbt://macros\materializations\functions\aggregate.sql
[0m05:27:26.129069 [debug] [MainThread]: Partial parsing: deleted file: dbt://macros\relations\drop.sql
[0m05:27:26.130200 [debug] [MainThread]: Partial parsing: deleted file: dbt://macros\generic_test_sql\not_null.sql
[0m05:27:26.131350 [debug] [MainThread]: Partial parsing: deleted file: dbt://macros\materializations\seeds\helpers.sql
[0m05:27:26.132663 [debug] [MainThread]: Partial parsing: deleted file: dbt://macros\materializations\snapshots\helpers.sql
[0m05:27:26.133943 [debug] [MainThread]: Partial parsing: deleted file: dbt_snowflake://macros\materializations\clone.sql
[0m05:27:26.135486 [debug] [MainThread]: Partial parsing: deleted file: dbt://macros\adapters\show.sql
[0m05:27:26.137001 [debug] [MainThread]: Partial parsing: deleted file: dbt://macros\generic_test_sql\relationships.sql
[0m05:27:26.138265 [debug] [MainThread]: Partial parsing: deleted file: dbt://macros\utils\array_construct.sql
[0m05:27:26.139919 [debug] [MainThread]: Partial parsing: deleted file: dbt_snowflake://macros\relations\view\create.sql
[0m05:27:26.141887 [debug] [MainThread]: Partial parsing: deleted file: dbt://macros\relations\materialized_view\rename.sql
[0m05:27:26.143578 [debug] [MainThread]: Partial parsing: deleted file: dbt://macros\utils\datediff.sql
[0m05:27:26.145452 [debug] [MainThread]: Partial parsing: deleted file: dbt://macros\utils\hash.sql
[0m05:27:26.147179 [debug] [MainThread]: Partial parsing: deleted file: dbt://macros\materializations\tests\where_subquery.sql
[0m05:27:26.149332 [debug] [MainThread]: Partial parsing: deleted file: dbt_snowflake://macros\utils\right.sql
[0m05:27:26.150756 [debug] [MainThread]: Partial parsing: deleted file: dbt_snowflake://macros\relations\dynamic_table\describe.sql
[0m05:27:26.151922 [debug] [MainThread]: Partial parsing: deleted file: dbt://macros\relations\view\rename.sql
[0m05:27:26.153204 [debug] [MainThread]: Partial parsing: deleted file: dbt_snowflake://macros\materializations\test.sql
[0m05:27:26.154395 [debug] [MainThread]: Partial parsing: deleted file: dbt://macros\utils\array_concat.sql
[0m05:27:26.155952 [debug] [MainThread]: Partial parsing: deleted file: dbt_snowflake://macros\utils\bool_or.sql
[0m05:27:26.157696 [debug] [MainThread]: Partial parsing: deleted file: dbt://macros\materializations\models\incremental\column_helpers.sql
[0m05:27:26.158985 [debug] [MainThread]: Partial parsing: deleted file: dbt://macros\utils\right.sql
[0m05:27:26.160311 [debug] [MainThread]: Partial parsing: deleted file: healthcare_dbt://models\gold\dim_treatment.sql
[0m05:27:26.161657 [debug] [MainThread]: Partial parsing: deleted file: dbt_snowflake://macros\materializations\incremental.sql
[0m05:27:26.163079 [debug] [MainThread]: Partial parsing: deleted file: dbt_snowflake://macros\relations\drop.sql
[0m05:27:26.164531 [debug] [MainThread]: Partial parsing: deleted file: healthcare_dbt://models\gold\dim_department.sql
[0m05:27:26.165590 [debug] [MainThread]: Partial parsing: deleted file: dbt_snowflake://macros\relations\rename_intermediate.sql
[0m05:27:26.166800 [debug] [MainThread]: Partial parsing: deleted file: dbt://macros\adapters\apply_grants.sql
[0m05:27:26.167759 [debug] [MainThread]: Partial parsing: deleted file: dbt://macros\materializations\hooks.sql
[0m05:27:26.168705 [debug] [MainThread]: Partial parsing: deleted file: dbt://macros\materializations\models\incremental\incremental.sql
[0m05:27:26.170126 [debug] [MainThread]: Partial parsing: deleted file: dbt://macros\utils\dateadd.sql
[0m05:27:26.171314 [debug] [MainThread]: Partial parsing: deleted file: dbt_snowflake://macros\materializations\functions\scalar.sql
[0m05:27:26.172225 [debug] [MainThread]: Partial parsing: deleted file: dbt://macros\utils\escape_single_quotes.sql
[0m05:27:26.173473 [debug] [MainThread]: Partial parsing: deleted file: dbt://macros\adapters\columns.sql
[0m05:27:26.174457 [debug] [MainThread]: Partial parsing: deleted file: dbt://macros\relations\create.sql
[0m05:27:26.175437 [debug] [MainThread]: Partial parsing: deleted file: dbt://macros\relations\rename_intermediate.sql
[0m05:27:26.176581 [debug] [MainThread]: Partial parsing: deleted file: dbt://macros\materializations\functions\scalar.sql
[0m05:27:26.177689 [debug] [MainThread]: Partial parsing: deleted file: dbt://macros\utils\any_value.sql
[0m05:27:26.178554 [debug] [MainThread]: Partial parsing: deleted file: dbt://macros\materializations\models\clone\create_or_replace_clone.sql
[0m05:27:26.179468 [debug] [MainThread]: Partial parsing: deleted file: dbt_snowflake://macros\relations\table\replace.sql
[0m05:27:26.180579 [debug] [MainThread]: Partial parsing: deleted file: dbt://macros\adapters\relation.sql
[0m05:27:26.181488 [debug] [MainThread]: Partial parsing: deleted file: dbt://macros\relations\create_backup.sql
[0m05:27:26.182409 [debug] [MainThread]: Partial parsing: deleted file: dbt://macros\materializations\models\materialized_view.sql
[0m05:27:26.183450 [debug] [MainThread]: Partial parsing: deleted file: dbt://macros\relations\rename.sql
[0m05:27:26.184500 [debug] [MainThread]: Partial parsing: deleted file: dbt://macros\utils\listagg.sql
[0m05:27:26.185326 [debug] [MainThread]: Partial parsing: deleted file: dbt_snowflake://macros\utils\equals.sql
[0m05:27:26.186548 [debug] [MainThread]: Partial parsing: deleted file: dbt://macros\relations\materialized_view\drop.sql
[0m05:27:26.187741 [debug] [MainThread]: Partial parsing: deleted file: dbt_snowflake://macros\utils\array_construct.sql
[0m05:27:26.188759 [debug] [MainThread]: Partial parsing: deleted file: healthcare_dbt://macros\generate_schema_name.sql
[0m05:27:26.189681 [debug] [MainThread]: Partial parsing: deleted file: dbt://macros\materializations\models\clone\clone.sql
[0m05:27:26.190703 [debug] [MainThread]: Partial parsing: deleted file: dbt://macros\materializations\models\incremental\on_schema_change.sql
[0m05:27:26.191788 [debug] [MainThread]: Partial parsing: deleted file: dbt://macros\materializations\functions\helpers.sql
[0m05:27:26.192778 [debug] [MainThread]: Partial parsing: deleted file: dbt://macros\utils\data_types.sql
[0m05:27:26.193722 [debug] [MainThread]: Partial parsing: deleted file: dbt_snowflake://macros\utils\escape_single_quotes.sql
[0m05:27:26.194683 [debug] [MainThread]: Partial parsing: deleted file: dbt_snowflake://macros\materializations\seed.sql
[0m05:27:26.195628 [debug] [MainThread]: Partial parsing: deleted file: dbt://macros\relations\view\replace.sql
[0m05:27:26.196559 [debug] [MainThread]: Partial parsing: deleted file: dbt://macros\utils\last_day.sql
[0m05:27:26.197565 [debug] [MainThread]: Partial parsing: deleted file: dbt_snowflake://macros\relations\create.sql
[0m05:27:26.198514 [debug] [MainThread]: Partial parsing: deleted file: healthcare_dbt://models\gold\dim_patient.sql
[0m05:27:26.199471 [debug] [MainThread]: Partial parsing: deleted file: healthcare_dbt://models\gold\fact_visits.sql
[0m05:27:26.200418 [debug] [MainThread]: Partial parsing: deleted file: dbt_snowflake://macros\metadata.sql
[0m05:27:26.201493 [error] [MainThread]: [[31mERROR[0m]: Encountered an error:
'healthcare_dbt://macros/generate_schema_name.sql'
[0m05:27:26.208147 [error] [MainThread]: Traceback (most recent call last):
  File "/mnt/d/DE Matrials/ETL Tools/Apache Airflow/Earthquake/venv/lib/python3.12/site-packages/dbt/cli/requires.py", line 198, in wrapper
    result, success = func(*args, **kwargs)
                      ^^^^^^^^^^^^^^^^^^^^^
  File "/mnt/d/DE Matrials/ETL Tools/Apache Airflow/Earthquake/venv/lib/python3.12/site-packages/dbt/cli/requires.py", line 144, in wrapper
    return func(*args, **kwargs)
           ^^^^^^^^^^^^^^^^^^^^^
  File "/mnt/d/DE Matrials/ETL Tools/Apache Airflow/Earthquake/venv/lib/python3.12/site-packages/dbt/cli/requires.py", line 295, in wrapper
    return func(*args, **kwargs)
           ^^^^^^^^^^^^^^^^^^^^^
  File "/mnt/d/DE Matrials/ETL Tools/Apache Airflow/Earthquake/venv/lib/python3.12/site-packages/dbt/cli/requires.py", line 340, in wrapper
    return func(*args, **kwargs)
           ^^^^^^^^^^^^^^^^^^^^^
  File "/mnt/d/DE Matrials/ETL Tools/Apache Airflow/Earthquake/venv/lib/python3.12/site-packages/dbt/cli/requires.py", line 387, in wrapper
    return func(*args, **kwargs)
           ^^^^^^^^^^^^^^^^^^^^^
  File "/mnt/d/DE Matrials/ETL Tools/Apache Airflow/Earthquake/venv/lib/python3.12/site-packages/dbt/cli/requires.py", line 403, in wrapper
    setup_manifest(ctx, write=write, write_perf_info=write_perf_info)
  File "/mnt/d/DE Matrials/ETL Tools/Apache Airflow/Earthquake/venv/lib/python3.12/site-packages/dbt/cli/requires.py", line 480, in setup_manifest
    ctx.obj["manifest"] = parse_manifest(
                          ^^^^^^^^^^^^^^^
  File "/mnt/d/DE Matrials/ETL Tools/Apache Airflow/Earthquake/venv/lib/python3.12/site-packages/dbt/parser/manifest.py", line 2662, in parse_manifest
    manifest = ManifestLoader.get_full_manifest(
               ^^^^^^^^^^^^^^^^^^^^^^^^^^^^^^^^^
  File "/mnt/d/DE Matrials/ETL Tools/Apache Airflow/Earthquake/venv/lib/python3.12/site-packages/dbt/parser/manifest.py", line 360, in get_full_manifest
    manifest = loader.load()
               ^^^^^^^^^^^^^
  File "/mnt/d/DE Matrials/ETL Tools/Apache Airflow/Earthquake/venv/lib/python3.12/site-packages/dbt/parser/manifest.py", line 433, in load
    self.load_and_parse_macros(project_parser_files)
  File "/mnt/d/DE Matrials/ETL Tools/Apache Airflow/Earthquake/venv/lib/python3.12/site-packages/dbt/parser/manifest.py", line 852, in load_and_parse_macros
    block = FileBlock(self.manifest.files[file_id])
                      ~~~~~~~~~~~~~~~~~~~^^^^^^^^^
KeyError: 'healthcare_dbt://macros/generate_schema_name.sql'

[0m05:27:26.212146 [debug] [MainThread]: Resource report: {"command_name": "run", "command_success": false, "command_wall_clock_time": 22.04, "process_in_blocks": "24632", "process_kernel_time": 1.988944, "process_mem_max_rss": "152808", "process_out_blocks": "8", "process_user_time": 3.956152}
[0m05:27:26.213826 [debug] [MainThread]: Command `dbt run` failed at 05:27:26.213628 after 22.04 seconds
[0m05:27:26.214873 [debug] [MainThread]: Sending event: {'category': 'dbt', 'action': 'invocation', 'label': 'end', 'context': [<snowplow_tracker.self_describing_json.SelfDescribingJson object at 0x7fbf6c140e00>, <snowplow_tracker.self_describing_json.SelfDescribingJson object at 0x7fbf6a59f770>, <snowplow_tracker.self_describing_json.SelfDescribingJson object at 0x7fbf670c31a0>]}
[0m05:27:26.216178 [debug] [MainThread]: Flushing usage events
[0m05:27:27.516882 [debug] [MainThread]: An error was encountered while trying to flush usage events
[0m05:32:45.284321 [debug] [MainThread]: Sending event: {'category': 'dbt', 'action': 'invocation', 'label': 'start', 'context': [<snowplow_tracker.self_describing_json.SelfDescribingJson object at 0x7fb8b546a7e0>, <snowplow_tracker.self_describing_json.SelfDescribingJson object at 0x7fb8b5468e90>, <snowplow_tracker.self_describing_json.SelfDescribingJson object at 0x7fb8b5468e00>]}


============================== 05:32:45.301062 | a5de3888-ae6a-42f4-89e9-f9d42b14cf57 ==============================
[0m05:32:45.301062 [info ] [MainThread]: Running with dbt=1.12.3
[0m05:32:45.302534 [debug] [MainThread]: running dbt with arguments {'log_format': 'default', 'log_cache_events': 'False', 'use_colors': 'True', 'no_print': 'None', 'introspect': 'True', 'quiet': 'False', 'version_check': 'True', 'hints_enabled': 'True', 'cache_selected_only': 'False', 'indirect_selection': 'eager', 'static_parser': 'True', 'use_experimental_parser': 'False', 'write_json': 'True', 'warn_error': 'None', 'target_path': 'None', 'log_path': '/mnt/d/DE Matrials/Projects/DE Projects/FirstProject_DBT_AIRFLOW_SNOWFLAKE_FIVETRAN/healthcare_dbt/logs', 'warn_error_options': 'WarnErrorOptionsV2(error=[], warn=[], silence=[])', 'maximum_seed_size_mib': '1', 'debug': 'False', 'empty': 'False', 'invocation_command': 'dbt run --select silver', 'printer_width': '80', 'partial_parse': 'True', 'fail_fast': 'False', 'profiles_dir': '/mnt/d/DE Matrials/Projects/DE Projects/FirstProject_DBT_AIRFLOW_SNOWFLAKE_FIVETRAN/healthcare_dbt', 'send_anonymous_usage_stats': 'True'}
[0m05:32:49.156606 [debug] [MainThread]: Snowflake adapter: Setting snowflake.connector to ERROR (file logging only)
[0m05:32:49.157701 [debug] [MainThread]: Snowflake adapter: Setting botocore to ERROR (file logging only)
[0m05:32:49.158613 [debug] [MainThread]: Snowflake adapter: Setting boto3 to ERROR (file logging only)
[0m05:32:52.479042 [debug] [MainThread]: Sending event: {'category': 'dbt', 'action': 'project_id', 'label': 'a5de3888-ae6a-42f4-89e9-f9d42b14cf57', 'context': [<snowplow_tracker.self_describing_json.SelfDescribingJson object at 0x7fb8b54dafc0>]}
[0m05:32:52.550123 [debug] [MainThread]: Sending event: {'category': 'dbt', 'action': 'adapter_info', 'label': 'a5de3888-ae6a-42f4-89e9-f9d42b14cf57', 'context': [<snowplow_tracker.self_describing_json.SelfDescribingJson object at 0x7fb8b1f2c920>]}
[0m05:32:52.567631 [info ] [MainThread]: Registered adapter: snowflake=1.12.0
[0m05:33:00.951577 [debug] [MainThread]: checksum: cd11ddf55c3f57c7cf223dea061db390e40f8619709a911fb3f7b2e110e1d310, vars: {}, profile: healthcare_dbt, target: dev, version: 1.12.3
[0m05:33:02.951175 [debug] [MainThread]: Partial parsing enabled: 164 files deleted, 164 files added, 0 files changed.
[0m05:33:02.953294 [debug] [MainThread]: Partial parsing: added file: dbt://macros/relations/materialized_view/rename.sql
[0m05:33:02.954976 [debug] [MainThread]: Partial parsing: added file: dbt://macros/utils/split_part.sql
[0m05:33:02.956542 [debug] [MainThread]: Partial parsing: added file: dbt://macros/utils/length.sql
[0m05:33:02.958088 [debug] [MainThread]: Partial parsing: added file: dbt://macros/utils/dateadd.sql
[0m05:33:02.959522 [debug] [MainThread]: Partial parsing: added file: dbt://macros/utils/date_spine.sql
[0m05:33:02.960986 [debug] [MainThread]: Partial parsing: added file: dbt_snowflake://macros/relations/view/rename.sql
[0m05:33:02.962488 [debug] [MainThread]: Partial parsing: added file: healthcare_dbt://macros/generate_schema_name.sql
[0m05:33:02.963947 [debug] [MainThread]: Partial parsing: added file: dbt://macros/materializations/functions/function.sql
[0m05:33:02.965379 [debug] [MainThread]: Partial parsing: added file: dbt_snowflake://macros/materializations/seed.sql
[0m05:33:02.967203 [debug] [MainThread]: Partial parsing: added file: dbt_snowflake://macros/relations/table/drop.sql
[0m05:33:02.969077 [debug] [MainThread]: Partial parsing: added file: dbt://macros/materializations/models/clone/can_clone_table.sql
[0m05:33:02.970624 [debug] [MainThread]: Partial parsing: added file: dbt://macros/utils/data_types.sql
[0m05:33:02.972152 [debug] [MainThread]: Partial parsing: added file: dbt://macros/relations/materialized_view/alter.sql
[0m05:33:02.973619 [debug] [MainThread]: Partial parsing: added file: dbt://macros/generic_test_sql/relationships.sql
[0m05:33:02.975091 [debug] [MainThread]: Partial parsing: added file: dbt://macros/adapters/persist_docs.sql
[0m05:33:02.976436 [debug] [MainThread]: Partial parsing: added file: dbt_snowflake://macros/utils/right.sql
[0m05:33:02.977909 [debug] [MainThread]: Partial parsing: added file: dbt_snowflake://macros/catalog.sql
[0m05:33:02.979337 [debug] [MainThread]: Partial parsing: added file: dbt_snowflake://macros/relations/rename.sql
[0m05:33:02.980813 [debug] [MainThread]: Partial parsing: added file: dbt://macros/utils/literal.sql
[0m05:33:02.982169 [debug] [MainThread]: Partial parsing: added file: dbt://macros/materializations/functions/aggregate.sql
[0m05:33:02.983850 [debug] [MainThread]: Partial parsing: added file: dbt://macros/utils/cast_bool_to_text.sql
[0m05:33:02.985186 [debug] [MainThread]: Partial parsing: added file: dbt://macros/relations/create.sql
[0m05:33:02.986349 [debug] [MainThread]: Partial parsing: added file: dbt_snowflake://macros/relations/dynamic_table/drop.sql
[0m05:33:02.987534 [debug] [MainThread]: Partial parsing: added file: dbt://macros/adapters/apply_grants.sql
[0m05:33:02.988713 [debug] [MainThread]: Partial parsing: added file: dbt_snowflake://macros/utils/array_construct.sql
[0m05:33:02.989761 [debug] [MainThread]: Partial parsing: added file: dbt://macros/relations/view/rename.sql
[0m05:33:02.991003 [debug] [MainThread]: Partial parsing: added file: dbt_snowflake://macros/utils/bool_or.sql
[0m05:33:02.992258 [debug] [MainThread]: Partial parsing: added file: dbt_snowflake://macros/metadata.sql
[0m05:33:02.993531 [debug] [MainThread]: Partial parsing: added file: dbt://macros/adapters/metadata.sql
[0m05:33:02.994940 [debug] [MainThread]: Partial parsing: added file: dbt_snowflake://macros/relations/rename_intermediate.sql
[0m05:33:02.996491 [debug] [MainThread]: Partial parsing: added file: dbt://macros/materializations/models/incremental/on_schema_change.sql
[0m05:33:02.997861 [debug] [MainThread]: Partial parsing: added file: dbt://macros/relations/view/create.sql
[0m05:33:02.999629 [debug] [MainThread]: Partial parsing: added file: dbt://macros/materializations/models/clone/clone.sql
[0m05:33:03.001085 [debug] [MainThread]: Partial parsing: added file: dbt://macros/materializations/models/materialized_view.sql
[0m05:33:03.002384 [debug] [MainThread]: Partial parsing: added file: dbt://macros/materializations/tests/helpers.sql
[0m05:33:03.003707 [debug] [MainThread]: Partial parsing: added file: dbt://macros/materializations/seeds/seed.sql
[0m05:33:03.004991 [debug] [MainThread]: Partial parsing: added file: dbt://macros/utils/intersect.sql
[0m05:33:03.006230 [debug] [MainThread]: Partial parsing: added file: dbt://macros/materializations/hooks.sql
[0m05:33:03.007441 [debug] [MainThread]: Partial parsing: added file: healthcare_dbt://models/gold/dim_treatment.sql
[0m05:33:03.008711 [debug] [MainThread]: Partial parsing: added file: dbt://macros/adapters/timestamps.sql
[0m05:33:03.009758 [debug] [MainThread]: Partial parsing: added file: dbt://macros/utils/listagg.sql
[0m05:33:03.010809 [debug] [MainThread]: Partial parsing: added file: dbt_snowflake://macros/relations/view/drop.sql
[0m05:33:03.011769 [debug] [MainThread]: Partial parsing: added file: dbt://macros/adapters/runtime.sql
[0m05:33:03.012810 [debug] [MainThread]: Partial parsing: added file: dbt://macros/relations/table/drop.sql
[0m05:33:03.014524 [debug] [MainThread]: Partial parsing: added file: dbt_snowflake://macros/relations/table/rename.sql
[0m05:33:03.016361 [debug] [MainThread]: Partial parsing: added file: dbt://macros/adapters/show.sql
[0m05:33:03.018243 [debug] [MainThread]: Partial parsing: added file: dbt://macros/utils/bool_or.sql
[0m05:33:03.019743 [debug] [MainThread]: Partial parsing: added file: dbt://macros/get_custom_name/get_latest_version_pointer_alias.sql
[0m05:33:03.020939 [debug] [MainThread]: Partial parsing: added file: dbt_snowflake://macros/apply_grants.sql
[0m05:33:03.022110 [debug] [MainThread]: Partial parsing: added file: dbt://macros/materializations/seeds/helpers.sql
[0m05:33:03.023272 [debug] [MainThread]: Partial parsing: added file: dbt_snowflake://macros/utils/safe_cast.sql
[0m05:33:03.024387 [debug] [MainThread]: Partial parsing: added file: dbt_snowflake://macros/metadata/list_relations_without_caching.sql
[0m05:33:03.025541 [debug] [MainThread]: Partial parsing: added file: dbt://macros/relations/replace.sql
[0m05:33:03.026666 [debug] [MainThread]: Partial parsing: added file: dbt://macros/relations/drop_backup.sql
[0m05:33:03.027911 [debug] [MainThread]: Partial parsing: added file: dbt_snowflake://macros/relations/table/create.sql
[0m05:33:03.029040 [debug] [MainThread]: Partial parsing: added file: dbt_snowflake://macros/relations/dynamic_table/alter.sql
[0m05:33:03.030776 [debug] [MainThread]: Partial parsing: added file: dbt://tests/generic/builtin.sql
[0m05:33:03.032040 [debug] [MainThread]: Partial parsing: added file: dbt://macros/adapters/schema.sql
[0m05:33:03.033303 [debug] [MainThread]: Partial parsing: added file: dbt://macros/relations/view/replace.sql
[0m05:33:03.034884 [debug] [MainThread]: Partial parsing: added file: dbt://macros/utils/safe_cast.sql
[0m05:33:03.036305 [debug] [MainThread]: Partial parsing: added file: healthcare_dbt://models/gold/dim_date.sql
[0m05:33:03.037551 [debug] [MainThread]: Partial parsing: added file: dbt://macros/relations/table/create.sql
[0m05:33:03.038875 [debug] [MainThread]: Partial parsing: added file: dbt_snowflake://macros/materializations/clone.sql
[0m05:33:03.040141 [debug] [MainThread]: Partial parsing: added file: dbt://macros/materializations/tests/unit.sql
[0m05:33:03.041507 [debug] [MainThread]: Partial parsing: added file: dbt://macros/materializations/functions/scalar.sql
[0m05:33:03.042798 [debug] [MainThread]: Partial parsing: added file: dbt_snowflake://macros/relations/create_backup.sql
[0m05:33:03.044305 [debug] [MainThread]: Partial parsing: added file: dbt://macros/utils/date.sql
[0m05:33:03.045986 [debug] [MainThread]: Partial parsing: added file: dbt_snowflake://macros/get_custom_name.sql
[0m05:33:03.047341 [debug] [MainThread]: Partial parsing: added file: dbt://macros/materializations/models/clone/create_or_replace_clone.sql
[0m05:33:03.049238 [debug] [MainThread]: Partial parsing: added file: healthcare_dbt://models/gold/dim_department.sql
[0m05:33:03.050884 [debug] [MainThread]: Partial parsing: added file: dbt://macros/materializations/models/incremental/is_incremental.sql
[0m05:33:03.052255 [debug] [MainThread]: Partial parsing: added file: dbt://macros/utils/array_construct.sql
[0m05:33:03.053636 [debug] [MainThread]: Partial parsing: added file: dbt://macros/relations/create_intermediate.sql
[0m05:33:03.055140 [debug] [MainThread]: Partial parsing: added file: dbt://macros/utils/date_trunc.sql
[0m05:33:03.056416 [debug] [MainThread]: Partial parsing: added file: dbt://macros/utils/position.sql
[0m05:33:03.058072 [debug] [MainThread]: Partial parsing: added file: dbt://macros/utils/except.sql
[0m05:33:03.059579 [debug] [MainThread]: Partial parsing: added file: dbt://macros/utils/escape_single_quotes.sql
[0m05:33:03.060904 [debug] [MainThread]: Partial parsing: added file: dbt://macros/adapters/freshness.sql
[0m05:33:03.062354 [debug] [MainThread]: Partial parsing: added file: dbt_snowflake://macros/materializations/functions/aggregate.sql
[0m05:33:03.064031 [debug] [MainThread]: Partial parsing: added file: dbt://macros/utils/generate_series.sql
[0m05:33:03.065626 [debug] [MainThread]: Partial parsing: added file: dbt://macros/utils/hash.sql
[0m05:33:03.066956 [debug] [MainThread]: Partial parsing: added file: dbt_snowflake://macros/adapters.sql
[0m05:33:03.068087 [debug] [MainThread]: Partial parsing: added file: dbt://macros/materializations/functions/helpers.sql
[0m05:33:03.069166 [debug] [MainThread]: Partial parsing: added file: dbt_snowflake://macros/relations/dynamic_table/create.sql
[0m05:33:03.070387 [debug] [MainThread]: Partial parsing: added file: dbt://macros/relations/materialized_view/create.sql
[0m05:33:03.071948 [debug] [MainThread]: Partial parsing: added file: dbt_snowflake://macros/relations/dynamic_table/rename.sql
[0m05:33:03.074074 [debug] [MainThread]: Partial parsing: added file: dbt://macros/utils/right.sql
[0m05:33:03.075401 [debug] [MainThread]: Partial parsing: added file: dbt_snowflake://macros/relations/dynamic_table/refresh.sql
[0m05:33:03.076953 [debug] [MainThread]: Partial parsing: added file: dbt://macros/etc/statement.sql
[0m05:33:03.078655 [debug] [MainThread]: Partial parsing: added file: dbt://macros/materializations/models/view.sql
[0m05:33:03.080198 [debug] [MainThread]: Partial parsing: added file: dbt://macros/utils/any_value.sql
[0m05:33:03.081454 [debug] [MainThread]: Partial parsing: added file: dbt://macros/materializations/snapshots/snapshot.sql
[0m05:33:03.082828 [debug] [MainThread]: Partial parsing: added file: dbt://macros/utils/equals.sql
[0m05:33:03.084118 [debug] [MainThread]: Partial parsing: added file: dbt://docs/overview.md
[0m05:33:03.085418 [debug] [MainThread]: Partial parsing: added file: dbt://macros/materializations/models/incremental/incremental.sql
[0m05:33:03.086634 [debug] [MainThread]: Partial parsing: added file: dbt_snowflake://macros/materializations/incremental/merge.sql
[0m05:33:03.087919 [debug] [MainThread]: Partial parsing: added file: dbt://macros/materializations/models/incremental/strategies.sql
[0m05:33:03.089430 [debug] [MainThread]: Partial parsing: added file: dbt://macros/utils/array_concat.sql
[0m05:33:03.090938 [debug] [MainThread]: Partial parsing: added file: dbt://macros/etc/datetime.sql
[0m05:33:03.092795 [debug] [MainThread]: Partial parsing: added file: healthcare_dbt://models/silver/stg_healthcare.sql
[0m05:33:03.094521 [debug] [MainThread]: Partial parsing: added file: dbt_snowflake://macros/materializations/table.sql
[0m05:33:03.095797 [debug] [MainThread]: Partial parsing: added file: dbt_snowflake://macros/materializations/models/incremental/snowflake_column_helpers.sql
[0m05:33:03.097097 [debug] [MainThread]: Partial parsing: added file: dbt://macros/utils/concat.sql
[0m05:33:03.098465 [debug] [MainThread]: Partial parsing: added file: dbt://macros/adapters/relation.sql
[0m05:33:03.099810 [debug] [MainThread]: Partial parsing: added file: dbt_snowflake://macros/utils/cast.sql
[0m05:33:03.101377 [debug] [MainThread]: Partial parsing: added file: dbt_snowflake://macros/materializations/snapshot.sql
[0m05:33:03.102704 [debug] [MainThread]: Partial parsing: added file: dbt_snowflake://macros/materializations/incremental.sql
[0m05:33:03.104258 [debug] [MainThread]: Partial parsing: added file: dbt://macros/materializations/tests/where_subquery.sql
[0m05:33:03.105728 [debug] [MainThread]: Partial parsing: added file: dbt://macros/get_custom_name/get_custom_alias.sql
[0m05:33:03.107164 [debug] [MainThread]: Partial parsing: added file: dbt://macros/relations/table/rename.sql
[0m05:33:03.108700 [debug] [MainThread]: Partial parsing: added file: healthcare_dbt://models/gold/fact_visits.sql
[0m05:33:03.110374 [debug] [MainThread]: Partial parsing: added file: dbt://macros/relations/create_backup.sql
[0m05:33:03.112072 [debug] [MainThread]: Partial parsing: added file: dbt_snowflake://macros/relations/replace.sql
[0m05:33:03.113956 [debug] [MainThread]: Partial parsing: added file: dbt_snowflake://macros/materializations/view.sql
[0m05:33:03.115754 [debug] [MainThread]: Partial parsing: added file: dbt://macros/relations/drop.sql
[0m05:33:03.117461 [debug] [MainThread]: Partial parsing: added file: dbt://macros/utils/replace.sql
[0m05:33:03.119467 [debug] [MainThread]: Partial parsing: added file: dbt://macros/materializations/models/table.sql
[0m05:33:03.121318 [debug] [MainThread]: Partial parsing: added file: dbt_snowflake://macros/materializations/test.sql
[0m05:33:03.122540 [debug] [MainThread]: Partial parsing: added file: dbt://macros/materializations/snapshots/helpers.sql
[0m05:33:03.123721 [debug] [MainThread]: Partial parsing: added file: dbt://macros/utils/cast.sql
[0m05:33:03.124984 [debug] [MainThread]: Partial parsing: added file: dbt://macros/utils/last_day.sql
[0m05:33:03.126359 [debug] [MainThread]: Partial parsing: added file: dbt://macros/get_custom_name/get_custom_database.sql
[0m05:33:03.127658 [debug] [MainThread]: Partial parsing: added file: dbt://macros/python_model/python.sql
[0m05:33:03.128778 [debug] [MainThread]: Partial parsing: added file: dbt://macros/relations/rename.sql
[0m05:33:03.129817 [debug] [MainThread]: Partial parsing: added file: dbt_snowflake://macros/utils/timestamps.sql
[0m05:33:03.131253 [debug] [MainThread]: Partial parsing: added file: dbt_snowflake://macros/utils/escape_single_quotes.sql
[0m05:33:03.132552 [debug] [MainThread]: Partial parsing: added file: dbt://macros/utils/datediff.sql
[0m05:33:03.133678 [debug] [MainThread]: Partial parsing: added file: dbt_snowflake://macros/relations/create.sql
[0m05:33:03.134828 [debug] [MainThread]: Partial parsing: added file: dbt://macros/relations/rename_intermediate.sql
[0m05:33:03.136440 [debug] [MainThread]: Partial parsing: added file: dbt://macros/unit_test_sql/get_fixture_sql.sql
[0m05:33:03.138306 [debug] [MainThread]: Partial parsing: added file: dbt://macros/utils/array_append.sql
[0m05:33:03.140104 [debug] [MainThread]: Partial parsing: added file: healthcare_dbt://models/gold/dim_patient.sql
[0m05:33:03.142039 [debug] [MainThread]: Partial parsing: added file: dbt_snowflake://macros/materializations/functions/scalar.sql
[0m05:33:03.143856 [debug] [MainThread]: Partial parsing: added file: dbt://macros/relations/materialized_view/replace.sql
[0m05:33:03.145713 [debug] [MainThread]: Partial parsing: added file: dbt_snowflake://macros/relations/drop.sql
[0m05:33:03.147497 [debug] [MainThread]: Partial parsing: added file: dbt://macros/relations/materialized_view/drop.sql
[0m05:33:03.149598 [debug] [MainThread]: Partial parsing: added file: dbt_snowflake://macros/relations/view/replace.sql
[0m05:33:03.151043 [debug] [MainThread]: Partial parsing: added file: dbt://macros/relations/schema.sql
[0m05:33:03.152913 [debug] [MainThread]: Partial parsing: added file: dbt://macros/materializations/snapshots/strategies.sql
[0m05:33:03.154601 [debug] [MainThread]: Partial parsing: added file: dbt://macros/relations/column/columns_spec_ddl.sql
[0m05:33:03.155558 [debug] [MainThread]: Partial parsing: added file: dbt://macros/adapters/columns.sql
[0m05:33:03.157507 [debug] [MainThread]: Partial parsing: added file: dbt://macros/get_custom_name/get_custom_schema.sql
[0m05:33:03.159656 [debug] [MainThread]: Partial parsing: added file: dbt://macros/relations/table/replace.sql
[0m05:33:03.161471 [debug] [MainThread]: Partial parsing: added file: dbt://macros/adapters/indexes.sql
[0m05:33:03.163423 [debug] [MainThread]: Partial parsing: added file: dbt://macros/relations/materialized_view/refresh.sql
[0m05:33:03.165024 [debug] [MainThread]: Partial parsing: added file: dbt_snowflake://macros/relations/dynamic_table/replace.sql
[0m05:33:03.166764 [debug] [MainThread]: Partial parsing: added file: healthcare_dbt://models/silver/sources.yml
[0m05:33:03.168577 [debug] [MainThread]: Partial parsing: added file: dbt_snowflake://macros/relations/table/replace.sql
[0m05:33:03.170619 [debug] [MainThread]: Partial parsing: added file: dbt_snowflake://macros/materializations/dynamic_table.sql
[0m05:33:03.172792 [debug] [MainThread]: Partial parsing: added file: dbt_snowflake://macros/utils/equals.sql
[0m05:33:03.174849 [debug] [MainThread]: Partial parsing: added file: dbt://macros/generic_test_sql/accepted_values.sql
[0m05:33:03.176833 [debug] [MainThread]: Partial parsing: added file: dbt://macros/materializations/configs.sql
[0m05:33:03.178983 [debug] [MainThread]: Partial parsing: added file: dbt://macros/materializations/models/incremental/merge.sql
[0m05:33:03.180884 [debug] [MainThread]: Partial parsing: added file: dbt://macros/materializations/models/incremental/column_helpers.sql
[0m05:33:03.182701 [debug] [MainThread]: Partial parsing: added file: dbt_snowflake://macros/relations/dynamic_table/describe.sql
[0m05:33:03.184481 [debug] [MainThread]: Partial parsing: added file: dbt://macros/relations/view/drop.sql
[0m05:33:03.186059 [debug] [MainThread]: Partial parsing: added file: dbt_snowflake://macros/utils/optional.sql
[0m05:33:03.187617 [debug] [MainThread]: Partial parsing: added file: dbt_snowflake://macros/materializations/incremental/insert_overwrite.sql
[0m05:33:03.188986 [debug] [MainThread]: Partial parsing: added file: dbt://macros/generic_test_sql/unique.sql
[0m05:33:03.190466 [debug] [MainThread]: Partial parsing: added file: dbt://macros/adapters/validate_sql.sql
[0m05:33:03.191861 [debug] [MainThread]: Partial parsing: added file: dbt://macros/generic_test_sql/not_null.sql
[0m05:33:03.193285 [debug] [MainThread]: Partial parsing: added file: dbt://macros/materializations/snapshots/snapshot_merge.sql
[0m05:33:03.195008 [debug] [MainThread]: Partial parsing: added file: dbt://macros/materializations/tests/test.sql
[0m05:33:03.196248 [debug] [MainThread]: Partial parsing: added file: dbt_snowflake://macros/relations/view/create.sql
[0m05:33:03.197642 [debug] [MainThread]: Partial parsing: deleted file: dbt://macros\materializations\models\incremental\on_schema_change.sql
[0m05:33:03.198805 [debug] [MainThread]: Partial parsing: deleted file: dbt://macros\relations\view\replace.sql
[0m05:33:03.200046 [debug] [MainThread]: Partial parsing: deleted file: healthcare_dbt://models\gold\dim_patient.sql
[0m05:33:03.201210 [debug] [MainThread]: Partial parsing: deleted file: dbt_snowflake://macros\materializations\view.sql
[0m05:33:03.202382 [debug] [MainThread]: Partial parsing: deleted file: dbt_snowflake://macros\catalog.sql
[0m05:33:03.203545 [debug] [MainThread]: Partial parsing: deleted file: dbt://macros\relations\table\replace.sql
[0m05:33:03.205045 [debug] [MainThread]: Partial parsing: deleted file: dbt_snowflake://macros\relations\dynamic_table\alter.sql
[0m05:33:03.206631 [debug] [MainThread]: Partial parsing: deleted file: dbt://macros\materializations\functions\scalar.sql
[0m05:33:03.208119 [debug] [MainThread]: Partial parsing: deleted file: dbt_snowflake://macros\utils\safe_cast.sql
[0m05:33:03.209563 [debug] [MainThread]: Partial parsing: deleted file: healthcare_dbt://models\gold\dim_date.sql
[0m05:33:03.211466 [debug] [MainThread]: Partial parsing: deleted file: dbt_snowflake://macros\adapters.sql
[0m05:33:03.213028 [debug] [MainThread]: Partial parsing: deleted file: dbt://macros\generic_test_sql\relationships.sql
[0m05:33:03.214510 [debug] [MainThread]: Partial parsing: deleted file: dbt://macros\relations\table\rename.sql
[0m05:33:03.215953 [debug] [MainThread]: Partial parsing: deleted file: dbt://macros\relations\rename_intermediate.sql
[0m05:33:03.216959 [debug] [MainThread]: Partial parsing: deleted file: dbt://macros\materializations\functions\aggregate.sql
[0m05:33:03.217961 [debug] [MainThread]: Partial parsing: deleted file: dbt://macros\relations\view\create.sql
[0m05:33:03.218879 [debug] [MainThread]: Partial parsing: deleted file: dbt://macros\utils\length.sql
[0m05:33:03.219838 [debug] [MainThread]: Partial parsing: deleted file: dbt://macros\utils\replace.sql
[0m05:33:03.221042 [debug] [MainThread]: Partial parsing: deleted file: dbt_snowflake://macros\utils\right.sql
[0m05:33:03.221991 [debug] [MainThread]: Partial parsing: deleted file: dbt://macros\materializations\snapshots\helpers.sql
[0m05:33:03.223580 [debug] [MainThread]: Partial parsing: deleted file: dbt_snowflake://macros\relations\table\create.sql
[0m05:33:03.224767 [debug] [MainThread]: Partial parsing: deleted file: dbt://macros\utils\cast_bool_to_text.sql
[0m05:33:03.225895 [debug] [MainThread]: Partial parsing: deleted file: dbt://macros\materializations\models\clone\create_or_replace_clone.sql
[0m05:33:03.226957 [debug] [MainThread]: Partial parsing: deleted file: dbt_snowflake://macros\materializations\table.sql
[0m05:33:03.227840 [debug] [MainThread]: Partial parsing: deleted file: dbt://macros\materializations\models\table.sql
[0m05:33:03.228671 [debug] [MainThread]: Partial parsing: deleted file: dbt://macros\utils\bool_or.sql
[0m05:33:03.229632 [debug] [MainThread]: Partial parsing: deleted file: dbt://macros\generic_test_sql\unique.sql
[0m05:33:03.230527 [debug] [MainThread]: Partial parsing: deleted file: dbt_snowflake://macros\relations\drop.sql
[0m05:33:03.231334 [debug] [MainThread]: Partial parsing: deleted file: dbt://macros\generic_test_sql\not_null.sql
[0m05:33:03.232138 [debug] [MainThread]: Partial parsing: deleted file: dbt_snowflake://macros\relations\dynamic_table\refresh.sql
[0m05:33:03.233593 [debug] [MainThread]: Partial parsing: deleted file: dbt://macros\materializations\tests\helpers.sql
[0m05:33:03.235277 [debug] [MainThread]: Partial parsing: deleted file: dbt_snowflake://macros\materializations\test.sql
[0m05:33:03.236642 [debug] [MainThread]: Partial parsing: deleted file: dbt://macros\utils\except.sql
[0m05:33:03.238030 [debug] [MainThread]: Partial parsing: deleted file: dbt://macros\relations\materialized_view\replace.sql
[0m05:33:03.239321 [debug] [MainThread]: Partial parsing: deleted file: dbt://macros\utils\generate_series.sql
[0m05:33:03.240527 [debug] [MainThread]: Partial parsing: deleted file: dbt://macros\utils\data_types.sql
[0m05:33:03.241570 [debug] [MainThread]: Partial parsing: deleted file: dbt://macros\adapters\runtime.sql
[0m05:33:03.242853 [debug] [MainThread]: Partial parsing: deleted file: dbt://macros\utils\any_value.sql
[0m05:33:03.244036 [debug] [MainThread]: Partial parsing: deleted file: dbt://macros\utils\split_part.sql
[0m05:33:03.245377 [debug] [MainThread]: Partial parsing: deleted file: dbt://macros\relations\view\drop.sql
[0m05:33:03.246383 [debug] [MainThread]: Partial parsing: deleted file: dbt://macros\relations\materialized_view\refresh.sql
[0m05:33:03.247496 [debug] [MainThread]: Partial parsing: deleted file: dbt://macros\etc\datetime.sql
[0m05:33:03.248358 [debug] [MainThread]: Partial parsing: deleted file: dbt://macros\relations\create_intermediate.sql
[0m05:33:03.249150 [debug] [MainThread]: Partial parsing: deleted file: dbt://macros\utils\dateadd.sql
[0m05:33:03.250009 [debug] [MainThread]: Partial parsing: deleted file: dbt://macros\relations\materialized_view\rename.sql
[0m05:33:03.250865 [debug] [MainThread]: Partial parsing: deleted file: dbt_snowflake://macros\relations\dynamic_table\rename.sql
[0m05:33:03.251677 [debug] [MainThread]: Partial parsing: deleted file: dbt_snowflake://macros\relations\create_backup.sql
[0m05:33:03.252444 [debug] [MainThread]: Partial parsing: deleted file: dbt://macros\get_custom_name\get_custom_database.sql
[0m05:33:03.253264 [debug] [MainThread]: Partial parsing: deleted file: dbt_snowflake://macros\materializations\seed.sql
[0m05:33:03.254623 [debug] [MainThread]: Partial parsing: deleted file: dbt_snowflake://macros\utils\optional.sql
[0m05:33:03.255876 [debug] [MainThread]: Partial parsing: deleted file: dbt://macros\materializations\functions\helpers.sql
[0m05:33:03.257284 [debug] [MainThread]: Partial parsing: deleted file: dbt://macros\materializations\models\incremental\column_helpers.sql
[0m05:33:03.258684 [debug] [MainThread]: Partial parsing: deleted file: dbt_snowflake://macros\relations\create.sql
[0m05:33:03.259933 [debug] [MainThread]: Partial parsing: deleted file: dbt_snowflake://macros\utils\timestamps.sql
[0m05:33:03.261100 [debug] [MainThread]: Partial parsing: deleted file: dbt://macros\materializations\seeds\helpers.sql
[0m05:33:03.262241 [debug] [MainThread]: Partial parsing: deleted file: dbt_snowflake://macros\materializations\functions\aggregate.sql
[0m05:33:03.263166 [debug] [MainThread]: Partial parsing: deleted file: dbt_snowflake://macros\relations\rename.sql
[0m05:33:03.264283 [debug] [MainThread]: Partial parsing: deleted file: dbt://macros\materializations\tests\test.sql
[0m05:33:03.265340 [debug] [MainThread]: Partial parsing: deleted file: dbt://macros\utils\last_day.sql
[0m05:33:03.266192 [debug] [MainThread]: Partial parsing: deleted file: dbt://macros\utils\listagg.sql
[0m05:33:03.267098 [debug] [MainThread]: Partial parsing: deleted file: dbt://macros\adapters\metadata.sql
[0m05:33:03.268128 [debug] [MainThread]: Partial parsing: deleted file: dbt://macros\adapters\persist_docs.sql
[0m05:33:03.269115 [debug] [MainThread]: Partial parsing: deleted file: dbt://macros\relations\materialized_view\alter.sql
[0m05:33:03.270347 [debug] [MainThread]: Partial parsing: deleted file: dbt://macros\materializations\configs.sql
[0m05:33:03.271394 [debug] [MainThread]: Partial parsing: deleted file: dbt://macros\relations\materialized_view\create.sql
[0m05:33:03.272325 [debug] [MainThread]: Partial parsing: deleted file: dbt://macros\adapters\timestamps.sql
[0m05:33:03.273555 [debug] [MainThread]: Partial parsing: deleted file: dbt://macros\relations\schema.sql
[0m05:33:03.274888 [debug] [MainThread]: Partial parsing: deleted file: dbt_snowflake://macros\materializations\incremental.sql
[0m05:33:03.276305 [debug] [MainThread]: Partial parsing: deleted file: dbt_snowflake://macros\relations\dynamic_table\create.sql
[0m05:33:03.277533 [debug] [MainThread]: Partial parsing: deleted file: dbt_snowflake://macros\materializations\snapshot.sql
[0m05:33:03.278679 [debug] [MainThread]: Partial parsing: deleted file: healthcare_dbt://models\gold\dim_treatment.sql
[0m05:33:03.279683 [debug] [MainThread]: Partial parsing: deleted file: healthcare_dbt://models\gold\fact_visits.sql
[0m05:33:03.280926 [debug] [MainThread]: Partial parsing: deleted file: dbt://macros\materializations\tests\where_subquery.sql
[0m05:33:03.282342 [debug] [MainThread]: Partial parsing: deleted file: dbt://macros\python_model\python.sql
[0m05:33:03.284675 [debug] [MainThread]: Partial parsing: deleted file: dbt://macros\relations\table\drop.sql
[0m05:33:03.286297 [debug] [MainThread]: Partial parsing: deleted file: dbt://macros\utils\array_append.sql
[0m05:33:03.287653 [debug] [MainThread]: Partial parsing: deleted file: dbt://macros\utils\array_concat.sql
[0m05:33:03.288944 [debug] [MainThread]: Partial parsing: deleted file: dbt_snowflake://macros\materializations\incremental\merge.sql
[0m05:33:03.290203 [debug] [MainThread]: Partial parsing: deleted file: healthcare_dbt://models\gold\dim_department.sql
[0m05:33:03.291646 [debug] [MainThread]: Partial parsing: deleted file: dbt://macros\materializations\snapshots\snapshot.sql
[0m05:33:03.293313 [debug] [MainThread]: Partial parsing: deleted file: dbt://macros\materializations\models\incremental\strategies.sql
[0m05:33:03.294796 [debug] [MainThread]: Partial parsing: deleted file: dbt_snowflake://macros\utils\escape_single_quotes.sql
[0m05:33:03.296128 [debug] [MainThread]: Partial parsing: deleted file: dbt://macros\adapters\schema.sql
[0m05:33:03.298006 [debug] [MainThread]: Partial parsing: deleted file: dbt://macros\relations\table\create.sql
[0m05:33:03.299542 [debug] [MainThread]: Partial parsing: deleted file: dbt_snowflake://macros\utils\cast.sql
[0m05:33:03.300903 [debug] [MainThread]: Partial parsing: deleted file: dbt://macros\utils\date_trunc.sql
[0m05:33:03.302248 [debug] [MainThread]: Partial parsing: deleted file: dbt://macros\adapters\validate_sql.sql
[0m05:33:03.303337 [debug] [MainThread]: Partial parsing: deleted file: dbt://macros\materializations\models\view.sql
[0m05:33:03.304497 [debug] [MainThread]: Partial parsing: deleted file: dbt://macros\adapters\relation.sql
[0m05:33:03.305493 [debug] [MainThread]: Partial parsing: deleted file: dbt://macros\materializations\seeds\seed.sql
[0m05:33:03.306474 [debug] [MainThread]: Partial parsing: deleted file: dbt_snowflake://macros\materializations\models\incremental\snowflake_column_helpers.sql
[0m05:33:03.307399 [debug] [MainThread]: Partial parsing: deleted file: dbt://macros\generic_test_sql\accepted_values.sql
[0m05:33:03.308263 [debug] [MainThread]: Partial parsing: deleted file: dbt://macros\materializations\models\clone\clone.sql
[0m05:33:03.309029 [debug] [MainThread]: Partial parsing: deleted file: dbt://macros\materializations\models\clone\can_clone_table.sql
[0m05:33:03.309814 [debug] [MainThread]: Partial parsing: deleted file: dbt_snowflake://macros\materializations\functions\scalar.sql
[0m05:33:03.310783 [debug] [MainThread]: Partial parsing: deleted file: dbt://macros\materializations\models\materialized_view.sql
[0m05:33:03.311992 [debug] [MainThread]: Partial parsing: deleted file: dbt://macros\relations\column\columns_spec_ddl.sql
[0m05:33:03.313095 [debug] [MainThread]: Partial parsing: deleted file: dbt://macros\adapters\show.sql
[0m05:33:03.314475 [debug] [MainThread]: Partial parsing: deleted file: dbt://macros\utils\cast.sql
[0m05:33:03.315534 [debug] [MainThread]: Partial parsing: deleted file: dbt://macros\unit_test_sql\get_fixture_sql.sql
[0m05:33:03.316506 [debug] [MainThread]: Partial parsing: deleted file: dbt_snowflake://macros\utils\array_construct.sql
[0m05:33:03.317690 [debug] [MainThread]: Partial parsing: deleted file: dbt://docs\overview.md
[0m05:33:03.318738 [debug] [MainThread]: Partial parsing: deleted file: dbt://macros\relations\drop_backup.sql
[0m05:33:03.319526 [debug] [MainThread]: Partial parsing: deleted file: dbt_snowflake://macros\utils\bool_or.sql
[0m05:33:03.320347 [debug] [MainThread]: Partial parsing: deleted file: dbt://macros\materializations\tests\unit.sql
[0m05:33:03.321168 [debug] [MainThread]: Partial parsing: deleted file: dbt://macros\adapters\freshness.sql
[0m05:33:03.322025 [debug] [MainThread]: Partial parsing: deleted file: dbt://macros\materializations\functions\function.sql
[0m05:33:03.323012 [debug] [MainThread]: Partial parsing: deleted file: dbt://macros\adapters\apply_grants.sql
[0m05:33:03.323804 [debug] [MainThread]: Partial parsing: deleted file: dbt://macros\materializations\snapshots\strategies.sql
[0m05:33:03.324567 [debug] [MainThread]: Partial parsing: deleted file: dbt_snowflake://macros\relations\replace.sql
[0m05:33:03.325496 [debug] [MainThread]: Partial parsing: deleted file: dbt_snowflake://macros\relations\view\create.sql
[0m05:33:03.326338 [debug] [MainThread]: Partial parsing: deleted file: dbt_snowflake://macros\relations\table\drop.sql
[0m05:33:03.327302 [debug] [MainThread]: Partial parsing: deleted file: healthcare_dbt://macros\generate_schema_name.sql
[0m05:33:03.328235 [debug] [MainThread]: Partial parsing: deleted file: dbt://macros\relations\create.sql
[0m05:33:03.329080 [debug] [MainThread]: Partial parsing: deleted file: dbt://macros\utils\array_construct.sql
[0m05:33:03.329822 [debug] [MainThread]: Partial parsing: deleted file: dbt://macros\utils\date_spine.sql
[0m05:33:03.330684 [debug] [MainThread]: Partial parsing: deleted file: dbt://macros\utils\equals.sql
[0m05:33:03.331575 [debug] [MainThread]: Partial parsing: deleted file: dbt_snowflake://macros\materializations\clone.sql
[0m05:33:03.332377 [debug] [MainThread]: Partial parsing: deleted file: dbt://macros\get_custom_name\get_custom_alias.sql
[0m05:33:03.333330 [debug] [MainThread]: Partial parsing: deleted file: dbt_snowflake://macros\relations\dynamic_table\drop.sql
[0m05:33:03.334163 [debug] [MainThread]: Partial parsing: deleted file: dbt_snowflake://macros\materializations\incremental\insert_overwrite.sql
[0m05:33:03.335103 [debug] [MainThread]: Partial parsing: deleted file: dbt://macros\materializations\models\incremental\merge.sql
[0m05:33:03.336410 [debug] [MainThread]: Partial parsing: deleted file: dbt://macros\adapters\indexes.sql
[0m05:33:03.337515 [debug] [MainThread]: Partial parsing: deleted file: dbt_snowflake://macros\metadata\list_relations_without_caching.sql
[0m05:33:03.338556 [debug] [MainThread]: Partial parsing: deleted file: dbt://macros\utils\right.sql
[0m05:33:03.339698 [debug] [MainThread]: Partial parsing: deleted file: dbt://macros\relations\rename.sql
[0m05:33:03.340839 [debug] [MainThread]: Partial parsing: deleted file: dbt://macros\relations\materialized_view\drop.sql
[0m05:33:03.341876 [debug] [MainThread]: Partial parsing: deleted file: dbt://macros\relations\drop.sql
[0m05:33:03.342843 [debug] [MainThread]: Partial parsing: deleted file: dbt_snowflake://macros\apply_grants.sql
[0m05:33:03.343631 [debug] [MainThread]: Partial parsing: deleted file: dbt://macros\utils\position.sql
[0m05:33:03.344381 [debug] [MainThread]: Partial parsing: deleted file: dbt://tests\generic\builtin.sql
[0m05:33:03.345085 [debug] [MainThread]: Partial parsing: deleted file: dbt_snowflake://macros\metadata.sql
[0m05:33:03.345847 [debug] [MainThread]: Partial parsing: deleted file: dbt_snowflake://macros\relations\table\replace.sql
[0m05:33:03.346562 [debug] [MainThread]: Partial parsing: deleted file: dbt://macros\utils\literal.sql
[0m05:33:03.347273 [debug] [MainThread]: Partial parsing: deleted file: dbt://macros\utils\hash.sql
[0m05:33:03.347986 [debug] [MainThread]: Partial parsing: deleted file: dbt://macros\get_custom_name\get_latest_version_pointer_alias.sql
[0m05:33:03.348716 [debug] [MainThread]: Partial parsing: deleted file: dbt_snowflake://macros\relations\dynamic_table\replace.sql
[0m05:33:03.349420 [debug] [MainThread]: Partial parsing: deleted file: healthcare_dbt://models\silver\stg_healthcare.sql
[0m05:33:03.350233 [debug] [MainThread]: Partial parsing: deleted file: dbt_snowflake://macros\get_custom_name.sql
[0m05:33:03.351034 [debug] [MainThread]: Partial parsing: deleted file: dbt://macros\utils\datediff.sql
[0m05:33:03.351771 [debug] [MainThread]: Partial parsing: deleted file: dbt://macros\relations\view\rename.sql
[0m05:33:03.352785 [debug] [MainThread]: Partial parsing: deleted file: dbt://macros\adapters\columns.sql
[0m05:33:03.353622 [debug] [MainThread]: Partial parsing: deleted file: dbt_snowflake://macros\relations\view\replace.sql
[0m05:33:03.354440 [debug] [MainThread]: Partial parsing: deleted file: dbt://macros\utils\safe_cast.sql
[0m05:33:03.355207 [debug] [MainThread]: Partial parsing: deleted file: dbt://macros\get_custom_name\get_custom_schema.sql
[0m05:33:03.355939 [debug] [MainThread]: Partial parsing: deleted file: dbt://macros\utils\concat.sql
[0m05:33:03.356880 [debug] [MainThread]: Partial parsing: deleted file: dbt://macros\materializations\snapshots\snapshot_merge.sql
[0m05:33:03.357746 [debug] [MainThread]: Partial parsing: deleted file: dbt_snowflake://macros\utils\equals.sql
[0m05:33:03.358471 [debug] [MainThread]: Partial parsing: deleted file: dbt_snowflake://macros\relations\view\rename.sql
[0m05:33:03.359114 [debug] [MainThread]: Partial parsing: deleted file: dbt://macros\relations\create_backup.sql
[0m05:33:03.359991 [debug] [MainThread]: Partial parsing: deleted file: dbt://macros\etc\statement.sql
[0m05:33:03.360691 [debug] [MainThread]: Partial parsing: deleted file: dbt://macros\utils\escape_single_quotes.sql
[0m05:33:03.361388 [debug] [MainThread]: Partial parsing: deleted file: dbt_snowflake://macros\relations\table\rename.sql
[0m05:33:03.362035 [debug] [MainThread]: Partial parsing: deleted file: dbt://macros\materializations\models\incremental\is_incremental.sql
[0m05:33:03.362669 [debug] [MainThread]: Partial parsing: deleted file: dbt://macros\utils\intersect.sql
[0m05:33:03.363314 [debug] [MainThread]: Partial parsing: deleted file: dbt://macros\relations\replace.sql
[0m05:33:03.363960 [debug] [MainThread]: Partial parsing: deleted file: dbt_snowflake://macros\relations\rename_intermediate.sql
[0m05:33:03.364626 [debug] [MainThread]: Partial parsing: deleted file: dbt://macros\utils\date.sql
[0m05:33:03.365316 [debug] [MainThread]: Partial parsing: deleted file: dbt://macros\materializations\hooks.sql
[0m05:33:03.365993 [debug] [MainThread]: Partial parsing: deleted file: dbt_snowflake://macros\materializations\dynamic_table.sql
[0m05:33:03.366643 [debug] [MainThread]: Partial parsing: deleted file: dbt_snowflake://macros\relations\view\drop.sql
[0m05:33:03.367270 [debug] [MainThread]: Partial parsing: deleted file: dbt_snowflake://macros\relations\dynamic_table\describe.sql
[0m05:33:03.367897 [debug] [MainThread]: Partial parsing: deleted file: dbt://macros\materializations\models\incremental\incremental.sql
[0m05:33:03.368581 [error] [MainThread]: [[31mERROR[0m]: Encountered an error:
'healthcare_dbt://macros/generate_schema_name.sql'
[0m05:33:03.372996 [error] [MainThread]: Traceback (most recent call last):
  File "/mnt/d/DE Matrials/ETL Tools/Apache Airflow/Earthquake/venv/lib/python3.12/site-packages/dbt/cli/requires.py", line 198, in wrapper
    result, success = func(*args, **kwargs)
                      ^^^^^^^^^^^^^^^^^^^^^
  File "/mnt/d/DE Matrials/ETL Tools/Apache Airflow/Earthquake/venv/lib/python3.12/site-packages/dbt/cli/requires.py", line 144, in wrapper
    return func(*args, **kwargs)
           ^^^^^^^^^^^^^^^^^^^^^
  File "/mnt/d/DE Matrials/ETL Tools/Apache Airflow/Earthquake/venv/lib/python3.12/site-packages/dbt/cli/requires.py", line 295, in wrapper
    return func(*args, **kwargs)
           ^^^^^^^^^^^^^^^^^^^^^
  File "/mnt/d/DE Matrials/ETL Tools/Apache Airflow/Earthquake/venv/lib/python3.12/site-packages/dbt/cli/requires.py", line 340, in wrapper
    return func(*args, **kwargs)
           ^^^^^^^^^^^^^^^^^^^^^
  File "/mnt/d/DE Matrials/ETL Tools/Apache Airflow/Earthquake/venv/lib/python3.12/site-packages/dbt/cli/requires.py", line 387, in wrapper
    return func(*args, **kwargs)
           ^^^^^^^^^^^^^^^^^^^^^
  File "/mnt/d/DE Matrials/ETL Tools/Apache Airflow/Earthquake/venv/lib/python3.12/site-packages/dbt/cli/requires.py", line 403, in wrapper
    setup_manifest(ctx, write=write, write_perf_info=write_perf_info)
  File "/mnt/d/DE Matrials/ETL Tools/Apache Airflow/Earthquake/venv/lib/python3.12/site-packages/dbt/cli/requires.py", line 480, in setup_manifest
    ctx.obj["manifest"] = parse_manifest(
                          ^^^^^^^^^^^^^^^
  File "/mnt/d/DE Matrials/ETL Tools/Apache Airflow/Earthquake/venv/lib/python3.12/site-packages/dbt/parser/manifest.py", line 2662, in parse_manifest
    manifest = ManifestLoader.get_full_manifest(
               ^^^^^^^^^^^^^^^^^^^^^^^^^^^^^^^^^
  File "/mnt/d/DE Matrials/ETL Tools/Apache Airflow/Earthquake/venv/lib/python3.12/site-packages/dbt/parser/manifest.py", line 360, in get_full_manifest
    manifest = loader.load()
               ^^^^^^^^^^^^^
  File "/mnt/d/DE Matrials/ETL Tools/Apache Airflow/Earthquake/venv/lib/python3.12/site-packages/dbt/parser/manifest.py", line 433, in load
    self.load_and_parse_macros(project_parser_files)
  File "/mnt/d/DE Matrials/ETL Tools/Apache Airflow/Earthquake/venv/lib/python3.12/site-packages/dbt/parser/manifest.py", line 852, in load_and_parse_macros
    block = FileBlock(self.manifest.files[file_id])
                      ~~~~~~~~~~~~~~~~~~~^^^^^^^^^
KeyError: 'healthcare_dbt://macros/generate_schema_name.sql'

[0m05:33:03.376673 [debug] [MainThread]: Resource report: {"command_name": "run", "command_success": false, "command_wall_clock_time": 18.18954, "process_in_blocks": "3960", "process_kernel_time": 1.685325, "process_mem_max_rss": "152392", "process_out_blocks": "8", "process_user_time": 3.445316}
[0m05:33:03.378111 [debug] [MainThread]: Command `dbt run` failed at 05:33:03.377955 after 18.19 seconds
[0m05:33:03.378990 [debug] [MainThread]: Sending event: {'category': 'dbt', 'action': 'invocation', 'label': 'end', 'context': [<snowplow_tracker.self_describing_json.SelfDescribingJson object at 0x7fb8b493bec0>, <snowplow_tracker.self_describing_json.SelfDescribingJson object at 0x7fb8b3505370>, <snowplow_tracker.self_describing_json.SelfDescribingJson object at 0x7fb8b207be90>]}
[0m05:33:03.379920 [debug] [MainThread]: Flushing usage events
[0m05:33:07.347237 [debug] [MainThread]: An error was encountered while trying to flush usage events
[0m04:54:54.761946 [debug] [MainThread]: Sending event: {'category': 'dbt', 'action': 'invocation', 'label': 'start', 'context': [<snowplow_tracker.self_describing_json.SelfDescribingJson object at 0x7f8b9e76e1b0>, <snowplow_tracker.self_describing_json.SelfDescribingJson object at 0x7f8b9e6fe960>, <snowplow_tracker.self_describing_json.SelfDescribingJson object at 0x7f8b9e6ffd70>]}


============================== 04:54:54.789503 | 2f069762-a656-4d06-ba0d-fb68ef24ee47 ==============================
[0m04:54:54.789503 [info ] [MainThread]: Running with dbt=1.12.3
[0m04:54:54.791514 [debug] [MainThread]: running dbt with arguments {'debug': 'False', 'warn_error': 'None', 'hints_enabled': 'True', 'profiles_dir': '/home/sugapriya/.dbt', 'use_colors': 'True', 'log_cache_events': 'False', 'introspect': 'True', 'cache_selected_only': 'False', 'empty': 'False', 'static_parser': 'True', 'version_check': 'True', 'printer_width': '80', 'invocation_command': 'dbt run --select silver --profiles-dir /home/sugapriya/.dbt', 'log_path': '/mnt/d/DE Matrials/Projects/DE Projects/FirstProject_DBT_AIRFLOW_SNOWFLAKE_FIVETRAN/healthcare_dbt/logs', 'send_anonymous_usage_stats': 'True', 'no_print': 'None', 'log_format': 'default', 'warn_error_options': 'WarnErrorOptionsV2(error=[], warn=[], silence=[])', 'maximum_seed_size_mib': '1', 'target_path': 'None', 'indirect_selection': 'eager', 'fail_fast': 'False', 'use_experimental_parser': 'False', 'partial_parse': 'True', 'write_json': 'True', 'quiet': 'False'}
[0m04:55:05.349571 [debug] [MainThread]: Snowflake adapter: Setting snowflake.connector to ERROR (file logging only)
[0m04:55:05.352309 [debug] [MainThread]: Snowflake adapter: Setting botocore to ERROR (file logging only)
[0m04:55:05.354524 [debug] [MainThread]: Snowflake adapter: Setting boto3 to ERROR (file logging only)
[0m04:55:17.801232 [debug] [MainThread]: Sending event: {'category': 'dbt', 'action': 'project_id', 'label': '2f069762-a656-4d06-ba0d-fb68ef24ee47', 'context': [<snowplow_tracker.self_describing_json.SelfDescribingJson object at 0x7f8b9e737050>]}
[0m04:55:17.944942 [debug] [MainThread]: Sending event: {'category': 'dbt', 'action': 'adapter_info', 'label': '2f069762-a656-4d06-ba0d-fb68ef24ee47', 'context': [<snowplow_tracker.self_describing_json.SelfDescribingJson object at 0x7f8b9b3a3da0>]}
[0m04:55:17.978145 [info ] [MainThread]: Registered adapter: snowflake=1.12.0
[0m04:55:43.872818 [debug] [MainThread]: checksum: cd11ddf55c3f57c7cf223dea061db390e40f8619709a911fb3f7b2e110e1d310, vars: {}, profile: healthcare_dbt, target: dev, version: 1.12.3
[0m04:55:44.096508 [info ] [MainThread]: Unable to do partial parsing because profile has changed
[0m04:55:44.099269 [debug] [MainThread]: Sending event: {'category': 'dbt', 'action': 'partial_parser', 'label': '2f069762-a656-4d06-ba0d-fb68ef24ee47', 'context': [<snowplow_tracker.self_describing_json.SelfDescribingJson object at 0x7f8b9dcc06e0>]}
[0m04:55:53.808233 [debug] [MainThread]: Sending event: {'category': 'dbt', 'action': 'load_project', 'label': '2f069762-a656-4d06-ba0d-fb68ef24ee47', 'context': [<snowplow_tracker.self_describing_json.SelfDescribingJson object at 0x7f8b9acaade0>]}
[0m04:55:54.042725 [debug] [MainThread]: Wrote artifact WritableManifest to /mnt/d/DE Matrials/Projects/DE Projects/FirstProject_DBT_AIRFLOW_SNOWFLAKE_FIVETRAN/healthcare_dbt/target/manifest.json
[0m04:55:54.072285 [debug] [MainThread]: Wrote artifact SemanticManifest to /mnt/d/DE Matrials/Projects/DE Projects/FirstProject_DBT_AIRFLOW_SNOWFLAKE_FIVETRAN/healthcare_dbt/target/semantic_manifest.json
[0m04:55:54.904644 [debug] [MainThread]: Wrote artifact OsiDocument to /mnt/d/DE Matrials/Projects/DE Projects/FirstProject_DBT_AIRFLOW_SNOWFLAKE_FIVETRAN/healthcare_dbt/target/osi_document.json
[0m04:55:55.084444 [debug] [MainThread]: Sending event: {'category': 'dbt', 'action': 'resource_counts', 'label': '2f069762-a656-4d06-ba0d-fb68ef24ee47', 'context': [<snowplow_tracker.self_describing_json.SelfDescribingJson object at 0x7f8b99b72210>]}
[0m04:55:55.085736 [info ] [MainThread]: Found 6 models, 1 source, 546 macros
[0m04:55:55.087339 [debug] [MainThread]: Sending event: {'category': 'dbt', 'action': 'runnable_timing', 'label': '2f069762-a656-4d06-ba0d-fb68ef24ee47', 'context': [<snowplow_tracker.self_describing_json.SelfDescribingJson object at 0x7f8b9b034fb0>]}
[0m04:55:55.091481 [info ] [MainThread]: 
[0m04:55:55.093354 [info ] [MainThread]: Concurrency: 2 threads (target='dev')
[0m04:55:55.095211 [info ] [MainThread]: 
[0m04:55:55.097019 [debug] [MainThread]: Acquiring new snowflake connection 'master'
[0m04:55:55.099472 [debug] [ThreadPool]: Acquiring new snowflake connection 'list_HEALTHCARE_DB'
[0m04:55:55.129578 [debug] [ThreadPool]: Using snowflake connection "list_HEALTHCARE_DB"
[0m04:55:55.130848 [debug] [ThreadPool]: On list_HEALTHCARE_DB: show terse schemas in database HEALTHCARE_DB
    limit 10000
/* {"app": "dbt", "dbt_version": "1.12.3", "profile_name": "healthcare_dbt", "target_name": "dev", "connection_name": "list_HEALTHCARE_DB"} */
[0m04:55:55.132093 [debug] [ThreadPool]: Opening a new connection, currently in state init
[0m04:55:59.131581 [debug] [ThreadPool]: SQL status: SUCCESS 4 in 3.999 seconds
[0m04:55:59.152177 [debug] [ThreadPool]: Re-using an available connection from the pool (formerly list_HEALTHCARE_DB, now list_HEALTHCARE_DB_GOLD)
[0m04:55:59.154796 [debug] [ThreadPool]: Acquiring new snowflake connection 'list_HEALTHCARE_DB_SILVER'
[0m04:55:59.176914 [debug] [ThreadPool]: Using snowflake connection "list_HEALTHCARE_DB_GOLD"
[0m04:55:59.180137 [debug] [ThreadPool]: Using snowflake connection "list_HEALTHCARE_DB_SILVER"
[0m04:55:59.181892 [debug] [ThreadPool]: On list_HEALTHCARE_DB_GOLD: show objects in HEALTHCARE_DB.GOLD
    limit 10000
    

/* {"app": "dbt", "dbt_version": "1.12.3", "profile_name": "healthcare_dbt", "target_name": "dev", "connection_name": "list_HEALTHCARE_DB_GOLD"} */;
[0m04:55:59.183744 [debug] [ThreadPool]: On list_HEALTHCARE_DB_SILVER: show objects in HEALTHCARE_DB.SILVER
    limit 10000
    

/* {"app": "dbt", "dbt_version": "1.12.3", "profile_name": "healthcare_dbt", "target_name": "dev", "connection_name": "list_HEALTHCARE_DB_SILVER"} */;
[0m04:55:59.187690 [debug] [ThreadPool]: Opening a new connection, currently in state init
[0m04:55:59.366712 [debug] [ThreadPool]: SQL status: SUCCESS 5 in 0.181 seconds
[0m04:55:59.375644 [debug] [ThreadPool]: Using snowflake connection "list_HEALTHCARE_DB_GOLD"
[0m04:55:59.380841 [debug] [ThreadPool]: On list_HEALTHCARE_DB_GOLD: show user functions in HEALTHCARE_DB.GOLD
/* {"app": "dbt", "dbt_version": "1.12.3", "profile_name": "healthcare_dbt", "target_name": "dev", "connection_name": "list_HEALTHCARE_DB_GOLD"} */
[0m04:55:59.624914 [debug] [ThreadPool]: SQL status: SUCCESS 0 in 0.242 seconds
[0m04:56:01.501620 [debug] [ThreadPool]: SQL status: SUCCESS 1 in 2.314 seconds
[0m04:56:01.506332 [debug] [ThreadPool]: Using snowflake connection "list_HEALTHCARE_DB_SILVER"
[0m04:56:01.508286 [debug] [ThreadPool]: On list_HEALTHCARE_DB_SILVER: show user functions in HEALTHCARE_DB.SILVER
/* {"app": "dbt", "dbt_version": "1.12.3", "profile_name": "healthcare_dbt", "target_name": "dev", "connection_name": "list_HEALTHCARE_DB_SILVER"} */
[0m04:56:01.723470 [debug] [ThreadPool]: SQL status: SUCCESS 0 in 0.213 seconds
[0m04:56:01.731147 [debug] [MainThread]: Sending event: {'category': 'dbt', 'action': 'runnable_timing', 'label': '2f069762-a656-4d06-ba0d-fb68ef24ee47', 'context': [<snowplow_tracker.self_describing_json.SelfDescribingJson object at 0x7f8b99072b40>]}
[0m04:56:01.752367 [debug] [Thread-2 (]: Began running node model.healthcare_dbt.stg_healthcare
[0m04:56:01.756755 [info ] [Thread-2 (]: 1 of 1 START sql table model SILVER.stg_healthcare ............................. [RUN]
[0m04:56:01.760818 [debug] [Thread-2 (]: Re-using an available connection from the pool (formerly list_HEALTHCARE_DB_SILVER, now model.healthcare_dbt.stg_healthcare)
[0m04:56:01.764731 [debug] [Thread-2 (]: Began compiling node model.healthcare_dbt.stg_healthcare
[0m04:56:01.786553 [debug] [Thread-2 (]: Writing injected SQL for node "model.healthcare_dbt.stg_healthcare"
[0m04:56:01.816480 [debug] [Thread-2 (]: Began executing node model.healthcare_dbt.stg_healthcare
[0m04:56:01.891060 [debug] [Thread-2 (]: Writing runtime sql for node "model.healthcare_dbt.stg_healthcare"
[0m04:56:01.916818 [debug] [Thread-2 (]: Using snowflake connection "model.healthcare_dbt.stg_healthcare"
[0m04:56:01.920069 [debug] [Thread-2 (]: On model.healthcare_dbt.stg_healthcare: create or replace transient table HEALTHCARE_DB.SILVER.stg_healthcare
    
    
    
    
    

    as (WITH source AS (
    SELECT * FROM HEALTHCARE_DB.BRONZE.RAW_DATA
),

cleaned AS (
    SELECT
        -- IDs
        CAST(patient_id AS INT)                        AS patient_id,

        -- Dates
        CAST(visit_date AS DATE)                       AS visit_date,
        YEAR(CAST(visit_date AS DATE))                 AS visit_year,
        MONTH(CAST(visit_date AS DATE))                AS visit_month,
        MONTHNAME(CAST(visit_date AS DATE))            AS visit_month_name,
        QUARTER(CAST(visit_date AS DATE))              AS visit_quarter,
        DAYNAME(CAST(visit_date AS DATE))              AS visit_day_name,

        -- Clean text columns
        UPPER(TRIM(age_group))                         AS age_group,
        CASE
            WHEN UPPER(TRIM(gender)) NOT IN ('MALE','FEMALE')
            THEN 'UNKNOWN'
            ELSE UPPER(TRIM(gender))
        END                                            AS gender,
        UPPER(TRIM(region))                            AS region,
        UPPER(TRIM(department))                        AS department,
        UPPER(TRIM(treatment_type))                    AS treatment_type,
        UPPER(TRIM(visit_type))                        AS visit_type,

        -- Numeric columns
        ROUND(COALESCE(
            TRY_CAST(length_of_stay_days AS FLOAT), 0), 2)
                                                       AS length_of_stay_days,
        ROUND(COALESCE(
            TRY_CAST(treatment_cost AS FLOAT),
            AVG(TRY_CAST(treatment_cost AS FLOAT))
                OVER()), 2)                            AS treatment_cost,
        ROUND(COALESCE(
            TRY_CAST(recovery_score AS FLOAT),
            MEDIAN(TRY_CAST(recovery_score AS FLOAT))
                OVER()), 2)                            AS recovery_score,
        ROUND(COALESCE(
            TRY_CAST(readmission_risk AS FLOAT), 0), 2)
                                                       AS readmission_risk,

        -- Derived columns
        CASE
            WHEN TRY_CAST(readmission_risk AS FLOAT) > 0.3
            THEN 'HIGH'
            ELSE 'LOW'
        END                                            AS risk_category,

        CASE
            WHEN TRY_CAST(treatment_cost AS FLOAT) < 20000  THEN 'LOW'
            WHEN TRY_CAST(treatment_cost AS FLOAT) < 50000  THEN 'MEDIUM'
            WHEN TRY_CAST(treatment_cost AS FLOAT) < 100000 THEN 'HIGH'
            ELSE 'VERY HIGH'
        END                                            AS cost_bucket

    FROM source
    WHERE patient_id IS NOT NULL
)

SELECT * FROM cleaned
    )

/* {"app": "dbt", "dbt_version": "1.12.3", "profile_name": "healthcare_dbt", "target_name": "dev", "node_id": "model.healthcare_dbt.stg_healthcare"} */;
[0m04:56:04.377574 [debug] [Thread-2 (]: SQL status: SUCCESS 100 in 2.454 seconds
[0m04:56:04.451168 [debug] [Thread-2 (]: Sending event: {'category': 'dbt', 'action': 'run_model', 'label': '2f069762-a656-4d06-ba0d-fb68ef24ee47', 'context': [<snowplow_tracker.self_describing_json.SelfDescribingJson object at 0x7f8b9ede8d40>]}
[0m04:56:04.453572 [info ] [Thread-2 (]: 1 of 1 OK created sql table model SILVER.stg_healthcare ........................ [[32mSUCCESS 100[0m in 2.67s]
[0m04:56:04.456675 [debug] [Thread-2 (]: Finished running node model.healthcare_dbt.stg_healthcare
[0m04:56:04.461667 [debug] [MainThread]: Connection 'master' was properly closed.
[0m04:56:04.463792 [debug] [MainThread]: Connection 'list_HEALTHCARE_DB_GOLD' was left open.
[0m04:56:04.465920 [debug] [MainThread]: On list_HEALTHCARE_DB_GOLD: Close
[0m04:56:04.731945 [debug] [MainThread]: Connection 'model.healthcare_dbt.stg_healthcare' was left open.
[0m04:56:04.735396 [debug] [MainThread]: On model.healthcare_dbt.stg_healthcare: Close
[0m04:56:05.071524 [info ] [MainThread]: 
[0m04:56:05.074221 [info ] [MainThread]: Finished running 1 table model in 0 hours 0 minutes and 9.97 seconds (9.97s).
[0m04:56:05.078956 [debug] [MainThread]: Command end result
[0m04:56:05.190500 [debug] [MainThread]: Wrote artifact WritableManifest to /mnt/d/DE Matrials/Projects/DE Projects/FirstProject_DBT_AIRFLOW_SNOWFLAKE_FIVETRAN/healthcare_dbt/target/manifest.json
[0m04:56:05.211175 [debug] [MainThread]: Wrote artifact SemanticManifest to /mnt/d/DE Matrials/Projects/DE Projects/FirstProject_DBT_AIRFLOW_SNOWFLAKE_FIVETRAN/healthcare_dbt/target/semantic_manifest.json
[0m04:56:05.229996 [debug] [MainThread]: Wrote artifact OsiDocument to /mnt/d/DE Matrials/Projects/DE Projects/FirstProject_DBT_AIRFLOW_SNOWFLAKE_FIVETRAN/healthcare_dbt/target/osi_document.json
[0m04:56:05.249059 [debug] [MainThread]: Wrote artifact RunExecutionResult to /mnt/d/DE Matrials/Projects/DE Projects/FirstProject_DBT_AIRFLOW_SNOWFLAKE_FIVETRAN/healthcare_dbt/target/run_results.json
[0m04:56:05.250419 [info ] [MainThread]: 
[0m04:56:05.251956 [info ] [MainThread]: [32mCompleted successfully[0m
[0m04:56:05.253874 [info ] [MainThread]: 
[0m04:56:05.256159 [info ] [MainThread]: Done. PASS=1 WARN=0 ERROR=0 SKIP=0 NO-OP=0 REUSED=0 TOTAL=1
[0m04:56:05.265360 [debug] [MainThread]: Resource report: {"command_name": "run", "command_success": true, "command_wall_clock_time": 64.7132, "process_in_blocks": "62880", "process_kernel_time": 5.711796, "process_mem_max_rss": "172276", "process_out_blocks": "24", "process_user_time": 9.533211}
[0m04:56:05.267684 [debug] [MainThread]: Command `dbt run` succeeded at 04:56:05.267540 after 64.72 seconds
[0m04:56:05.269440 [debug] [MainThread]: Sending event: {'category': 'dbt', 'action': 'invocation', 'label': 'end', 'context': [<snowplow_tracker.self_describing_json.SelfDescribingJson object at 0x7f8b9db6fa40>, <snowplow_tracker.self_describing_json.SelfDescribingJson object at 0x7f8b9dbb0950>, <snowplow_tracker.self_describing_json.SelfDescribingJson object at 0x7f8b9adc0680>]}
[0m04:56:05.271129 [debug] [MainThread]: Flushing usage events
[0m04:56:07.975396 [debug] [MainThread]: An error was encountered while trying to flush usage events
[0m05:03:22.704294 [debug] [MainThread]: Sending event: {'category': 'dbt', 'action': 'invocation', 'label': 'start', 'context': [<snowplow_tracker.self_describing_json.SelfDescribingJson object at 0x7f21b69a18e0>, <snowplow_tracker.self_describing_json.SelfDescribingJson object at 0x7f21b7ca6690>, <snowplow_tracker.self_describing_json.SelfDescribingJson object at 0x7f21b6976360>]}


============================== 05:03:22.728519 | 149ad025-a343-4f04-9d12-dfda1c4642bd ==============================
[0m05:03:22.728519 [info ] [MainThread]: Running with dbt=1.12.3
[0m05:03:22.731184 [debug] [MainThread]: running dbt with arguments {'invocation_command': 'dbt run --select gold --profiles-dir /home/sugapriya/.dbt', 'target_path': 'None', 'partial_parse': 'True', 'cache_selected_only': 'False', 'warn_error_options': 'WarnErrorOptionsV2(error=[], warn=[], silence=[])', 'printer_width': '80', 'log_path': '/mnt/d/DE Matrials/Projects/DE Projects/FirstProject_DBT_AIRFLOW_SNOWFLAKE_FIVETRAN/healthcare_dbt/logs', 'write_json': 'True', 'use_colors': 'True', 'fail_fast': 'False', 'no_print': 'None', 'profiles_dir': '/home/sugapriya/.dbt', 'version_check': 'True', 'log_format': 'default', 'quiet': 'False', 'hints_enabled': 'True', 'maximum_seed_size_mib': '1', 'send_anonymous_usage_stats': 'True', 'indirect_selection': 'eager', 'log_cache_events': 'False', 'introspect': 'True', 'empty': 'False', 'use_experimental_parser': 'False', 'debug': 'False', 'warn_error': 'None', 'static_parser': 'True'}
[0m05:03:34.255981 [debug] [MainThread]: Snowflake adapter: Setting snowflake.connector to ERROR (file logging only)
[0m05:03:34.258117 [debug] [MainThread]: Snowflake adapter: Setting botocore to ERROR (file logging only)
[0m05:03:34.260227 [debug] [MainThread]: Snowflake adapter: Setting boto3 to ERROR (file logging only)
[0m05:03:41.987980 [debug] [MainThread]: Sending event: {'category': 'dbt', 'action': 'project_id', 'label': '149ad025-a343-4f04-9d12-dfda1c4642bd', 'context': [<snowplow_tracker.self_describing_json.SelfDescribingJson object at 0x7f21b41a43e0>]}
[0m05:03:42.062787 [debug] [MainThread]: Sending event: {'category': 'dbt', 'action': 'adapter_info', 'label': '149ad025-a343-4f04-9d12-dfda1c4642bd', 'context': [<snowplow_tracker.self_describing_json.SelfDescribingJson object at 0x7f21b45965a0>]}
[0m05:03:42.083479 [info ] [MainThread]: Registered adapter: snowflake=1.12.0
[0m05:04:05.883121 [debug] [MainThread]: checksum: cd11ddf55c3f57c7cf223dea061db390e40f8619709a911fb3f7b2e110e1d310, vars: {}, profile: healthcare_dbt, target: dev, version: 1.12.3
[0m05:04:09.956350 [debug] [MainThread]: Partial parsing enabled: 0 files deleted, 0 files added, 0 files changed.
[0m05:04:09.957782 [debug] [MainThread]: Nothing changed, skipping partial parsing.
[0m05:04:09.958813 [debug] [MainThread]: Partial parsing enabled, no changes found, skipping parsing
[0m05:04:09.969317 [debug] [MainThread]: Sending event: {'category': 'dbt', 'action': 'load_project', 'label': '149ad025-a343-4f04-9d12-dfda1c4642bd', 'context': [<snowplow_tracker.self_describing_json.SelfDescribingJson object at 0x7f21b3bdc440>]}
[0m05:04:10.152054 [debug] [MainThread]: Wrote artifact WritableManifest to /mnt/d/DE Matrials/Projects/DE Projects/FirstProject_DBT_AIRFLOW_SNOWFLAKE_FIVETRAN/healthcare_dbt/target/manifest.json
[0m05:04:10.170259 [debug] [MainThread]: Wrote artifact SemanticManifest to /mnt/d/DE Matrials/Projects/DE Projects/FirstProject_DBT_AIRFLOW_SNOWFLAKE_FIVETRAN/healthcare_dbt/target/semantic_manifest.json
[0m05:04:10.837517 [debug] [MainThread]: Wrote artifact OsiDocument to /mnt/d/DE Matrials/Projects/DE Projects/FirstProject_DBT_AIRFLOW_SNOWFLAKE_FIVETRAN/healthcare_dbt/target/osi_document.json
[0m05:04:10.983757 [debug] [MainThread]: Sending event: {'category': 'dbt', 'action': 'resource_counts', 'label': '149ad025-a343-4f04-9d12-dfda1c4642bd', 'context': [<snowplow_tracker.self_describing_json.SelfDescribingJson object at 0x7f21b27cf1d0>]}
[0m05:04:10.985134 [info ] [MainThread]: Found 6 models, 1 source, 546 macros
[0m05:04:10.986637 [debug] [MainThread]: Sending event: {'category': 'dbt', 'action': 'runnable_timing', 'label': '149ad025-a343-4f04-9d12-dfda1c4642bd', 'context': [<snowplow_tracker.self_describing_json.SelfDescribingJson object at 0x7f21b25aa900>]}
[0m05:04:10.990111 [info ] [MainThread]: 
[0m05:04:10.992204 [info ] [MainThread]: Concurrency: 2 threads (target='dev')
[0m05:04:10.994007 [info ] [MainThread]: 
[0m05:04:10.996367 [debug] [MainThread]: Acquiring new snowflake connection 'master'
[0m05:04:11.003834 [debug] [ThreadPool]: Acquiring new snowflake connection 'list_HEALTHCARE_DB'
[0m05:04:11.039917 [debug] [ThreadPool]: Using snowflake connection "list_HEALTHCARE_DB"
[0m05:04:11.042080 [debug] [ThreadPool]: On list_HEALTHCARE_DB: show terse schemas in database HEALTHCARE_DB
    limit 10000
/* {"app": "dbt", "dbt_version": "1.12.3", "profile_name": "healthcare_dbt", "target_name": "dev", "connection_name": "list_HEALTHCARE_DB"} */
[0m05:04:11.043677 [debug] [ThreadPool]: Opening a new connection, currently in state init
[0m05:04:14.661842 [debug] [ThreadPool]: SQL status: SUCCESS 4 in 3.618 seconds
[0m05:04:14.668065 [debug] [ThreadPool]: Re-using an available connection from the pool (formerly list_HEALTHCARE_DB, now list_HEALTHCARE_DB_GOLD)
[0m05:04:14.671364 [debug] [ThreadPool]: Acquiring new snowflake connection 'list_HEALTHCARE_DB_SILVER'
[0m05:04:14.685760 [debug] [ThreadPool]: Using snowflake connection "list_HEALTHCARE_DB_GOLD"
[0m05:04:14.689170 [debug] [ThreadPool]: Using snowflake connection "list_HEALTHCARE_DB_SILVER"
[0m05:04:14.691521 [debug] [ThreadPool]: On list_HEALTHCARE_DB_GOLD: show objects in HEALTHCARE_DB.GOLD
    limit 10000
    

/* {"app": "dbt", "dbt_version": "1.12.3", "profile_name": "healthcare_dbt", "target_name": "dev", "connection_name": "list_HEALTHCARE_DB_GOLD"} */;
[0m05:04:14.693698 [debug] [ThreadPool]: On list_HEALTHCARE_DB_SILVER: show objects in HEALTHCARE_DB.SILVER
    limit 10000
    

/* {"app": "dbt", "dbt_version": "1.12.3", "profile_name": "healthcare_dbt", "target_name": "dev", "connection_name": "list_HEALTHCARE_DB_SILVER"} */;
[0m05:04:14.698529 [debug] [ThreadPool]: Opening a new connection, currently in state init
[0m05:04:14.926100 [debug] [ThreadPool]: SQL status: SUCCESS 5 in 0.230 seconds
[0m05:04:14.933998 [debug] [ThreadPool]: Using snowflake connection "list_HEALTHCARE_DB_GOLD"
[0m05:04:14.936031 [debug] [ThreadPool]: On list_HEALTHCARE_DB_GOLD: show user functions in HEALTHCARE_DB.GOLD
/* {"app": "dbt", "dbt_version": "1.12.3", "profile_name": "healthcare_dbt", "target_name": "dev", "connection_name": "list_HEALTHCARE_DB_GOLD"} */
[0m05:04:15.205820 [debug] [ThreadPool]: SQL status: SUCCESS 0 in 0.268 seconds
[0m05:04:16.891244 [debug] [ThreadPool]: SQL status: SUCCESS 1 in 2.193 seconds
[0m05:04:16.898091 [debug] [ThreadPool]: Using snowflake connection "list_HEALTHCARE_DB_SILVER"
[0m05:04:16.900502 [debug] [ThreadPool]: On list_HEALTHCARE_DB_SILVER: show user functions in HEALTHCARE_DB.SILVER
/* {"app": "dbt", "dbt_version": "1.12.3", "profile_name": "healthcare_dbt", "target_name": "dev", "connection_name": "list_HEALTHCARE_DB_SILVER"} */
[0m05:04:17.070179 [debug] [ThreadPool]: SQL status: SUCCESS 0 in 0.167 seconds
[0m05:04:17.077320 [debug] [MainThread]: Sending event: {'category': 'dbt', 'action': 'runnable_timing', 'label': '149ad025-a343-4f04-9d12-dfda1c4642bd', 'context': [<snowplow_tracker.self_describing_json.SelfDescribingJson object at 0x7f21b3b391f0>]}
[0m05:04:17.092790 [debug] [Thread-2 (]: Began running node model.healthcare_dbt.dim_date
[0m05:04:17.094097 [debug] [Thread-3 (]: Began running node model.healthcare_dbt.dim_department
[0m05:04:17.096496 [info ] [Thread-2 (]: 1 of 5 START sql table model GOLD.dim_date ..................................... [RUN]
[0m05:04:17.099517 [info ] [Thread-3 (]: 2 of 5 START sql table model GOLD.dim_department ............................... [RUN]
[0m05:04:17.103276 [debug] [Thread-2 (]: Re-using an available connection from the pool (formerly list_HEALTHCARE_DB_SILVER, now model.healthcare_dbt.dim_date)
[0m05:04:17.105582 [debug] [Thread-3 (]: Re-using an available connection from the pool (formerly list_HEALTHCARE_DB_GOLD, now model.healthcare_dbt.dim_department)
[0m05:04:17.108588 [debug] [Thread-2 (]: Began compiling node model.healthcare_dbt.dim_date
[0m05:04:17.111719 [debug] [Thread-3 (]: Began compiling node model.healthcare_dbt.dim_department
[0m05:04:17.125233 [debug] [Thread-2 (]: Writing injected SQL for node "model.healthcare_dbt.dim_date"
[0m05:04:17.128685 [debug] [Thread-3 (]: Writing injected SQL for node "model.healthcare_dbt.dim_department"
[0m05:04:17.146397 [debug] [Thread-3 (]: Began executing node model.healthcare_dbt.dim_department
[0m05:04:17.148022 [debug] [Thread-2 (]: Began executing node model.healthcare_dbt.dim_date
[0m05:04:17.235554 [debug] [Thread-2 (]: Writing runtime sql for node "model.healthcare_dbt.dim_date"
[0m05:04:17.238722 [debug] [Thread-3 (]: Writing runtime sql for node "model.healthcare_dbt.dim_department"
[0m05:04:17.253076 [debug] [Thread-2 (]: Using snowflake connection "model.healthcare_dbt.dim_date"
[0m05:04:17.255071 [debug] [Thread-2 (]: On model.healthcare_dbt.dim_date: create or replace transient table HEALTHCARE_DB.GOLD.dim_date
    
    
    
    
    

    as (WITH source AS (
    SELECT * FROM HEALTHCARE_DB.SILVER.stg_healthcare
),

dim_date AS (
    SELECT DISTINCT
        visit_date                AS full_date,
        visit_year                AS year,
        visit_month               AS month_number,
        visit_month_name          AS month_name,
        visit_quarter             AS quarter,
        visit_day_name            AS day_of_week
    FROM source
)

SELECT * FROM dim_date
    )

/* {"app": "dbt", "dbt_version": "1.12.3", "profile_name": "healthcare_dbt", "target_name": "dev", "node_id": "model.healthcare_dbt.dim_date"} */;
[0m05:04:17.258214 [debug] [Thread-3 (]: Using snowflake connection "model.healthcare_dbt.dim_department"
[0m05:04:17.261727 [debug] [Thread-3 (]: On model.healthcare_dbt.dim_department: create or replace transient table HEALTHCARE_DB.GOLD.dim_department
    
    
    
    
    

    as (WITH source AS (
    SELECT * FROM HEALTHCARE_DB.SILVER.stg_healthcare
),

dim_department AS (
    SELECT DISTINCT
        department                AS department_name,
        region
    FROM source
)

SELECT * FROM dim_department
    )

/* {"app": "dbt", "dbt_version": "1.12.3", "profile_name": "healthcare_dbt", "target_name": "dev", "node_id": "model.healthcare_dbt.dim_department"} */;
[0m05:04:18.403852 [debug] [Thread-2 (]: SQL status: SUCCESS 86 in 1.145 seconds
[0m05:04:18.407475 [debug] [Thread-3 (]: SQL status: SUCCESS 20 in 1.143 seconds
[0m05:04:18.489806 [debug] [Thread-3 (]: Sending event: {'category': 'dbt', 'action': 'run_model', 'label': '149ad025-a343-4f04-9d12-dfda1c4642bd', 'context': [<snowplow_tracker.self_describing_json.SelfDescribingJson object at 0x7f21b53e2270>]}
[0m05:04:18.490679 [debug] [Thread-2 (]: Sending event: {'category': 'dbt', 'action': 'run_model', 'label': '149ad025-a343-4f04-9d12-dfda1c4642bd', 'context': [<snowplow_tracker.self_describing_json.SelfDescribingJson object at 0x7f21b23b7860>]}
[0m05:04:18.492697 [info ] [Thread-3 (]: 2 of 5 OK created sql table model GOLD.dim_department .......................... [[32mSUCCESS 20[0m in 1.37s]
[0m05:04:18.496171 [info ] [Thread-2 (]: 1 of 5 OK created sql table model GOLD.dim_date ................................ [[32mSUCCESS 86[0m in 1.37s]
[0m05:04:18.499609 [debug] [Thread-3 (]: Finished running node model.healthcare_dbt.dim_department
[0m05:04:18.503108 [debug] [Thread-2 (]: Finished running node model.healthcare_dbt.dim_date
[0m05:04:18.505924 [debug] [Thread-3 (]: Began running node model.healthcare_dbt.dim_patient
[0m05:04:18.508321 [debug] [Thread-2 (]: Began running node model.healthcare_dbt.dim_treatment
[0m05:04:18.511258 [info ] [Thread-3 (]: 3 of 5 START sql table model GOLD.dim_patient .................................. [RUN]
[0m05:04:18.515263 [info ] [Thread-2 (]: 4 of 5 START sql table model GOLD.dim_treatment ................................ [RUN]
[0m05:04:18.517865 [debug] [Thread-3 (]: Re-using an available connection from the pool (formerly model.healthcare_dbt.dim_department, now model.healthcare_dbt.dim_patient)
[0m05:04:18.520917 [debug] [Thread-2 (]: Re-using an available connection from the pool (formerly model.healthcare_dbt.dim_date, now model.healthcare_dbt.dim_treatment)
[0m05:04:18.523555 [debug] [Thread-3 (]: Began compiling node model.healthcare_dbt.dim_patient
[0m05:04:18.526604 [debug] [Thread-2 (]: Began compiling node model.healthcare_dbt.dim_treatment
[0m05:04:18.535514 [debug] [Thread-3 (]: Writing injected SQL for node "model.healthcare_dbt.dim_patient"
[0m05:04:18.540355 [debug] [Thread-2 (]: Writing injected SQL for node "model.healthcare_dbt.dim_treatment"
[0m05:04:18.560304 [debug] [Thread-3 (]: Began executing node model.healthcare_dbt.dim_patient
[0m05:04:18.562408 [debug] [Thread-2 (]: Began executing node model.healthcare_dbt.dim_treatment
[0m05:04:18.566662 [debug] [Thread-3 (]: Writing runtime sql for node "model.healthcare_dbt.dim_patient"
[0m05:04:18.571034 [debug] [Thread-2 (]: Writing runtime sql for node "model.healthcare_dbt.dim_treatment"
[0m05:04:18.592918 [debug] [Thread-3 (]: Using snowflake connection "model.healthcare_dbt.dim_patient"
[0m05:04:18.594728 [debug] [Thread-2 (]: Using snowflake connection "model.healthcare_dbt.dim_treatment"
[0m05:04:18.596815 [debug] [Thread-3 (]: On model.healthcare_dbt.dim_patient: create or replace transient table HEALTHCARE_DB.GOLD.dim_patient
    
    
    
    
    

    as (WITH source AS (
    SELECT * FROM HEALTHCARE_DB.SILVER.stg_healthcare
),

dim_patient AS (
    SELECT DISTINCT
        patient_id,
        age_group,
        gender,
        region,
        risk_category
    FROM source
)

SELECT * FROM dim_patient
    )

/* {"app": "dbt", "dbt_version": "1.12.3", "profile_name": "healthcare_dbt", "target_name": "dev", "node_id": "model.healthcare_dbt.dim_patient"} */;
[0m05:04:18.599730 [debug] [Thread-2 (]: On model.healthcare_dbt.dim_treatment: create or replace transient table HEALTHCARE_DB.GOLD.dim_treatment
    
    
    
    
    

    as (WITH source AS (
    SELECT * FROM HEALTHCARE_DB.SILVER.stg_healthcare
),

dim_treatment AS (
    SELECT DISTINCT
        treatment_type,
        visit_type
    FROM source
)

SELECT * FROM dim_treatment
    )

/* {"app": "dbt", "dbt_version": "1.12.3", "profile_name": "healthcare_dbt", "target_name": "dev", "node_id": "model.healthcare_dbt.dim_treatment"} */;
[0m05:04:19.345533 [debug] [Thread-3 (]: SQL status: SUCCESS 100 in 0.743 seconds
[0m05:04:19.348032 [debug] [Thread-2 (]: SQL status: SUCCESS 20 in 0.743 seconds
[0m05:04:19.356727 [debug] [Thread-3 (]: Sending event: {'category': 'dbt', 'action': 'run_model', 'label': '149ad025-a343-4f04-9d12-dfda1c4642bd', 'context': [<snowplow_tracker.self_describing_json.SelfDescribingJson object at 0x7f21b23da7b0>]}
[0m05:04:19.366632 [debug] [Thread-2 (]: Sending event: {'category': 'dbt', 'action': 'run_model', 'label': '149ad025-a343-4f04-9d12-dfda1c4642bd', 'context': [<snowplow_tracker.self_describing_json.SelfDescribingJson object at 0x7f21b23d8e60>]}
[0m05:04:19.368949 [info ] [Thread-3 (]: 3 of 5 OK created sql table model GOLD.dim_patient ............................. [[32mSUCCESS 100[0m in 0.84s]
[0m05:04:19.372959 [info ] [Thread-2 (]: 4 of 5 OK created sql table model GOLD.dim_treatment ........................... [[32mSUCCESS 20[0m in 0.85s]
[0m05:04:19.376426 [debug] [Thread-3 (]: Finished running node model.healthcare_dbt.dim_patient
[0m05:04:19.379629 [debug] [Thread-2 (]: Finished running node model.healthcare_dbt.dim_treatment
[0m05:04:19.384807 [debug] [Thread-3 (]: Began running node model.healthcare_dbt.fact_visits
[0m05:04:19.387107 [info ] [Thread-3 (]: 5 of 5 START sql table model GOLD.fact_visits .................................. [RUN]
[0m05:04:19.390000 [debug] [Thread-3 (]: Re-using an available connection from the pool (formerly model.healthcare_dbt.dim_patient, now model.healthcare_dbt.fact_visits)
[0m05:04:19.392564 [debug] [Thread-3 (]: Began compiling node model.healthcare_dbt.fact_visits
[0m05:04:19.398726 [debug] [Thread-3 (]: Writing injected SQL for node "model.healthcare_dbt.fact_visits"
[0m05:04:19.420153 [debug] [Thread-3 (]: Began executing node model.healthcare_dbt.fact_visits
[0m05:04:19.425128 [debug] [Thread-3 (]: Writing runtime sql for node "model.healthcare_dbt.fact_visits"
[0m05:04:19.444879 [debug] [Thread-3 (]: Using snowflake connection "model.healthcare_dbt.fact_visits"
[0m05:04:19.446828 [debug] [Thread-3 (]: On model.healthcare_dbt.fact_visits: create or replace transient table HEALTHCARE_DB.GOLD.fact_visits
    
    
    
    
    

    as (WITH source AS (
    SELECT * FROM HEALTHCARE_DB.SILVER.stg_healthcare
),

fact_visits AS (
    SELECT
        -- Keys
        s.patient_id,
        s.visit_date              AS visit_date,

        -- Foreign key references
        p.patient_id              AS patient_fk,
        d.full_date               AS date_fk,
        dp.department_name        AS department_fk,
        t.treatment_type          AS treatment_fk,

        -- Measures
        s.visit_type,
        s.length_of_stay_days,
        s.treatment_cost,
        s.recovery_score,
        s.readmission_risk,
        s.risk_category,
        s.cost_bucket

    FROM source s
    LEFT JOIN HEALTHCARE_DB.GOLD.dim_patient    p  ON s.patient_id    = p.patient_id
    LEFT JOIN HEALTHCARE_DB.GOLD.dim_date       d  ON s.visit_date    = d.full_date
    LEFT JOIN HEALTHCARE_DB.GOLD.dim_department dp ON s.department    = dp.department_name
    LEFT JOIN HEALTHCARE_DB.GOLD.dim_treatment  t  ON s.treatment_type = t.treatment_type
)

SELECT * FROM fact_visits
    )

/* {"app": "dbt", "dbt_version": "1.12.3", "profile_name": "healthcare_dbt", "target_name": "dev", "node_id": "model.healthcare_dbt.fact_visits"} */;
[0m05:04:20.222589 [debug] [Thread-3 (]: SQL status: SUCCESS 1600 in 0.774 seconds
[0m05:04:20.228388 [debug] [Thread-3 (]: Sending event: {'category': 'dbt', 'action': 'run_model', 'label': '149ad025-a343-4f04-9d12-dfda1c4642bd', 'context': [<snowplow_tracker.self_describing_json.SelfDescribingJson object at 0x7f21b226e5a0>]}
[0m05:04:20.231302 [info ] [Thread-3 (]: 5 of 5 OK created sql table model GOLD.fact_visits ............................. [[32mSUCCESS 1600[0m in 0.84s]
[0m05:04:20.234196 [debug] [Thread-3 (]: Finished running node model.healthcare_dbt.fact_visits
[0m05:04:20.240889 [debug] [MainThread]: Connection 'master' was properly closed.
[0m05:04:20.243595 [debug] [MainThread]: Connection 'model.healthcare_dbt.fact_visits' was left open.
[0m05:04:20.246529 [debug] [MainThread]: On model.healthcare_dbt.fact_visits: Close
[0m05:04:20.703910 [debug] [MainThread]: Connection 'model.healthcare_dbt.dim_treatment' was left open.
[0m05:04:20.705584 [debug] [MainThread]: On model.healthcare_dbt.dim_treatment: Close
[0m05:04:21.081123 [info ] [MainThread]: 
[0m05:04:21.084629 [info ] [MainThread]: Finished running 5 table models in 0 hours 0 minutes and 10.08 seconds (10.08s).
[0m05:04:21.092519 [debug] [MainThread]: Command end result
[0m05:04:21.183262 [debug] [MainThread]: Wrote artifact WritableManifest to /mnt/d/DE Matrials/Projects/DE Projects/FirstProject_DBT_AIRFLOW_SNOWFLAKE_FIVETRAN/healthcare_dbt/target/manifest.json
[0m05:04:21.208424 [debug] [MainThread]: Wrote artifact SemanticManifest to /mnt/d/DE Matrials/Projects/DE Projects/FirstProject_DBT_AIRFLOW_SNOWFLAKE_FIVETRAN/healthcare_dbt/target/semantic_manifest.json
[0m05:04:21.236655 [debug] [MainThread]: Wrote artifact OsiDocument to /mnt/d/DE Matrials/Projects/DE Projects/FirstProject_DBT_AIRFLOW_SNOWFLAKE_FIVETRAN/healthcare_dbt/target/osi_document.json
[0m05:04:21.271001 [debug] [MainThread]: Wrote artifact RunExecutionResult to /mnt/d/DE Matrials/Projects/DE Projects/FirstProject_DBT_AIRFLOW_SNOWFLAKE_FIVETRAN/healthcare_dbt/target/run_results.json
[0m05:04:21.273493 [info ] [MainThread]: 
[0m05:04:21.275920 [info ] [MainThread]: [32mCompleted successfully[0m
[0m05:04:21.279198 [info ] [MainThread]: 
[0m05:04:21.282202 [info ] [MainThread]: Done. PASS=5 WARN=0 ERROR=0 SKIP=0 NO-OP=0 REUSED=0 TOTAL=5
[0m05:04:21.292932 [debug] [MainThread]: Resource report: {"command_name": "run", "command_success": true, "command_wall_clock_time": 52.84461, "process_in_blocks": "61424", "process_kernel_time": 4.692997, "process_mem_max_rss": "167496", "process_out_blocks": "24", "process_user_time": 5.818162}
[0m05:04:21.295879 [debug] [MainThread]: Command `dbt run` succeeded at 05:04:21.295628 after 52.85 seconds
[0m05:04:21.298330 [debug] [MainThread]: Sending event: {'category': 'dbt', 'action': 'invocation', 'label': 'end', 'context': [<snowplow_tracker.self_describing_json.SelfDescribingJson object at 0x7f21b55a3ef0>, <snowplow_tracker.self_describing_json.SelfDescribingJson object at 0x7f21b25f5d60>, <snowplow_tracker.self_describing_json.SelfDescribingJson object at 0x7f21ba017500>]}
[0m05:04:21.301195 [debug] [MainThread]: Flushing usage events
[0m05:04:23.374610 [debug] [MainThread]: An error was encountered while trying to flush usage events
[0m05:05:02.491627 [debug] [MainThread]: Sending event: {'category': 'dbt', 'action': 'invocation', 'label': 'start', 'context': [<snowplow_tracker.self_describing_json.SelfDescribingJson object at 0x7f2a517262a0>, <snowplow_tracker.self_describing_json.SelfDescribingJson object at 0x7f2a52fc7290>, <snowplow_tracker.self_describing_json.SelfDescribingJson object at 0x7f2a5177cbc0>]}


============================== 05:05:02.506691 | dca35d34-700a-40c1-be4f-a77ec10b7a8a ==============================
[0m05:05:02.506691 [info ] [MainThread]: Running with dbt=1.12.3
[0m05:05:02.507931 [debug] [MainThread]: running dbt with arguments {'introspect': 'True', 'debug': 'False', 'fail_fast': 'False', 'quiet': 'False', 'log_cache_events': 'False', 'empty': 'False', 'cache_selected_only': 'False', 'send_anonymous_usage_stats': 'True', 'profiles_dir': '/mnt/d/DE Matrials/Projects/DE Projects/FirstProject_DBT_AIRFLOW_SNOWFLAKE_FIVETRAN/healthcare_dbt', 'invocation_command': 'dbt run --select silver', 'maximum_seed_size_mib': '1', 'use_experimental_parser': 'False', 'write_json': 'True', 'log_format': 'default', 'static_parser': 'True', 'target_path': 'None', 'version_check': 'True', 'warn_error_options': 'WarnErrorOptionsV2(error=[], warn=[], silence=[])', 'no_print': 'None', 'warn_error': 'None', 'hints_enabled': 'True', 'partial_parse': 'True', 'log_path': '/mnt/d/DE Matrials/Projects/DE Projects/FirstProject_DBT_AIRFLOW_SNOWFLAKE_FIVETRAN/healthcare_dbt/logs', 'printer_width': '80', 'use_colors': 'True', 'indirect_selection': 'eager'}
[0m05:05:09.977458 [debug] [MainThread]: Snowflake adapter: Setting snowflake.connector to ERROR (file logging only)
[0m05:05:09.978802 [debug] [MainThread]: Snowflake adapter: Setting botocore to ERROR (file logging only)
[0m05:05:09.979878 [debug] [MainThread]: Snowflake adapter: Setting boto3 to ERROR (file logging only)
[0m05:05:18.524689 [debug] [MainThread]: Sending event: {'category': 'dbt', 'action': 'project_id', 'label': 'dca35d34-700a-40c1-be4f-a77ec10b7a8a', 'context': [<snowplow_tracker.self_describing_json.SelfDescribingJson object at 0x7f2a4e80f1a0>]}
[0m05:05:18.597544 [debug] [MainThread]: Sending event: {'category': 'dbt', 'action': 'adapter_info', 'label': 'dca35d34-700a-40c1-be4f-a77ec10b7a8a', 'context': [<snowplow_tracker.self_describing_json.SelfDescribingJson object at 0x7f2a4fecc8c0>]}
[0m05:05:18.621957 [info ] [MainThread]: Registered adapter: snowflake=1.12.0
[0m05:05:34.644077 [debug] [MainThread]: checksum: cd11ddf55c3f57c7cf223dea061db390e40f8619709a911fb3f7b2e110e1d310, vars: {}, profile: healthcare_dbt, target: dev, version: 1.12.3
[0m05:05:37.837108 [debug] [MainThread]: Partial parsing enabled: 0 files deleted, 0 files added, 0 files changed.
[0m05:05:37.838303 [debug] [MainThread]: Nothing changed, skipping partial parsing.
[0m05:05:37.839290 [debug] [MainThread]: Partial parsing enabled, no changes found, skipping parsing
[0m05:05:37.849264 [debug] [MainThread]: Sending event: {'category': 'dbt', 'action': 'load_project', 'label': 'dca35d34-700a-40c1-be4f-a77ec10b7a8a', 'context': [<snowplow_tracker.self_describing_json.SelfDescribingJson object at 0x7f2a4e5da120>]}
[0m05:05:37.991956 [debug] [MainThread]: Wrote artifact WritableManifest to /mnt/d/DE Matrials/Projects/DE Projects/FirstProject_DBT_AIRFLOW_SNOWFLAKE_FIVETRAN/healthcare_dbt/target/manifest.json
[0m05:05:38.003848 [debug] [MainThread]: Wrote artifact SemanticManifest to /mnt/d/DE Matrials/Projects/DE Projects/FirstProject_DBT_AIRFLOW_SNOWFLAKE_FIVETRAN/healthcare_dbt/target/semantic_manifest.json
[0m05:05:38.562003 [debug] [MainThread]: Wrote artifact OsiDocument to /mnt/d/DE Matrials/Projects/DE Projects/FirstProject_DBT_AIRFLOW_SNOWFLAKE_FIVETRAN/healthcare_dbt/target/osi_document.json
[0m05:05:38.718288 [debug] [MainThread]: Sending event: {'category': 'dbt', 'action': 'resource_counts', 'label': 'dca35d34-700a-40c1-be4f-a77ec10b7a8a', 'context': [<snowplow_tracker.self_describing_json.SelfDescribingJson object at 0x7f2a4d2e31a0>]}
[0m05:05:38.720547 [info ] [MainThread]: Found 6 models, 1 source, 546 macros
[0m05:05:38.722546 [debug] [MainThread]: Sending event: {'category': 'dbt', 'action': 'runnable_timing', 'label': 'dca35d34-700a-40c1-be4f-a77ec10b7a8a', 'context': [<snowplow_tracker.self_describing_json.SelfDescribingJson object at 0x7f2a52783020>]}
[0m05:05:38.726339 [info ] [MainThread]: 
[0m05:05:38.728523 [info ] [MainThread]: Concurrency: 2 threads (target='dev')
[0m05:05:38.730840 [info ] [MainThread]: 
[0m05:05:38.732979 [debug] [MainThread]: Acquiring new snowflake connection 'master'
[0m05:05:38.735836 [debug] [ThreadPool]: Acquiring new snowflake connection 'list_HEALTHCARE_DB'
[0m05:05:38.769646 [debug] [ThreadPool]: Using snowflake connection "list_HEALTHCARE_DB"
[0m05:05:38.771396 [debug] [ThreadPool]: On list_HEALTHCARE_DB: show terse schemas in database HEALTHCARE_DB
    limit 10000
/* {"app": "dbt", "dbt_version": "1.12.3", "profile_name": "healthcare_dbt", "target_name": "dev", "connection_name": "list_HEALTHCARE_DB"} */
[0m05:05:38.772712 [debug] [ThreadPool]: Opening a new connection, currently in state init
[0m05:05:41.222898 [debug] [ThreadPool]: SQL status: SUCCESS 4 in 2.450 seconds
[0m05:05:41.230335 [debug] [ThreadPool]: Re-using an available connection from the pool (formerly list_HEALTHCARE_DB, now list_HEALTHCARE_DB_SILVER)
[0m05:05:41.231384 [debug] [ThreadPool]: Acquiring new snowflake connection 'list_HEALTHCARE_DB_GOLD'
[0m05:05:41.243970 [debug] [ThreadPool]: Using snowflake connection "list_HEALTHCARE_DB_SILVER"
[0m05:05:41.246005 [debug] [ThreadPool]: Using snowflake connection "list_HEALTHCARE_DB_GOLD"
[0m05:05:41.247420 [debug] [ThreadPool]: On list_HEALTHCARE_DB_SILVER: show objects in HEALTHCARE_DB.SILVER
    limit 10000
    

/* {"app": "dbt", "dbt_version": "1.12.3", "profile_name": "healthcare_dbt", "target_name": "dev", "connection_name": "list_HEALTHCARE_DB_SILVER"} */;
[0m05:05:41.248601 [debug] [ThreadPool]: On list_HEALTHCARE_DB_GOLD: show objects in HEALTHCARE_DB.GOLD
    limit 10000
    

/* {"app": "dbt", "dbt_version": "1.12.3", "profile_name": "healthcare_dbt", "target_name": "dev", "connection_name": "list_HEALTHCARE_DB_GOLD"} */;
[0m05:05:41.251536 [debug] [ThreadPool]: Opening a new connection, currently in state init
[0m05:05:41.435208 [debug] [ThreadPool]: SQL status: SUCCESS 1 in 0.185 seconds
[0m05:05:41.450350 [debug] [ThreadPool]: Using snowflake connection "list_HEALTHCARE_DB_SILVER"
[0m05:05:41.452736 [debug] [ThreadPool]: On list_HEALTHCARE_DB_SILVER: show user functions in HEALTHCARE_DB.SILVER
/* {"app": "dbt", "dbt_version": "1.12.3", "profile_name": "healthcare_dbt", "target_name": "dev", "connection_name": "list_HEALTHCARE_DB_SILVER"} */
[0m05:05:41.754487 [debug] [ThreadPool]: SQL status: SUCCESS 0 in 0.299 seconds
[0m05:05:42.622465 [debug] [ThreadPool]: SQL status: SUCCESS 5 in 1.371 seconds
[0m05:05:42.630467 [debug] [ThreadPool]: Using snowflake connection "list_HEALTHCARE_DB_GOLD"
[0m05:05:42.633866 [debug] [ThreadPool]: On list_HEALTHCARE_DB_GOLD: show user functions in HEALTHCARE_DB.GOLD
/* {"app": "dbt", "dbt_version": "1.12.3", "profile_name": "healthcare_dbt", "target_name": "dev", "connection_name": "list_HEALTHCARE_DB_GOLD"} */
[0m05:05:42.846677 [debug] [ThreadPool]: SQL status: SUCCESS 0 in 0.209 seconds
[0m05:05:42.857083 [debug] [MainThread]: Sending event: {'category': 'dbt', 'action': 'runnable_timing', 'label': 'dca35d34-700a-40c1-be4f-a77ec10b7a8a', 'context': [<snowplow_tracker.self_describing_json.SelfDescribingJson object at 0x7f2a4d51ab10>]}
[0m05:05:42.871500 [debug] [Thread-2 (]: Began running node model.healthcare_dbt.stg_healthcare
[0m05:05:42.875525 [info ] [Thread-2 (]: 1 of 1 START sql table model SILVER.stg_healthcare ............................. [RUN]
[0m05:05:42.878782 [debug] [Thread-2 (]: Re-using an available connection from the pool (formerly list_HEALTHCARE_DB_GOLD, now model.healthcare_dbt.stg_healthcare)
[0m05:05:42.880942 [debug] [Thread-2 (]: Began compiling node model.healthcare_dbt.stg_healthcare
[0m05:05:42.893123 [debug] [Thread-2 (]: Writing injected SQL for node "model.healthcare_dbt.stg_healthcare"
[0m05:05:42.906340 [debug] [Thread-2 (]: Began executing node model.healthcare_dbt.stg_healthcare
[0m05:05:42.947690 [debug] [Thread-2 (]: Writing runtime sql for node "model.healthcare_dbt.stg_healthcare"
[0m05:05:42.961594 [debug] [Thread-2 (]: Using snowflake connection "model.healthcare_dbt.stg_healthcare"
[0m05:05:42.962999 [debug] [Thread-2 (]: On model.healthcare_dbt.stg_healthcare: create or replace transient table HEALTHCARE_DB.SILVER.stg_healthcare
    
    
    
    
    

    as (WITH source AS (
    SELECT * FROM HEALTHCARE_DB.BRONZE.RAW_DATA
),

cleaned AS (
    SELECT
        -- IDs
        CAST(patient_id AS INT)                        AS patient_id,

        -- Dates
        CAST(visit_date AS DATE)                       AS visit_date,
        YEAR(CAST(visit_date AS DATE))                 AS visit_year,
        MONTH(CAST(visit_date AS DATE))                AS visit_month,
        MONTHNAME(CAST(visit_date AS DATE))            AS visit_month_name,
        QUARTER(CAST(visit_date AS DATE))              AS visit_quarter,
        DAYNAME(CAST(visit_date AS DATE))              AS visit_day_name,

        -- Clean text columns
        UPPER(TRIM(age_group))                         AS age_group,
        CASE
            WHEN UPPER(TRIM(gender)) NOT IN ('MALE','FEMALE')
            THEN 'UNKNOWN'
            ELSE UPPER(TRIM(gender))
        END                                            AS gender,
        UPPER(TRIM(region))                            AS region,
        UPPER(TRIM(department))                        AS department,
        UPPER(TRIM(treatment_type))                    AS treatment_type,
        UPPER(TRIM(visit_type))                        AS visit_type,

        -- Numeric columns
        ROUND(COALESCE(
            TRY_CAST(length_of_stay_days AS FLOAT), 0), 2)
                                                       AS length_of_stay_days,
        ROUND(COALESCE(
            TRY_CAST(treatment_cost AS FLOAT),
            AVG(TRY_CAST(treatment_cost AS FLOAT))
                OVER()), 2)                            AS treatment_cost,
        ROUND(COALESCE(
            TRY_CAST(recovery_score AS FLOAT),
            MEDIAN(TRY_CAST(recovery_score AS FLOAT))
                OVER()), 2)                            AS recovery_score,
        ROUND(COALESCE(
            TRY_CAST(readmission_risk AS FLOAT), 0), 2)
                                                       AS readmission_risk,

        -- Derived columns
        CASE
            WHEN TRY_CAST(readmission_risk AS FLOAT) > 0.3
            THEN 'HIGH'
            ELSE 'LOW'
        END                                            AS risk_category,

        CASE
            WHEN TRY_CAST(treatment_cost AS FLOAT) < 20000  THEN 'LOW'
            WHEN TRY_CAST(treatment_cost AS FLOAT) < 50000  THEN 'MEDIUM'
            WHEN TRY_CAST(treatment_cost AS FLOAT) < 100000 THEN 'HIGH'
            ELSE 'VERY HIGH'
        END                                            AS cost_bucket

    FROM source
    WHERE patient_id IS NOT NULL
)

SELECT * FROM cleaned
    )

/* {"app": "dbt", "dbt_version": "1.12.3", "profile_name": "healthcare_dbt", "target_name": "dev", "node_id": "model.healthcare_dbt.stg_healthcare"} */;
[0m05:05:44.054555 [debug] [Thread-2 (]: SQL status: SUCCESS 100 in 1.090 seconds
[0m05:05:44.137121 [debug] [Thread-2 (]: Sending event: {'category': 'dbt', 'action': 'run_model', 'label': 'dca35d34-700a-40c1-be4f-a77ec10b7a8a', 'context': [<snowplow_tracker.self_describing_json.SelfDescribingJson object at 0x7f2a4febe300>]}
[0m05:05:44.140309 [info ] [Thread-2 (]: 1 of 1 OK created sql table model SILVER.stg_healthcare ........................ [[32mSUCCESS 100[0m in 1.24s]
[0m05:05:44.143567 [debug] [Thread-2 (]: Finished running node model.healthcare_dbt.stg_healthcare
[0m05:05:44.149008 [debug] [MainThread]: Connection 'master' was properly closed.
[0m05:05:44.151884 [debug] [MainThread]: Connection 'list_HEALTHCARE_DB_SILVER' was left open.
[0m05:05:44.154828 [debug] [MainThread]: On list_HEALTHCARE_DB_SILVER: Close
[0m05:05:44.773842 [debug] [MainThread]: Connection 'model.healthcare_dbt.stg_healthcare' was left open.
[0m05:05:44.776878 [debug] [MainThread]: On model.healthcare_dbt.stg_healthcare: Close
[0m05:05:45.035920 [info ] [MainThread]: 
[0m05:05:45.039170 [info ] [MainThread]: Finished running 1 table model in 0 hours 0 minutes and 6.30 seconds (6.30s).
[0m05:05:45.044084 [debug] [MainThread]: Command end result
[0m05:05:45.143884 [debug] [MainThread]: Wrote artifact WritableManifest to /mnt/d/DE Matrials/Projects/DE Projects/FirstProject_DBT_AIRFLOW_SNOWFLAKE_FIVETRAN/healthcare_dbt/target/manifest.json
[0m05:05:45.162427 [debug] [MainThread]: Wrote artifact SemanticManifest to /mnt/d/DE Matrials/Projects/DE Projects/FirstProject_DBT_AIRFLOW_SNOWFLAKE_FIVETRAN/healthcare_dbt/target/semantic_manifest.json
[0m05:05:45.183143 [debug] [MainThread]: Wrote artifact OsiDocument to /mnt/d/DE Matrials/Projects/DE Projects/FirstProject_DBT_AIRFLOW_SNOWFLAKE_FIVETRAN/healthcare_dbt/target/osi_document.json
[0m05:05:45.202910 [debug] [MainThread]: Wrote artifact RunExecutionResult to /mnt/d/DE Matrials/Projects/DE Projects/FirstProject_DBT_AIRFLOW_SNOWFLAKE_FIVETRAN/healthcare_dbt/target/run_results.json
[0m05:05:45.204938 [info ] [MainThread]: 
[0m05:05:45.207026 [info ] [MainThread]: [32mCompleted successfully[0m
[0m05:05:45.208798 [info ] [MainThread]: 
[0m05:05:45.210330 [info ] [MainThread]: Done. PASS=1 WARN=0 ERROR=0 SKIP=0 NO-OP=0 REUSED=0 TOTAL=1
[0m05:05:45.218581 [debug] [MainThread]: Resource report: {"command_name": "run", "command_success": true, "command_wall_clock_time": 39.937508, "process_in_blocks": "33936", "process_kernel_time": 2.782239, "process_mem_max_rss": "168128", "process_out_blocks": "24", "process_user_time": 4.697012}
[0m05:05:45.222028 [debug] [MainThread]: Command `dbt run` succeeded at 05:05:45.221749 after 39.94 seconds
[0m05:05:45.223958 [debug] [MainThread]: Sending event: {'category': 'dbt', 'action': 'invocation', 'label': 'end', 'context': [<snowplow_tracker.self_describing_json.SelfDescribingJson object at 0x7f2a50077dd0>, <snowplow_tracker.self_describing_json.SelfDescribingJson object at 0x7f2a4d519250>, <snowplow_tracker.self_describing_json.SelfDescribingJson object at 0x7f2a4d2e32c0>]}
[0m05:05:45.225155 [debug] [MainThread]: Flushing usage events
[0m05:05:49.859656 [debug] [MainThread]: An error was encountered while trying to flush usage events
[0m05:09:46.741275 [debug] [MainThread]: Sending event: {'category': 'dbt', 'action': 'invocation', 'label': 'start', 'context': [<snowplow_tracker.self_describing_json.SelfDescribingJson object at 0x7fa738d82060>, <snowplow_tracker.self_describing_json.SelfDescribingJson object at 0x7fa73aab4f50>, <snowplow_tracker.self_describing_json.SelfDescribingJson object at 0x7fa739f50080>]}


============================== 05:09:46.768453 | c369b611-4309-4b61-9cce-4468fa866e3e ==============================
[0m05:09:46.768453 [info ] [MainThread]: Running with dbt=1.12.3
[0m05:09:46.770820 [debug] [MainThread]: running dbt with arguments {'empty': 'False', 'hints_enabled': 'True', 'partial_parse': 'True', 'no_print': 'None', 'use_experimental_parser': 'False', 'static_parser': 'True', 'target_path': 'None', 'version_check': 'True', 'fail_fast': 'False', 'log_format': 'default', 'cache_selected_only': 'False', 'log_path': '/mnt/d/DE Matrials/Projects/DE Projects/FirstProject_DBT_AIRFLOW_SNOWFLAKE_FIVETRAN/healthcare_dbt/logs', 'invocation_command': 'dbt run --select silver', 'profiles_dir': '/mnt/d/DE Matrials/Projects/DE Projects/FirstProject_DBT_AIRFLOW_SNOWFLAKE_FIVETRAN/healthcare_dbt', 'indirect_selection': 'eager', 'write_json': 'True', 'quiet': 'False', 'send_anonymous_usage_stats': 'True', 'log_cache_events': 'False', 'introspect': 'True', 'debug': 'False', 'warn_error': 'None', 'maximum_seed_size_mib': '1', 'warn_error_options': 'WarnErrorOptionsV2(error=[], warn=[], silence=[])', 'printer_width': '80', 'use_colors': 'True'}
[0m05:09:55.278824 [debug] [MainThread]: Snowflake adapter: Setting snowflake.connector to ERROR (file logging only)
[0m05:09:55.280534 [debug] [MainThread]: Snowflake adapter: Setting botocore to ERROR (file logging only)
[0m05:09:55.281934 [debug] [MainThread]: Snowflake adapter: Setting boto3 to ERROR (file logging only)
[0m05:10:06.605031 [debug] [MainThread]: Sending event: {'category': 'dbt', 'action': 'project_id', 'label': 'c369b611-4309-4b61-9cce-4468fa866e3e', 'context': [<snowplow_tracker.self_describing_json.SelfDescribingJson object at 0x7fa73adb10d0>]}
[0m05:10:06.715698 [debug] [MainThread]: Sending event: {'category': 'dbt', 'action': 'adapter_info', 'label': 'c369b611-4309-4b61-9cce-4468fa866e3e', 'context': [<snowplow_tracker.self_describing_json.SelfDescribingJson object at 0x7fa738d13bc0>]}
[0m05:10:06.745994 [info ] [MainThread]: Registered adapter: snowflake=1.12.0
[0m05:10:33.245210 [debug] [MainThread]: checksum: cd11ddf55c3f57c7cf223dea061db390e40f8619709a911fb3f7b2e110e1d310, vars: {}, profile: healthcare_dbt, target: dev, version: 1.12.3
[0m05:10:37.598270 [debug] [MainThread]: Partial parsing enabled: 0 files deleted, 0 files added, 0 files changed.
[0m05:10:37.600044 [debug] [MainThread]: Nothing changed, skipping partial parsing.
[0m05:10:37.601768 [debug] [MainThread]: Partial parsing enabled, no changes found, skipping parsing
[0m05:10:37.617477 [debug] [MainThread]: Sending event: {'category': 'dbt', 'action': 'load_project', 'label': 'c369b611-4309-4b61-9cce-4468fa866e3e', 'context': [<snowplow_tracker.self_describing_json.SelfDescribingJson object at 0x7fa7358cc410>]}
[0m05:10:37.813162 [debug] [MainThread]: Wrote artifact WritableManifest to /mnt/d/DE Matrials/Projects/DE Projects/FirstProject_DBT_AIRFLOW_SNOWFLAKE_FIVETRAN/healthcare_dbt/target/manifest.json
[0m05:10:37.832096 [debug] [MainThread]: Wrote artifact SemanticManifest to /mnt/d/DE Matrials/Projects/DE Projects/FirstProject_DBT_AIRFLOW_SNOWFLAKE_FIVETRAN/healthcare_dbt/target/semantic_manifest.json
[0m05:10:38.314707 [debug] [MainThread]: Wrote artifact OsiDocument to /mnt/d/DE Matrials/Projects/DE Projects/FirstProject_DBT_AIRFLOW_SNOWFLAKE_FIVETRAN/healthcare_dbt/target/osi_document.json
[0m05:10:38.568868 [debug] [MainThread]: Sending event: {'category': 'dbt', 'action': 'resource_counts', 'label': 'c369b611-4309-4b61-9cce-4468fa866e3e', 'context': [<snowplow_tracker.self_describing_json.SelfDescribingJson object at 0x7fa7353f7230>]}
[0m05:10:38.572544 [info ] [MainThread]: Found 6 models, 1 source, 546 macros
[0m05:10:38.575384 [debug] [MainThread]: Sending event: {'category': 'dbt', 'action': 'runnable_timing', 'label': 'c369b611-4309-4b61-9cce-4468fa866e3e', 'context': [<snowplow_tracker.self_describing_json.SelfDescribingJson object at 0x7fa735136270>]}
[0m05:10:38.581001 [info ] [MainThread]: 
[0m05:10:38.583855 [info ] [MainThread]: Concurrency: 2 threads (target='dev')
[0m05:10:38.586081 [info ] [MainThread]: 
[0m05:10:38.589320 [debug] [MainThread]: Acquiring new snowflake connection 'master'
[0m05:10:38.593364 [debug] [ThreadPool]: Acquiring new snowflake connection 'list_HEALTHCARE_DB'
[0m05:10:38.632139 [debug] [ThreadPool]: Using snowflake connection "list_HEALTHCARE_DB"
[0m05:10:38.634616 [debug] [ThreadPool]: On list_HEALTHCARE_DB: show terse schemas in database HEALTHCARE_DB
    limit 10000
/* {"app": "dbt", "dbt_version": "1.12.3", "profile_name": "healthcare_dbt", "target_name": "dev", "connection_name": "list_HEALTHCARE_DB"} */
[0m05:10:38.635954 [debug] [ThreadPool]: Opening a new connection, currently in state init
[0m05:10:42.083931 [debug] [ThreadPool]: SQL status: SUCCESS 4 in 3.448 seconds
[0m05:10:42.106091 [debug] [ThreadPool]: Re-using an available connection from the pool (formerly list_HEALTHCARE_DB, now list_HEALTHCARE_DB_GOLD)
[0m05:10:42.112784 [debug] [ThreadPool]: Acquiring new snowflake connection 'list_HEALTHCARE_DB_SILVER'
[0m05:10:42.142635 [debug] [ThreadPool]: Using snowflake connection "list_HEALTHCARE_DB_SILVER"
[0m05:10:42.146555 [debug] [ThreadPool]: Using snowflake connection "list_HEALTHCARE_DB_GOLD"
[0m05:10:42.148297 [debug] [ThreadPool]: On list_HEALTHCARE_DB_SILVER: show objects in HEALTHCARE_DB.SILVER
    limit 10000
    

/* {"app": "dbt", "dbt_version": "1.12.3", "profile_name": "healthcare_dbt", "target_name": "dev", "connection_name": "list_HEALTHCARE_DB_SILVER"} */;
[0m05:10:42.150282 [debug] [ThreadPool]: On list_HEALTHCARE_DB_GOLD: show objects in HEALTHCARE_DB.GOLD
    limit 10000
    

/* {"app": "dbt", "dbt_version": "1.12.3", "profile_name": "healthcare_dbt", "target_name": "dev", "connection_name": "list_HEALTHCARE_DB_GOLD"} */;
[0m05:10:42.152532 [debug] [ThreadPool]: Opening a new connection, currently in state init
[0m05:10:42.357774 [debug] [ThreadPool]: SQL status: SUCCESS 5 in 0.203 seconds
[0m05:10:42.371224 [debug] [ThreadPool]: Using snowflake connection "list_HEALTHCARE_DB_GOLD"
[0m05:10:42.374038 [debug] [ThreadPool]: On list_HEALTHCARE_DB_GOLD: show user functions in HEALTHCARE_DB.GOLD
/* {"app": "dbt", "dbt_version": "1.12.3", "profile_name": "healthcare_dbt", "target_name": "dev", "connection_name": "list_HEALTHCARE_DB_GOLD"} */
[0m05:10:42.578243 [debug] [ThreadPool]: SQL status: SUCCESS 0 in 0.200 seconds
[0m05:10:44.238372 [debug] [ThreadPool]: SQL status: SUCCESS 1 in 2.086 seconds
[0m05:10:44.243705 [debug] [ThreadPool]: Using snowflake connection "list_HEALTHCARE_DB_SILVER"
[0m05:10:44.246284 [debug] [ThreadPool]: On list_HEALTHCARE_DB_SILVER: show user functions in HEALTHCARE_DB.SILVER
/* {"app": "dbt", "dbt_version": "1.12.3", "profile_name": "healthcare_dbt", "target_name": "dev", "connection_name": "list_HEALTHCARE_DB_SILVER"} */
[0m05:10:44.512807 [debug] [ThreadPool]: SQL status: SUCCESS 0 in 0.264 seconds
[0m05:10:44.519426 [debug] [MainThread]: Sending event: {'category': 'dbt', 'action': 'runnable_timing', 'label': 'c369b611-4309-4b61-9cce-4468fa866e3e', 'context': [<snowplow_tracker.self_describing_json.SelfDescribingJson object at 0x7fa735458bc0>]}
[0m05:10:44.530105 [debug] [Thread-2 (]: Began running node model.healthcare_dbt.stg_healthcare
[0m05:10:44.531760 [info ] [Thread-2 (]: 1 of 1 START sql table model SILVER.stg_healthcare ............................. [RUN]
[0m05:10:44.534715 [debug] [Thread-2 (]: Re-using an available connection from the pool (formerly list_HEALTHCARE_DB_SILVER, now model.healthcare_dbt.stg_healthcare)
[0m05:10:44.536786 [debug] [Thread-2 (]: Began compiling node model.healthcare_dbt.stg_healthcare
[0m05:10:44.548789 [debug] [Thread-2 (]: Writing injected SQL for node "model.healthcare_dbt.stg_healthcare"
[0m05:10:44.563370 [debug] [Thread-2 (]: Began executing node model.healthcare_dbt.stg_healthcare
[0m05:10:44.600200 [debug] [Thread-2 (]: Writing runtime sql for node "model.healthcare_dbt.stg_healthcare"
[0m05:10:44.622854 [debug] [Thread-2 (]: Using snowflake connection "model.healthcare_dbt.stg_healthcare"
[0m05:10:44.625088 [debug] [Thread-2 (]: On model.healthcare_dbt.stg_healthcare: create or replace transient table HEALTHCARE_DB.SILVER.stg_healthcare
    
    
    
    
    

    as (WITH source AS (
    SELECT * FROM HEALTHCARE_DB.BRONZE.RAW_DATA
),

cleaned AS (
    SELECT
        -- IDs
        CAST(patient_id AS INT)                        AS patient_id,

        -- Dates
        CAST(visit_date AS DATE)                       AS visit_date,
        YEAR(CAST(visit_date AS DATE))                 AS visit_year,
        MONTH(CAST(visit_date AS DATE))                AS visit_month,
        MONTHNAME(CAST(visit_date AS DATE))            AS visit_month_name,
        QUARTER(CAST(visit_date AS DATE))              AS visit_quarter,
        DAYNAME(CAST(visit_date AS DATE))              AS visit_day_name,

        -- Clean text columns
        UPPER(TRIM(age_group))                         AS age_group,
        CASE
            WHEN UPPER(TRIM(gender)) NOT IN ('MALE','FEMALE')
            THEN 'UNKNOWN'
            ELSE UPPER(TRIM(gender))
        END                                            AS gender,
        UPPER(TRIM(region))                            AS region,
        UPPER(TRIM(department))                        AS department,
        UPPER(TRIM(treatment_type))                    AS treatment_type,
        UPPER(TRIM(visit_type))                        AS visit_type,

        -- Numeric columns
        ROUND(COALESCE(
            TRY_CAST(length_of_stay_days AS FLOAT), 0), 2)
                                                       AS length_of_stay_days,
        ROUND(COALESCE(
            TRY_CAST(treatment_cost AS FLOAT),
            AVG(TRY_CAST(treatment_cost AS FLOAT))
                OVER()), 2)                            AS treatment_cost,
        ROUND(COALESCE(
            TRY_CAST(recovery_score AS FLOAT),
            MEDIAN(TRY_CAST(recovery_score AS FLOAT))
                OVER()), 2)                            AS recovery_score,
        ROUND(COALESCE(
            TRY_CAST(readmission_risk AS FLOAT), 0), 2)
                                                       AS readmission_risk,

        -- Derived columns
        CASE
            WHEN TRY_CAST(readmission_risk AS FLOAT) > 0.3
            THEN 'HIGH'
            ELSE 'LOW'
        END                                            AS risk_category,

        CASE
            WHEN TRY_CAST(treatment_cost AS FLOAT) < 20000  THEN 'LOW'
            WHEN TRY_CAST(treatment_cost AS FLOAT) < 50000  THEN 'MEDIUM'
            WHEN TRY_CAST(treatment_cost AS FLOAT) < 100000 THEN 'HIGH'
            ELSE 'VERY HIGH'
        END                                            AS cost_bucket

    FROM source
    WHERE patient_id IS NOT NULL
)

SELECT * FROM cleaned
    )

/* {"app": "dbt", "dbt_version": "1.12.3", "profile_name": "healthcare_dbt", "target_name": "dev", "node_id": "model.healthcare_dbt.stg_healthcare"} */;
[0m05:10:48.677143 [debug] [Thread-2 (]: SQL status: SUCCESS 100 in 1.391 seconds
[0m05:10:48.725576 [debug] [Thread-2 (]: Sending event: {'category': 'dbt', 'action': 'run_model', 'label': 'c369b611-4309-4b61-9cce-4468fa866e3e', 'context': [<snowplow_tracker.self_describing_json.SelfDescribingJson object at 0x7fa7381ea1b0>]}
[0m05:10:48.727674 [info ] [Thread-2 (]: 1 of 1 OK created sql table model SILVER.stg_healthcare ........................ [[32mSUCCESS 100[0m in 4.17s]
[0m05:10:48.730264 [debug] [Thread-2 (]: Finished running node model.healthcare_dbt.stg_healthcare
[0m05:10:48.734160 [debug] [MainThread]: Connection 'master' was properly closed.
[0m05:10:48.735978 [debug] [MainThread]: Connection 'list_HEALTHCARE_DB_GOLD' was left open.
[0m05:10:48.737870 [debug] [MainThread]: On list_HEALTHCARE_DB_GOLD: Close
[0m05:10:49.798205 [debug] [MainThread]: Connection 'model.healthcare_dbt.stg_healthcare' was left open.
[0m05:10:49.801239 [debug] [MainThread]: On model.healthcare_dbt.stg_healthcare: Close
[0m05:10:50.107864 [info ] [MainThread]: 
[0m05:10:50.111993 [info ] [MainThread]: Finished running 1 table model in 0 hours 0 minutes and 11.52 seconds (11.52s).
[0m05:10:50.116755 [debug] [MainThread]: Command end result
[0m05:10:50.254592 [debug] [MainThread]: Wrote artifact WritableManifest to /mnt/d/DE Matrials/Projects/DE Projects/FirstProject_DBT_AIRFLOW_SNOWFLAKE_FIVETRAN/healthcare_dbt/target/manifest.json
[0m05:10:50.273530 [debug] [MainThread]: Wrote artifact SemanticManifest to /mnt/d/DE Matrials/Projects/DE Projects/FirstProject_DBT_AIRFLOW_SNOWFLAKE_FIVETRAN/healthcare_dbt/target/semantic_manifest.json
[0m05:10:50.294323 [debug] [MainThread]: Wrote artifact OsiDocument to /mnt/d/DE Matrials/Projects/DE Projects/FirstProject_DBT_AIRFLOW_SNOWFLAKE_FIVETRAN/healthcare_dbt/target/osi_document.json
[0m05:10:50.313093 [debug] [MainThread]: Wrote artifact RunExecutionResult to /mnt/d/DE Matrials/Projects/DE Projects/FirstProject_DBT_AIRFLOW_SNOWFLAKE_FIVETRAN/healthcare_dbt/target/run_results.json
[0m05:10:50.314973 [info ] [MainThread]: 
[0m05:10:50.316719 [info ] [MainThread]: [32mCompleted successfully[0m
[0m05:10:50.318351 [info ] [MainThread]: 
[0m05:10:50.319894 [info ] [MainThread]: Done. PASS=1 WARN=0 ERROR=0 SKIP=0 NO-OP=0 REUSED=0 TOTAL=1
[0m05:10:50.328248 [debug] [MainThread]: Resource report: {"command_name": "run", "command_success": true, "command_wall_clock_time": 56.831856, "process_in_blocks": "15072", "process_kernel_time": 4.900588, "process_mem_max_rss": "168116", "process_out_blocks": "24", "process_user_time": 7.6162}
[0m05:10:50.330428 [debug] [MainThread]: Command `dbt run` succeeded at 05:10:50.330261 after 56.83 seconds
[0m05:10:50.331960 [debug] [MainThread]: Sending event: {'category': 'dbt', 'action': 'invocation', 'label': 'end', 'context': [<snowplow_tracker.self_describing_json.SelfDescribingJson object at 0x7fa7382f5670>, <snowplow_tracker.self_describing_json.SelfDescribingJson object at 0x7fa738f8dee0>, <snowplow_tracker.self_describing_json.SelfDescribingJson object at 0x7fa738bda570>]}
[0m05:10:50.333345 [debug] [MainThread]: Flushing usage events
[0m05:10:52.150074 [debug] [MainThread]: An error was encountered while trying to flush usage events
[0m05:11:25.937444 [debug] [MainThread]: Sending event: {'category': 'dbt', 'action': 'invocation', 'label': 'start', 'context': [<snowplow_tracker.self_describing_json.SelfDescribingJson object at 0x7f5558596540>, <snowplow_tracker.self_describing_json.SelfDescribingJson object at 0x7f5557fe9ca0>, <snowplow_tracker.self_describing_json.SelfDescribingJson object at 0x7f5559916900>]}


============================== 05:11:25.960034 | 9a2e67b4-695f-4fa8-98b9-231a063f965a ==============================
[0m05:11:25.960034 [info ] [MainThread]: Running with dbt=1.12.3
[0m05:11:25.961729 [debug] [MainThread]: running dbt with arguments {'cache_selected_only': 'False', 'send_anonymous_usage_stats': 'True', 'printer_width': '80', 'use_colors': 'True', 'no_print': 'None', 'quiet': 'False', 'fail_fast': 'False', 'version_check': 'True', 'invocation_command': 'dbt run --select gold', 'debug': 'False', 'partial_parse': 'True', 'introspect': 'True', 'log_cache_events': 'False', 'warn_error_options': 'WarnErrorOptionsV2(error=[], warn=[], silence=[])', 'empty': 'False', 'log_path': '/mnt/d/DE Matrials/Projects/DE Projects/FirstProject_DBT_AIRFLOW_SNOWFLAKE_FIVETRAN/healthcare_dbt/logs', 'maximum_seed_size_mib': '1', 'hints_enabled': 'True', 'indirect_selection': 'eager', 'warn_error': 'None', 'target_path': 'None', 'write_json': 'True', 'profiles_dir': '/mnt/d/DE Matrials/Projects/DE Projects/FirstProject_DBT_AIRFLOW_SNOWFLAKE_FIVETRAN/healthcare_dbt', 'log_format': 'default', 'use_experimental_parser': 'False', 'static_parser': 'True'}
[0m05:11:33.629957 [debug] [MainThread]: Snowflake adapter: Setting snowflake.connector to ERROR (file logging only)
[0m05:11:33.632212 [debug] [MainThread]: Snowflake adapter: Setting botocore to ERROR (file logging only)
[0m05:11:33.633751 [debug] [MainThread]: Snowflake adapter: Setting boto3 to ERROR (file logging only)
[0m05:11:41.321703 [debug] [MainThread]: Sending event: {'category': 'dbt', 'action': 'project_id', 'label': '9a2e67b4-695f-4fa8-98b9-231a063f965a', 'context': [<snowplow_tracker.self_describing_json.SelfDescribingJson object at 0x7f555860ae10>]}
[0m05:11:41.501200 [debug] [MainThread]: Sending event: {'category': 'dbt', 'action': 'adapter_info', 'label': '9a2e67b4-695f-4fa8-98b9-231a063f965a', 'context': [<snowplow_tracker.self_describing_json.SelfDescribingJson object at 0x7f55597a9c10>]}
[0m05:11:41.529408 [info ] [MainThread]: Registered adapter: snowflake=1.12.0
[0m05:12:07.014696 [debug] [MainThread]: checksum: cd11ddf55c3f57c7cf223dea061db390e40f8619709a911fb3f7b2e110e1d310, vars: {}, profile: healthcare_dbt, target: dev, version: 1.12.3
[0m05:12:11.468501 [debug] [MainThread]: Partial parsing enabled: 0 files deleted, 0 files added, 0 files changed.
[0m05:12:11.471462 [debug] [MainThread]: Nothing changed, skipping partial parsing.
[0m05:12:11.474123 [debug] [MainThread]: Partial parsing enabled, no changes found, skipping parsing
[0m05:12:11.500330 [debug] [MainThread]: Sending event: {'category': 'dbt', 'action': 'load_project', 'label': '9a2e67b4-695f-4fa8-98b9-231a063f965a', 'context': [<snowplow_tracker.self_describing_json.SelfDescribingJson object at 0x7f5555fc5f70>]}
[0m05:12:11.899357 [debug] [MainThread]: Wrote artifact WritableManifest to /mnt/d/DE Matrials/Projects/DE Projects/FirstProject_DBT_AIRFLOW_SNOWFLAKE_FIVETRAN/healthcare_dbt/target/manifest.json
[0m05:12:11.928570 [debug] [MainThread]: Wrote artifact SemanticManifest to /mnt/d/DE Matrials/Projects/DE Projects/FirstProject_DBT_AIRFLOW_SNOWFLAKE_FIVETRAN/healthcare_dbt/target/semantic_manifest.json
[0m05:12:12.560200 [debug] [MainThread]: Wrote artifact OsiDocument to /mnt/d/DE Matrials/Projects/DE Projects/FirstProject_DBT_AIRFLOW_SNOWFLAKE_FIVETRAN/healthcare_dbt/target/osi_document.json
[0m05:12:12.771008 [debug] [MainThread]: Sending event: {'category': 'dbt', 'action': 'resource_counts', 'label': '9a2e67b4-695f-4fa8-98b9-231a063f965a', 'context': [<snowplow_tracker.self_describing_json.SelfDescribingJson object at 0x7f5554ceafc0>]}
[0m05:12:12.773037 [info ] [MainThread]: Found 6 models, 1 source, 546 macros
[0m05:12:12.775185 [debug] [MainThread]: Sending event: {'category': 'dbt', 'action': 'runnable_timing', 'label': '9a2e67b4-695f-4fa8-98b9-231a063f965a', 'context': [<snowplow_tracker.self_describing_json.SelfDescribingJson object at 0x7f5554dad2b0>]}
[0m05:12:12.778535 [info ] [MainThread]: 
[0m05:12:12.781597 [info ] [MainThread]: Concurrency: 2 threads (target='dev')
[0m05:12:12.783983 [info ] [MainThread]: 
[0m05:12:12.786131 [debug] [MainThread]: Acquiring new snowflake connection 'master'
[0m05:12:12.793967 [debug] [ThreadPool]: Acquiring new snowflake connection 'list_HEALTHCARE_DB'
[0m05:12:12.830144 [debug] [ThreadPool]: Using snowflake connection "list_HEALTHCARE_DB"
[0m05:12:12.831985 [debug] [ThreadPool]: On list_HEALTHCARE_DB: show terse schemas in database HEALTHCARE_DB
    limit 10000
/* {"app": "dbt", "dbt_version": "1.12.3", "profile_name": "healthcare_dbt", "target_name": "dev", "connection_name": "list_HEALTHCARE_DB"} */
[0m05:12:12.833633 [debug] [ThreadPool]: Opening a new connection, currently in state init
[0m05:12:15.695057 [debug] [ThreadPool]: SQL status: SUCCESS 4 in 2.861 seconds
[0m05:12:15.701277 [debug] [ThreadPool]: Re-using an available connection from the pool (formerly list_HEALTHCARE_DB, now list_HEALTHCARE_DB_SILVER)
[0m05:12:15.703767 [debug] [ThreadPool]: Acquiring new snowflake connection 'list_HEALTHCARE_DB_GOLD'
[0m05:12:15.721061 [debug] [ThreadPool]: Using snowflake connection "list_HEALTHCARE_DB_SILVER"
[0m05:12:15.724072 [debug] [ThreadPool]: Using snowflake connection "list_HEALTHCARE_DB_GOLD"
[0m05:12:15.725796 [debug] [ThreadPool]: On list_HEALTHCARE_DB_SILVER: show objects in HEALTHCARE_DB.SILVER
    limit 10000
    

/* {"app": "dbt", "dbt_version": "1.12.3", "profile_name": "healthcare_dbt", "target_name": "dev", "connection_name": "list_HEALTHCARE_DB_SILVER"} */;
[0m05:12:15.727681 [debug] [ThreadPool]: On list_HEALTHCARE_DB_GOLD: show objects in HEALTHCARE_DB.GOLD
    limit 10000
    

/* {"app": "dbt", "dbt_version": "1.12.3", "profile_name": "healthcare_dbt", "target_name": "dev", "connection_name": "list_HEALTHCARE_DB_GOLD"} */;
[0m05:12:15.731779 [debug] [ThreadPool]: Opening a new connection, currently in state init
[0m05:12:16.019034 [debug] [ThreadPool]: SQL status: SUCCESS 1 in 0.290 seconds
[0m05:12:16.033569 [debug] [ThreadPool]: Using snowflake connection "list_HEALTHCARE_DB_SILVER"
[0m05:12:16.035856 [debug] [ThreadPool]: On list_HEALTHCARE_DB_SILVER: show user functions in HEALTHCARE_DB.SILVER
/* {"app": "dbt", "dbt_version": "1.12.3", "profile_name": "healthcare_dbt", "target_name": "dev", "connection_name": "list_HEALTHCARE_DB_SILVER"} */
[0m05:12:16.256923 [debug] [ThreadPool]: SQL status: SUCCESS 0 in 0.219 seconds
[0m05:12:17.336176 [debug] [ThreadPool]: SQL status: SUCCESS 5 in 1.604 seconds
[0m05:12:17.342222 [debug] [ThreadPool]: Using snowflake connection "list_HEALTHCARE_DB_GOLD"
[0m05:12:17.357530 [debug] [ThreadPool]: On list_HEALTHCARE_DB_GOLD: show user functions in HEALTHCARE_DB.GOLD
/* {"app": "dbt", "dbt_version": "1.12.3", "profile_name": "healthcare_dbt", "target_name": "dev", "connection_name": "list_HEALTHCARE_DB_GOLD"} */
[0m05:12:17.524688 [debug] [ThreadPool]: SQL status: SUCCESS 0 in 0.165 seconds
[0m05:12:17.529697 [debug] [MainThread]: Sending event: {'category': 'dbt', 'action': 'runnable_timing', 'label': '9a2e67b4-695f-4fa8-98b9-231a063f965a', 'context': [<snowplow_tracker.self_describing_json.SelfDescribingJson object at 0x7f55560016a0>]}
[0m05:12:17.536763 [debug] [Thread-2 (]: Began running node model.healthcare_dbt.dim_date
[0m05:12:17.537711 [debug] [Thread-3 (]: Began running node model.healthcare_dbt.dim_department
[0m05:12:17.539301 [info ] [Thread-2 (]: 1 of 5 START sql table model GOLD.dim_date ..................................... [RUN]
[0m05:12:17.541242 [info ] [Thread-3 (]: 2 of 5 START sql table model GOLD.dim_department ............................... [RUN]
[0m05:12:17.543459 [debug] [Thread-2 (]: Re-using an available connection from the pool (formerly list_HEALTHCARE_DB_GOLD, now model.healthcare_dbt.dim_date)
[0m05:12:17.547387 [debug] [Thread-3 (]: Re-using an available connection from the pool (formerly list_HEALTHCARE_DB_SILVER, now model.healthcare_dbt.dim_department)
[0m05:12:17.549881 [debug] [Thread-2 (]: Began compiling node model.healthcare_dbt.dim_date
[0m05:12:17.551821 [debug] [Thread-3 (]: Began compiling node model.healthcare_dbt.dim_department
[0m05:12:17.559820 [debug] [Thread-2 (]: Writing injected SQL for node "model.healthcare_dbt.dim_date"
[0m05:12:17.564327 [debug] [Thread-3 (]: Writing injected SQL for node "model.healthcare_dbt.dim_department"
[0m05:12:17.577837 [debug] [Thread-3 (]: Began executing node model.healthcare_dbt.dim_department
[0m05:12:17.579585 [debug] [Thread-2 (]: Began executing node model.healthcare_dbt.dim_date
[0m05:12:17.632153 [debug] [Thread-3 (]: Writing runtime sql for node "model.healthcare_dbt.dim_department"
[0m05:12:17.634930 [debug] [Thread-2 (]: Writing runtime sql for node "model.healthcare_dbt.dim_date"
[0m05:12:17.651983 [debug] [Thread-2 (]: Using snowflake connection "model.healthcare_dbt.dim_date"
[0m05:12:17.653609 [debug] [Thread-3 (]: Using snowflake connection "model.healthcare_dbt.dim_department"
[0m05:12:17.655073 [debug] [Thread-2 (]: On model.healthcare_dbt.dim_date: create or replace transient table HEALTHCARE_DB.GOLD.dim_date
    
    
    
    
    

    as (WITH source AS (
    SELECT * FROM HEALTHCARE_DB.SILVER.stg_healthcare
),

dim_date AS (
    SELECT DISTINCT
        visit_date                AS full_date,
        visit_year                AS year,
        visit_month               AS month_number,
        visit_month_name          AS month_name,
        visit_quarter             AS quarter,
        visit_day_name            AS day_of_week
    FROM source
)

SELECT * FROM dim_date
    )

/* {"app": "dbt", "dbt_version": "1.12.3", "profile_name": "healthcare_dbt", "target_name": "dev", "node_id": "model.healthcare_dbt.dim_date"} */;
[0m05:12:17.657357 [debug] [Thread-3 (]: On model.healthcare_dbt.dim_department: create or replace transient table HEALTHCARE_DB.GOLD.dim_department
    
    
    
    
    

    as (WITH source AS (
    SELECT * FROM HEALTHCARE_DB.SILVER.stg_healthcare
),

dim_department AS (
    SELECT DISTINCT
        department                AS department_name,
        region
    FROM source
)

SELECT * FROM dim_department
    )

/* {"app": "dbt", "dbt_version": "1.12.3", "profile_name": "healthcare_dbt", "target_name": "dev", "node_id": "model.healthcare_dbt.dim_department"} */;
[0m05:12:18.537334 [debug] [Thread-3 (]: SQL status: SUCCESS 20 in 0.875 seconds
[0m05:12:18.539260 [debug] [Thread-2 (]: SQL status: SUCCESS 86 in 0.880 seconds
[0m05:12:18.605534 [debug] [Thread-2 (]: Sending event: {'category': 'dbt', 'action': 'run_model', 'label': '9a2e67b4-695f-4fa8-98b9-231a063f965a', 'context': [<snowplow_tracker.self_describing_json.SelfDescribingJson object at 0x7f5558c8bb30>]}
[0m05:12:18.606130 [debug] [Thread-3 (]: Sending event: {'category': 'dbt', 'action': 'run_model', 'label': '9a2e67b4-695f-4fa8-98b9-231a063f965a', 'context': [<snowplow_tracker.self_describing_json.SelfDescribingJson object at 0x7f55548c99d0>]}
[0m05:12:18.607710 [info ] [Thread-2 (]: 1 of 5 OK created sql table model GOLD.dim_date ................................ [[32mSUCCESS 86[0m in 1.05s]
[0m05:12:18.609908 [info ] [Thread-3 (]: 2 of 5 OK created sql table model GOLD.dim_department .......................... [[32mSUCCESS 20[0m in 1.05s]
[0m05:12:18.612646 [debug] [Thread-2 (]: Finished running node model.healthcare_dbt.dim_date
[0m05:12:18.614766 [debug] [Thread-3 (]: Finished running node model.healthcare_dbt.dim_department
[0m05:12:18.616337 [debug] [Thread-2 (]: Began running node model.healthcare_dbt.dim_patient
[0m05:12:18.617949 [debug] [Thread-3 (]: Began running node model.healthcare_dbt.dim_treatment
[0m05:12:18.619777 [info ] [Thread-2 (]: 3 of 5 START sql table model GOLD.dim_patient .................................. [RUN]
[0m05:12:18.621765 [info ] [Thread-3 (]: 4 of 5 START sql table model GOLD.dim_treatment ................................ [RUN]
[0m05:12:18.623822 [debug] [Thread-2 (]: Re-using an available connection from the pool (formerly model.healthcare_dbt.dim_date, now model.healthcare_dbt.dim_patient)
[0m05:12:18.625506 [debug] [Thread-3 (]: Re-using an available connection from the pool (formerly model.healthcare_dbt.dim_department, now model.healthcare_dbt.dim_treatment)
[0m05:12:18.627659 [debug] [Thread-2 (]: Began compiling node model.healthcare_dbt.dim_patient
[0m05:12:18.629267 [debug] [Thread-3 (]: Began compiling node model.healthcare_dbt.dim_treatment
[0m05:12:18.632327 [debug] [Thread-2 (]: Writing injected SQL for node "model.healthcare_dbt.dim_patient"
[0m05:12:18.636124 [debug] [Thread-3 (]: Writing injected SQL for node "model.healthcare_dbt.dim_treatment"
[0m05:12:18.649320 [debug] [Thread-2 (]: Began executing node model.healthcare_dbt.dim_patient
[0m05:12:18.654801 [debug] [Thread-2 (]: Writing runtime sql for node "model.healthcare_dbt.dim_patient"
[0m05:12:18.655568 [debug] [Thread-3 (]: Began executing node model.healthcare_dbt.dim_treatment
[0m05:12:18.663702 [debug] [Thread-3 (]: Writing runtime sql for node "model.healthcare_dbt.dim_treatment"
[0m05:12:18.675848 [debug] [Thread-2 (]: Using snowflake connection "model.healthcare_dbt.dim_patient"
[0m05:12:18.677573 [debug] [Thread-3 (]: Using snowflake connection "model.healthcare_dbt.dim_treatment"
[0m05:12:18.678727 [debug] [Thread-2 (]: On model.healthcare_dbt.dim_patient: create or replace transient table HEALTHCARE_DB.GOLD.dim_patient
    
    
    
    
    

    as (WITH source AS (
    SELECT * FROM HEALTHCARE_DB.SILVER.stg_healthcare
),

dim_patient AS (
    SELECT DISTINCT
        patient_id,
        age_group,
        gender,
        region,
        risk_category
    FROM source
)

SELECT * FROM dim_patient
    )

/* {"app": "dbt", "dbt_version": "1.12.3", "profile_name": "healthcare_dbt", "target_name": "dev", "node_id": "model.healthcare_dbt.dim_patient"} */;
[0m05:12:18.680550 [debug] [Thread-3 (]: On model.healthcare_dbt.dim_treatment: create or replace transient table HEALTHCARE_DB.GOLD.dim_treatment
    
    
    
    
    

    as (WITH source AS (
    SELECT * FROM HEALTHCARE_DB.SILVER.stg_healthcare
),

dim_treatment AS (
    SELECT DISTINCT
        treatment_type,
        visit_type
    FROM source
)

SELECT * FROM dim_treatment
    )

/* {"app": "dbt", "dbt_version": "1.12.3", "profile_name": "healthcare_dbt", "target_name": "dev", "node_id": "model.healthcare_dbt.dim_treatment"} */;
[0m05:12:19.190704 [debug] [Thread-3 (]: SQL status: SUCCESS 20 in 0.507 seconds
[0m05:12:19.197046 [debug] [Thread-3 (]: Sending event: {'category': 'dbt', 'action': 'run_model', 'label': '9a2e67b4-695f-4fa8-98b9-231a063f965a', 'context': [<snowplow_tracker.self_describing_json.SelfDescribingJson object at 0x7f55548b8dd0>]}
[0m05:12:19.200717 [info ] [Thread-3 (]: 4 of 5 OK created sql table model GOLD.dim_treatment ........................... [[32mSUCCESS 20[0m in 0.57s]
[0m05:12:19.204274 [debug] [Thread-3 (]: Finished running node model.healthcare_dbt.dim_treatment
[0m05:12:19.206593 [debug] [Thread-2 (]: SQL status: SUCCESS 100 in 0.524 seconds
[0m05:12:19.213058 [debug] [Thread-2 (]: Sending event: {'category': 'dbt', 'action': 'run_model', 'label': '9a2e67b4-695f-4fa8-98b9-231a063f965a', 'context': [<snowplow_tracker.self_describing_json.SelfDescribingJson object at 0x7f5554ab8f80>]}
[0m05:12:19.215790 [info ] [Thread-2 (]: 3 of 5 OK created sql table model GOLD.dim_patient ............................. [[32mSUCCESS 100[0m in 0.59s]
[0m05:12:19.218597 [debug] [Thread-2 (]: Finished running node model.healthcare_dbt.dim_patient
[0m05:12:19.222436 [debug] [Thread-3 (]: Began running node model.healthcare_dbt.fact_visits
[0m05:12:19.225210 [info ] [Thread-3 (]: 5 of 5 START sql table model GOLD.fact_visits .................................. [RUN]
[0m05:12:19.227292 [debug] [Thread-3 (]: Re-using an available connection from the pool (formerly model.healthcare_dbt.dim_treatment, now model.healthcare_dbt.fact_visits)
[0m05:12:19.228774 [debug] [Thread-3 (]: Began compiling node model.healthcare_dbt.fact_visits
[0m05:12:19.233761 [debug] [Thread-3 (]: Writing injected SQL for node "model.healthcare_dbt.fact_visits"
[0m05:12:19.250081 [debug] [Thread-3 (]: Began executing node model.healthcare_dbt.fact_visits
[0m05:12:19.255788 [debug] [Thread-3 (]: Writing runtime sql for node "model.healthcare_dbt.fact_visits"
[0m05:12:19.273723 [debug] [Thread-3 (]: Using snowflake connection "model.healthcare_dbt.fact_visits"
[0m05:12:19.275847 [debug] [Thread-3 (]: On model.healthcare_dbt.fact_visits: create or replace transient table HEALTHCARE_DB.GOLD.fact_visits
    
    
    
    
    

    as (WITH source AS (
    SELECT * FROM HEALTHCARE_DB.SILVER.stg_healthcare
),

fact_visits AS (
    SELECT
        -- Keys
        s.patient_id,
        s.visit_date              AS visit_date,

        -- Foreign key references
        p.patient_id              AS patient_fk,
        d.full_date               AS date_fk,
        dp.department_name        AS department_fk,
        t.treatment_type          AS treatment_fk,

        -- Measures
        s.visit_type,
        s.length_of_stay_days,
        s.treatment_cost,
        s.recovery_score,
        s.readmission_risk,
        s.risk_category,
        s.cost_bucket

    FROM source s
    LEFT JOIN HEALTHCARE_DB.GOLD.dim_patient    p  ON s.patient_id    = p.patient_id
    LEFT JOIN HEALTHCARE_DB.GOLD.dim_date       d  ON s.visit_date    = d.full_date
    LEFT JOIN HEALTHCARE_DB.GOLD.dim_department dp ON s.department    = dp.department_name
    LEFT JOIN HEALTHCARE_DB.GOLD.dim_treatment  t  ON s.treatment_type = t.treatment_type
)

SELECT * FROM fact_visits
    )

/* {"app": "dbt", "dbt_version": "1.12.3", "profile_name": "healthcare_dbt", "target_name": "dev", "node_id": "model.healthcare_dbt.fact_visits"} */;
[0m05:12:20.489502 [debug] [Thread-3 (]: SQL status: SUCCESS 1600 in 1.211 seconds
[0m05:12:20.497595 [debug] [Thread-3 (]: Sending event: {'category': 'dbt', 'action': 'run_model', 'label': '9a2e67b4-695f-4fa8-98b9-231a063f965a', 'context': [<snowplow_tracker.self_describing_json.SelfDescribingJson object at 0x7f5554afd520>]}
[0m05:12:20.501036 [info ] [Thread-3 (]: 5 of 5 OK created sql table model GOLD.fact_visits ............................. [[32mSUCCESS 1600[0m in 1.27s]
[0m05:12:20.505340 [debug] [Thread-3 (]: Finished running node model.healthcare_dbt.fact_visits
[0m05:12:20.511650 [debug] [MainThread]: Connection 'master' was properly closed.
[0m05:12:20.513979 [debug] [MainThread]: Connection 'model.healthcare_dbt.fact_visits' was left open.
[0m05:12:20.516004 [debug] [MainThread]: On model.healthcare_dbt.fact_visits: Close
[0m05:12:20.791188 [debug] [MainThread]: Connection 'model.healthcare_dbt.dim_patient' was left open.
[0m05:12:20.794243 [debug] [MainThread]: On model.healthcare_dbt.dim_patient: Close
[0m05:12:21.145736 [info ] [MainThread]: 
[0m05:12:21.148467 [info ] [MainThread]: Finished running 5 table models in 0 hours 0 minutes and 8.36 seconds (8.36s).
[0m05:12:21.152525 [debug] [MainThread]: Command end result
[0m05:12:21.251590 [debug] [MainThread]: Wrote artifact WritableManifest to /mnt/d/DE Matrials/Projects/DE Projects/FirstProject_DBT_AIRFLOW_SNOWFLAKE_FIVETRAN/healthcare_dbt/target/manifest.json
[0m05:12:21.269216 [debug] [MainThread]: Wrote artifact SemanticManifest to /mnt/d/DE Matrials/Projects/DE Projects/FirstProject_DBT_AIRFLOW_SNOWFLAKE_FIVETRAN/healthcare_dbt/target/semantic_manifest.json
[0m05:12:21.287547 [debug] [MainThread]: Wrote artifact OsiDocument to /mnt/d/DE Matrials/Projects/DE Projects/FirstProject_DBT_AIRFLOW_SNOWFLAKE_FIVETRAN/healthcare_dbt/target/osi_document.json
[0m05:12:21.306322 [debug] [MainThread]: Wrote artifact RunExecutionResult to /mnt/d/DE Matrials/Projects/DE Projects/FirstProject_DBT_AIRFLOW_SNOWFLAKE_FIVETRAN/healthcare_dbt/target/run_results.json
[0m05:12:21.307708 [info ] [MainThread]: 
[0m05:12:21.309637 [info ] [MainThread]: [32mCompleted successfully[0m
[0m05:12:21.311570 [info ] [MainThread]: 
[0m05:12:21.313547 [info ] [MainThread]: Done. PASS=5 WARN=0 ERROR=0 SKIP=0 NO-OP=0 REUSED=0 TOTAL=5
[0m05:12:21.319024 [debug] [MainThread]: Resource report: {"command_name": "run", "command_success": true, "command_wall_clock_time": 52.62953, "process_in_blocks": "3960", "process_kernel_time": 4.376946, "process_mem_max_rss": "167828", "process_out_blocks": "24", "process_user_time": 6.397075}
[0m05:12:21.322403 [debug] [MainThread]: Command `dbt run` succeeded at 05:12:21.322079 after 52.63 seconds
[0m05:12:21.324098 [debug] [MainThread]: Sending event: {'category': 'dbt', 'action': 'invocation', 'label': 'end', 'context': [<snowplow_tracker.self_describing_json.SelfDescribingJson object at 0x7f55587dbf50>, <snowplow_tracker.self_describing_json.SelfDescribingJson object at 0x7f5557a234d0>, <snowplow_tracker.self_describing_json.SelfDescribingJson object at 0x7f5555f39520>]}
[0m05:12:21.325809 [debug] [MainThread]: Flushing usage events
[0m05:12:23.437054 [debug] [MainThread]: An error was encountered while trying to flush usage events
[0m05:12:55.404001 [debug] [MainThread]: Sending event: {'category': 'dbt', 'action': 'invocation', 'label': 'start', 'context': [<snowplow_tracker.self_describing_json.SelfDescribingJson object at 0x7f82449d58e0>, <snowplow_tracker.self_describing_json.SelfDescribingJson object at 0x7f824521a480>, <snowplow_tracker.self_describing_json.SelfDescribingJson object at 0x7f824496cb00>]}


============================== 05:12:55.428911 | 1bc3a14d-b0f5-4302-b979-0f4c9f261f4c ==============================
[0m05:12:55.428911 [info ] [MainThread]: Running with dbt=1.12.3
[0m05:12:55.431038 [debug] [MainThread]: running dbt with arguments {'partial_parse': 'True', 'empty': 'None', 'fail_fast': 'False', 'invocation_command': 'dbt test', 'quiet': 'False', 'send_anonymous_usage_stats': 'True', 'log_cache_events': 'False', 'target_path': 'None', 'profiles_dir': '/mnt/d/DE Matrials/Projects/DE Projects/FirstProject_DBT_AIRFLOW_SNOWFLAKE_FIVETRAN/healthcare_dbt', 'use_colors': 'True', 'log_format': 'default', 'no_print': 'None', 'cache_selected_only': 'False', 'version_check': 'True', 'hints_enabled': 'True', 'introspect': 'True', 'printer_width': '80', 'warn_error': 'None', 'debug': 'False', 'warn_error_options': 'WarnErrorOptionsV2(error=[], warn=[], silence=[])', 'indirect_selection': 'eager', 'use_experimental_parser': 'False', 'log_path': '/mnt/d/DE Matrials/Projects/DE Projects/FirstProject_DBT_AIRFLOW_SNOWFLAKE_FIVETRAN/healthcare_dbt/logs', 'write_json': 'True', 'maximum_seed_size_mib': '1', 'static_parser': 'True'}
[0m05:13:03.343792 [debug] [MainThread]: Snowflake adapter: Setting snowflake.connector to ERROR (file logging only)
[0m05:13:03.345984 [debug] [MainThread]: Snowflake adapter: Setting botocore to ERROR (file logging only)
[0m05:13:03.348105 [debug] [MainThread]: Snowflake adapter: Setting boto3 to ERROR (file logging only)
[0m05:13:14.118932 [debug] [MainThread]: Sending event: {'category': 'dbt', 'action': 'project_id', 'label': '1bc3a14d-b0f5-4302-b979-0f4c9f261f4c', 'context': [<snowplow_tracker.self_describing_json.SelfDescribingJson object at 0x7f82414d50d0>]}
[0m05:13:14.209142 [debug] [MainThread]: Sending event: {'category': 'dbt', 'action': 'adapter_info', 'label': '1bc3a14d-b0f5-4302-b979-0f4c9f261f4c', 'context': [<snowplow_tracker.self_describing_json.SelfDescribingJson object at 0x7f8243da7c20>]}
[0m05:13:14.237120 [info ] [MainThread]: Registered adapter: snowflake=1.12.0
[0m05:13:35.631117 [debug] [MainThread]: checksum: cd11ddf55c3f57c7cf223dea061db390e40f8619709a911fb3f7b2e110e1d310, vars: {}, profile: healthcare_dbt, target: dev, version: 1.12.3
[0m05:13:39.932533 [debug] [MainThread]: Partial parsing enabled: 0 files deleted, 0 files added, 0 files changed.
[0m05:13:39.934892 [debug] [MainThread]: Nothing changed, skipping partial parsing.
[0m05:13:39.936483 [debug] [MainThread]: Partial parsing enabled, no changes found, skipping parsing
[0m05:13:39.954830 [debug] [MainThread]: Sending event: {'category': 'dbt', 'action': 'load_project', 'label': '1bc3a14d-b0f5-4302-b979-0f4c9f261f4c', 'context': [<snowplow_tracker.self_describing_json.SelfDescribingJson object at 0x7f824112faa0>]}
[0m05:13:40.261744 [debug] [MainThread]: Wrote artifact WritableManifest to /mnt/d/DE Matrials/Projects/DE Projects/FirstProject_DBT_AIRFLOW_SNOWFLAKE_FIVETRAN/healthcare_dbt/target/manifest.json
[0m05:13:40.287862 [debug] [MainThread]: Wrote artifact SemanticManifest to /mnt/d/DE Matrials/Projects/DE Projects/FirstProject_DBT_AIRFLOW_SNOWFLAKE_FIVETRAN/healthcare_dbt/target/semantic_manifest.json
[0m05:13:40.842105 [debug] [MainThread]: Wrote artifact OsiDocument to /mnt/d/DE Matrials/Projects/DE Projects/FirstProject_DBT_AIRFLOW_SNOWFLAKE_FIVETRAN/healthcare_dbt/target/osi_document.json
[0m05:13:41.068366 [debug] [MainThread]: Sending event: {'category': 'dbt', 'action': 'resource_counts', 'label': '1bc3a14d-b0f5-4302-b979-0f4c9f261f4c', 'context': [<snowplow_tracker.self_describing_json.SelfDescribingJson object at 0x7f8240c55640>]}
[0m05:13:41.070222 [info ] [MainThread]: Found 6 models, 1 source, 546 macros
[0m05:13:41.072109 [debug] [MainThread]: Sending event: {'category': 'dbt', 'action': 'runnable_timing', 'label': '1bc3a14d-b0f5-4302-b979-0f4c9f261f4c', 'context': [<snowplow_tracker.self_describing_json.SelfDescribingJson object at 0x7f8240d66720>]}
[0m05:13:41.076135 [warn ] [MainThread]: [[33mWARNING[0m]: Nothing to do. Try checking your model configs and model specification args
[0m05:13:41.083635 [debug] [MainThread]: Command end result
[0m05:13:41.162521 [debug] [MainThread]: Wrote artifact WritableManifest to /mnt/d/DE Matrials/Projects/DE Projects/FirstProject_DBT_AIRFLOW_SNOWFLAKE_FIVETRAN/healthcare_dbt/target/manifest.json
[0m05:13:41.178616 [debug] [MainThread]: Wrote artifact SemanticManifest to /mnt/d/DE Matrials/Projects/DE Projects/FirstProject_DBT_AIRFLOW_SNOWFLAKE_FIVETRAN/healthcare_dbt/target/semantic_manifest.json
[0m05:13:41.195872 [debug] [MainThread]: Wrote artifact OsiDocument to /mnt/d/DE Matrials/Projects/DE Projects/FirstProject_DBT_AIRFLOW_SNOWFLAKE_FIVETRAN/healthcare_dbt/target/osi_document.json
[0m05:13:41.208691 [debug] [MainThread]: Wrote artifact RunExecutionResult to /mnt/d/DE Matrials/Projects/DE Projects/FirstProject_DBT_AIRFLOW_SNOWFLAKE_FIVETRAN/healthcare_dbt/target/run_results.json
[0m05:13:41.214702 [debug] [MainThread]: Resource report: {"command_name": "test", "command_success": true, "command_wall_clock_time": 42.97091, "process_in_blocks": "4480", "process_kernel_time": 3.53258, "process_mem_max_rss": "154916", "process_out_blocks": "8", "process_user_time": 5.278212}
[0m05:13:41.217124 [debug] [MainThread]: Command `dbt test` succeeded at 05:13:41.216983 after 42.97 seconds
[0m05:13:41.218538 [debug] [MainThread]: Sending event: {'category': 'dbt', 'action': 'invocation', 'label': 'end', 'context': [<snowplow_tracker.self_describing_json.SelfDescribingJson object at 0x7f82448c1010>, <snowplow_tracker.self_describing_json.SelfDescribingJson object at 0x7f8241085af0>, <snowplow_tracker.self_describing_json.SelfDescribingJson object at 0x7f82448fee40>]}
[0m05:13:41.220145 [debug] [MainThread]: Flushing usage events
[0m05:13:45.779350 [debug] [MainThread]: An error was encountered while trying to flush usage events
[0m05:37:05.887761 [debug] [MainThread]: Sending event: {'category': 'dbt', 'action': 'invocation', 'label': 'start', 'context': [<snowplow_tracker.self_describing_json.SelfDescribingJson object at 0x7ff8c2f26090>, <snowplow_tracker.self_describing_json.SelfDescribingJson object at 0x7ff8c4225670>, <snowplow_tracker.self_describing_json.SelfDescribingJson object at 0x7ff8c2f261b0>]}


============================== 05:37:05.919951 | 06ba04c6-ff3a-4372-901b-573f28e8d141 ==============================
[0m05:37:05.919951 [info ] [MainThread]: Running with dbt=1.12.3
[0m05:37:05.923097 [debug] [MainThread]: running dbt with arguments {'empty': 'False', 'version_check': 'True', 'send_anonymous_usage_stats': 'True', 'profiles_dir': '/mnt/d/DE Matrials/Projects/DE Projects/FirstProject_DBT_AIRFLOW_SNOWFLAKE_FIVETRAN/healthcare_dbt', 'log_path': '/mnt/d/DE Matrials/Projects/DE Projects/FirstProject_DBT_AIRFLOW_SNOWFLAKE_FIVETRAN/healthcare_dbt/logs', 'indirect_selection': 'eager', 'invocation_command': 'dbt run --select silver', 'hints_enabled': 'True', 'warn_error_options': 'WarnErrorOptionsV2(error=[], warn=[], silence=[])', 'log_format': 'default', 'quiet': 'False', 'use_colors': 'True', 'use_experimental_parser': 'False', 'warn_error': 'None', 'introspect': 'True', 'log_cache_events': 'False', 'write_json': 'True', 'static_parser': 'True', 'cache_selected_only': 'False', 'partial_parse': 'True', 'no_print': 'None', 'fail_fast': 'False', 'maximum_seed_size_mib': '1', 'target_path': 'None', 'printer_width': '80', 'debug': 'False'}
[0m05:37:16.361035 [debug] [MainThread]: Snowflake adapter: Setting snowflake.connector to ERROR (file logging only)
[0m05:37:16.363322 [debug] [MainThread]: Snowflake adapter: Setting botocore to ERROR (file logging only)
[0m05:37:16.365557 [debug] [MainThread]: Snowflake adapter: Setting boto3 to ERROR (file logging only)
[0m05:37:24.054886 [debug] [MainThread]: Sending event: {'category': 'dbt', 'action': 'project_id', 'label': '06ba04c6-ff3a-4372-901b-573f28e8d141', 'context': [<snowplow_tracker.self_describing_json.SelfDescribingJson object at 0x7ff8bf81b2f0>]}
[0m05:37:24.129792 [debug] [MainThread]: Sending event: {'category': 'dbt', 'action': 'adapter_info', 'label': '06ba04c6-ff3a-4372-901b-573f28e8d141', 'context': [<snowplow_tracker.self_describing_json.SelfDescribingJson object at 0x7ff8c0db0ec0>]}
[0m05:37:24.149514 [info ] [MainThread]: Registered adapter: snowflake=1.12.0
[0m05:37:44.556842 [debug] [MainThread]: checksum: cd11ddf55c3f57c7cf223dea061db390e40f8619709a911fb3f7b2e110e1d310, vars: {}, profile: healthcare_dbt, target: dev, version: 1.12.3
[0m05:37:51.855129 [debug] [MainThread]: Partial parsing enabled: 0 files deleted, 0 files added, 0 files changed.
[0m05:37:51.857470 [debug] [MainThread]: Nothing changed, skipping partial parsing.
[0m05:37:51.859207 [debug] [MainThread]: Partial parsing enabled, no changes found, skipping parsing
[0m05:37:51.877798 [debug] [MainThread]: Sending event: {'category': 'dbt', 'action': 'load_project', 'label': '06ba04c6-ff3a-4372-901b-573f28e8d141', 'context': [<snowplow_tracker.self_describing_json.SelfDescribingJson object at 0x7ff8bf9c7c80>]}
[0m05:37:52.113080 [debug] [MainThread]: Wrote artifact WritableManifest to /mnt/d/DE Matrials/Projects/DE Projects/FirstProject_DBT_AIRFLOW_SNOWFLAKE_FIVETRAN/healthcare_dbt/target/manifest.json
[0m05:37:52.132769 [debug] [MainThread]: Wrote artifact SemanticManifest to /mnt/d/DE Matrials/Projects/DE Projects/FirstProject_DBT_AIRFLOW_SNOWFLAKE_FIVETRAN/healthcare_dbt/target/semantic_manifest.json
[0m05:37:52.796338 [debug] [MainThread]: Wrote artifact OsiDocument to /mnt/d/DE Matrials/Projects/DE Projects/FirstProject_DBT_AIRFLOW_SNOWFLAKE_FIVETRAN/healthcare_dbt/target/osi_document.json
[0m05:37:52.990360 [debug] [MainThread]: Sending event: {'category': 'dbt', 'action': 'resource_counts', 'label': '06ba04c6-ff3a-4372-901b-573f28e8d141', 'context': [<snowplow_tracker.self_describing_json.SelfDescribingJson object at 0x7ff8bf5ff140>]}
[0m05:37:52.992603 [info ] [MainThread]: Found 6 models, 1 source, 546 macros
[0m05:37:52.995174 [debug] [MainThread]: Sending event: {'category': 'dbt', 'action': 'runnable_timing', 'label': '06ba04c6-ff3a-4372-901b-573f28e8d141', 'context': [<snowplow_tracker.self_describing_json.SelfDescribingJson object at 0x7ff8bf3533e0>]}
[0m05:37:52.998525 [info ] [MainThread]: 
[0m05:37:53.000019 [info ] [MainThread]: Concurrency: 2 threads (target='dev')
[0m05:37:53.002463 [info ] [MainThread]: 
[0m05:37:53.004947 [debug] [MainThread]: Acquiring new snowflake connection 'master'
[0m05:37:53.007901 [debug] [ThreadPool]: Acquiring new snowflake connection 'list_HEALTHCARE_DB'
[0m05:37:53.051222 [debug] [ThreadPool]: Using snowflake connection "list_HEALTHCARE_DB"
[0m05:37:53.052731 [debug] [ThreadPool]: On list_HEALTHCARE_DB: show terse schemas in database HEALTHCARE_DB
    limit 10000
/* {"app": "dbt", "dbt_version": "1.12.3", "profile_name": "healthcare_dbt", "target_name": "dev", "connection_name": "list_HEALTHCARE_DB"} */
[0m05:37:53.054762 [debug] [ThreadPool]: Opening a new connection, currently in state init
[0m05:37:57.269154 [debug] [ThreadPool]: SQL status: SUCCESS 4 in 4.214 seconds
[0m05:37:57.281974 [debug] [ThreadPool]: Re-using an available connection from the pool (formerly list_HEALTHCARE_DB, now list_HEALTHCARE_DB_SILVER)
[0m05:37:57.285851 [debug] [ThreadPool]: Acquiring new snowflake connection 'list_HEALTHCARE_DB_GOLD'
[0m05:37:57.310083 [debug] [ThreadPool]: Using snowflake connection "list_HEALTHCARE_DB_SILVER"
[0m05:37:57.313373 [debug] [ThreadPool]: Using snowflake connection "list_HEALTHCARE_DB_GOLD"
[0m05:37:57.315913 [debug] [ThreadPool]: On list_HEALTHCARE_DB_SILVER: show objects in HEALTHCARE_DB.SILVER
    limit 10000
    

/* {"app": "dbt", "dbt_version": "1.12.3", "profile_name": "healthcare_dbt", "target_name": "dev", "connection_name": "list_HEALTHCARE_DB_SILVER"} */;
[0m05:37:57.318907 [debug] [ThreadPool]: On list_HEALTHCARE_DB_GOLD: show objects in HEALTHCARE_DB.GOLD
    limit 10000
    

/* {"app": "dbt", "dbt_version": "1.12.3", "profile_name": "healthcare_dbt", "target_name": "dev", "connection_name": "list_HEALTHCARE_DB_GOLD"} */;
[0m05:37:57.324274 [debug] [ThreadPool]: Opening a new connection, currently in state init
[0m05:37:57.526082 [debug] [ThreadPool]: SQL status: SUCCESS 1 in 0.205 seconds
[0m05:37:57.542526 [debug] [ThreadPool]: Using snowflake connection "list_HEALTHCARE_DB_SILVER"
[0m05:37:57.550679 [debug] [ThreadPool]: On list_HEALTHCARE_DB_SILVER: show user functions in HEALTHCARE_DB.SILVER
/* {"app": "dbt", "dbt_version": "1.12.3", "profile_name": "healthcare_dbt", "target_name": "dev", "connection_name": "list_HEALTHCARE_DB_SILVER"} */
[0m05:37:57.716344 [debug] [ThreadPool]: SQL status: SUCCESS 0 in 0.163 seconds
[0m05:37:59.155643 [debug] [ThreadPool]: SQL status: SUCCESS 5 in 1.831 seconds
[0m05:37:59.162591 [debug] [ThreadPool]: Using snowflake connection "list_HEALTHCARE_DB_GOLD"
[0m05:37:59.164824 [debug] [ThreadPool]: On list_HEALTHCARE_DB_GOLD: show user functions in HEALTHCARE_DB.GOLD
/* {"app": "dbt", "dbt_version": "1.12.3", "profile_name": "healthcare_dbt", "target_name": "dev", "connection_name": "list_HEALTHCARE_DB_GOLD"} */
[0m05:37:59.357459 [debug] [ThreadPool]: SQL status: SUCCESS 0 in 0.188 seconds
[0m05:37:59.364659 [debug] [MainThread]: Sending event: {'category': 'dbt', 'action': 'runnable_timing', 'label': '06ba04c6-ff3a-4372-901b-573f28e8d141', 'context': [<snowplow_tracker.self_describing_json.SelfDescribingJson object at 0x7ff8c22f9d90>]}
[0m05:37:59.373888 [debug] [Thread-2 (]: Began running node model.healthcare_dbt.stg_healthcare
[0m05:37:59.376365 [info ] [Thread-2 (]: 1 of 1 START sql table model SILVER.stg_healthcare ............................. [RUN]
[0m05:37:59.379036 [debug] [Thread-2 (]: Re-using an available connection from the pool (formerly list_HEALTHCARE_DB_GOLD, now model.healthcare_dbt.stg_healthcare)
[0m05:37:59.381207 [debug] [Thread-2 (]: Began compiling node model.healthcare_dbt.stg_healthcare
[0m05:37:59.392199 [debug] [Thread-2 (]: Writing injected SQL for node "model.healthcare_dbt.stg_healthcare"
[0m05:37:59.413631 [debug] [Thread-2 (]: Began executing node model.healthcare_dbt.stg_healthcare
[0m05:37:59.460127 [debug] [Thread-2 (]: Writing runtime sql for node "model.healthcare_dbt.stg_healthcare"
[0m05:37:59.484670 [debug] [Thread-2 (]: Using snowflake connection "model.healthcare_dbt.stg_healthcare"
[0m05:37:59.487844 [debug] [Thread-2 (]: On model.healthcare_dbt.stg_healthcare: create or replace transient table HEALTHCARE_DB.SILVER.stg_healthcare
    
    
    
    
    

    as (WITH source AS (
    SELECT * FROM HEALTHCARE_DB.BRONZE.RAW_DATA
),

cleaned AS (
    SELECT
        -- IDs
        CAST(patient_id AS INT)                        AS patient_id,

        -- Dates
        CAST(visit_date AS DATE)                       AS visit_date,
        YEAR(CAST(visit_date AS DATE))                 AS visit_year,
        MONTH(CAST(visit_date AS DATE))                AS visit_month,
        MONTHNAME(CAST(visit_date AS DATE))            AS visit_month_name,
        QUARTER(CAST(visit_date AS DATE))              AS visit_quarter,
        DAYNAME(CAST(visit_date AS DATE))              AS visit_day_name,

        -- Clean text columns
        UPPER(TRIM(age_group))                         AS age_group,
        CASE
            WHEN UPPER(TRIM(gender)) NOT IN ('MALE','FEMALE')
            THEN 'UNKNOWN'
            ELSE UPPER(TRIM(gender))
        END                                            AS gender,
        UPPER(TRIM(region))                            AS region,
        UPPER(TRIM(department))                        AS department,
        UPPER(TRIM(treatment_type))                    AS treatment_type,
        UPPER(TRIM(visit_type))                        AS visit_type,

        -- Numeric columns
        ROUND(COALESCE(
            TRY_CAST(length_of_stay_days AS FLOAT), 0), 2)
                                                       AS length_of_stay_days,
        ROUND(COALESCE(
            TRY_CAST(treatment_cost AS FLOAT),
            AVG(TRY_CAST(treatment_cost AS FLOAT))
                OVER()), 2)                            AS treatment_cost,
        ROUND(COALESCE(
            TRY_CAST(recovery_score AS FLOAT),
            MEDIAN(TRY_CAST(recovery_score AS FLOAT))
                OVER()), 2)                            AS recovery_score,
        ROUND(COALESCE(
            TRY_CAST(readmission_risk AS FLOAT), 0), 2)
                                                       AS readmission_risk,

        -- Derived columns
        CASE
            WHEN TRY_CAST(readmission_risk AS FLOAT) > 0.3
            THEN 'HIGH'
            ELSE 'LOW'
        END                                            AS risk_category,

        CASE
            WHEN TRY_CAST(treatment_cost AS FLOAT) < 20000  THEN 'LOW'
            WHEN TRY_CAST(treatment_cost AS FLOAT) < 50000  THEN 'MEDIUM'
            WHEN TRY_CAST(treatment_cost AS FLOAT) < 100000 THEN 'HIGH'
            ELSE 'VERY HIGH'
        END                                            AS cost_bucket

    FROM source
    WHERE patient_id IS NOT NULL
)

SELECT * FROM cleaned
    )

/* {"app": "dbt", "dbt_version": "1.12.3", "profile_name": "healthcare_dbt", "target_name": "dev", "node_id": "model.healthcare_dbt.stg_healthcare"} */;
[0m05:38:00.539783 [debug] [Thread-2 (]: SQL status: SUCCESS 100 in 1.049 seconds
[0m05:38:00.642931 [debug] [Thread-2 (]: Sending event: {'category': 'dbt', 'action': 'run_model', 'label': '06ba04c6-ff3a-4372-901b-573f28e8d141', 'context': [<snowplow_tracker.self_describing_json.SelfDescribingJson object at 0x7ff8c3583d10>]}
[0m05:38:00.645564 [info ] [Thread-2 (]: 1 of 1 OK created sql table model SILVER.stg_healthcare ........................ [[32mSUCCESS 100[0m in 1.24s]
[0m05:38:00.648790 [debug] [Thread-2 (]: Finished running node model.healthcare_dbt.stg_healthcare
[0m05:38:00.652834 [debug] [MainThread]: Connection 'master' was properly closed.
[0m05:38:00.654464 [debug] [MainThread]: Connection 'list_HEALTHCARE_DB_SILVER' was left open.
[0m05:38:00.656443 [debug] [MainThread]: On list_HEALTHCARE_DB_SILVER: Close
[0m05:38:01.009319 [debug] [MainThread]: Connection 'model.healthcare_dbt.stg_healthcare' was left open.
[0m05:38:01.011764 [debug] [MainThread]: On model.healthcare_dbt.stg_healthcare: Close
[0m05:38:01.347765 [info ] [MainThread]: 
[0m05:38:01.352210 [info ] [MainThread]: Finished running 1 table model in 0 hours 0 minutes and 8.34 seconds (8.34s).
[0m05:38:01.357666 [debug] [MainThread]: Command end result
[0m05:38:01.503968 [debug] [MainThread]: Wrote artifact WritableManifest to /mnt/d/DE Matrials/Projects/DE Projects/FirstProject_DBT_AIRFLOW_SNOWFLAKE_FIVETRAN/healthcare_dbt/target/manifest.json
[0m05:38:01.530677 [debug] [MainThread]: Wrote artifact SemanticManifest to /mnt/d/DE Matrials/Projects/DE Projects/FirstProject_DBT_AIRFLOW_SNOWFLAKE_FIVETRAN/healthcare_dbt/target/semantic_manifest.json
[0m05:38:01.555483 [debug] [MainThread]: Wrote artifact OsiDocument to /mnt/d/DE Matrials/Projects/DE Projects/FirstProject_DBT_AIRFLOW_SNOWFLAKE_FIVETRAN/healthcare_dbt/target/osi_document.json
[0m05:38:01.573822 [debug] [MainThread]: Wrote artifact RunExecutionResult to /mnt/d/DE Matrials/Projects/DE Projects/FirstProject_DBT_AIRFLOW_SNOWFLAKE_FIVETRAN/healthcare_dbt/target/run_results.json
[0m05:38:01.575795 [info ] [MainThread]: 
[0m05:38:01.578293 [info ] [MainThread]: [32mCompleted successfully[0m
[0m05:38:01.580568 [info ] [MainThread]: 
[0m05:38:01.582954 [info ] [MainThread]: Done. PASS=1 WARN=0 ERROR=0 SKIP=0 NO-OP=0 REUSED=0 TOTAL=1
[0m05:38:01.592125 [debug] [MainThread]: Resource report: {"command_name": "run", "command_success": true, "command_wall_clock_time": 50.0182, "process_in_blocks": "6848", "process_kernel_time": 4.549795, "process_mem_max_rss": "170716", "process_out_blocks": "4904", "process_user_time": 7.267726}
[0m05:38:01.594848 [debug] [MainThread]: Command `dbt run` succeeded at 05:38:01.594526 after 50.02 seconds
[0m05:38:01.597244 [debug] [MainThread]: Sending event: {'category': 'dbt', 'action': 'invocation', 'label': 'end', 'context': [<snowplow_tracker.self_describing_json.SelfDescribingJson object at 0x7ff8c22ad190>, <snowplow_tracker.self_describing_json.SelfDescribingJson object at 0x7ff8bf9c7470>, <snowplow_tracker.self_describing_json.SelfDescribingJson object at 0x7ff8bf659640>]}
[0m05:38:01.599237 [debug] [MainThread]: Flushing usage events
[0m05:38:03.262628 [debug] [MainThread]: An error was encountered while trying to flush usage events
[0m05:38:35.370418 [debug] [MainThread]: Sending event: {'category': 'dbt', 'action': 'invocation', 'label': 'start', 'context': [<snowplow_tracker.self_describing_json.SelfDescribingJson object at 0x7f948ae8e0f0>, <snowplow_tracker.self_describing_json.SelfDescribingJson object at 0x7f948c91cd70>, <snowplow_tracker.self_describing_json.SelfDescribingJson object at 0x7f948c9cfb30>]}


============================== 05:38:35.395706 | 9cea1b85-e4a2-4fb3-b533-fe592701647a ==============================
[0m05:38:35.395706 [info ] [MainThread]: Running with dbt=1.12.3
[0m05:38:35.397339 [debug] [MainThread]: running dbt with arguments {'warn_error': 'None', 'use_experimental_parser': 'False', 'partial_parse': 'True', 'log_path': '/mnt/d/DE Matrials/Projects/DE Projects/FirstProject_DBT_AIRFLOW_SNOWFLAKE_FIVETRAN/healthcare_dbt/logs', 'fail_fast': 'False', 'target_path': 'None', 'no_print': 'None', 'profiles_dir': '/mnt/d/DE Matrials/Projects/DE Projects/FirstProject_DBT_AIRFLOW_SNOWFLAKE_FIVETRAN/healthcare_dbt', 'hints_enabled': 'True', 'quiet': 'False', 'invocation_command': 'dbt run --select gold', 'log_format': 'default', 'maximum_seed_size_mib': '1', 'introspect': 'True', 'write_json': 'True', 'empty': 'False', 'version_check': 'True', 'send_anonymous_usage_stats': 'True', 'debug': 'False', 'cache_selected_only': 'False', 'use_colors': 'True', 'indirect_selection': 'eager', 'printer_width': '80', 'static_parser': 'True', 'warn_error_options': 'WarnErrorOptionsV2(error=[], warn=[], silence=[])', 'log_cache_events': 'False'}
[0m05:38:42.845570 [debug] [MainThread]: Snowflake adapter: Setting snowflake.connector to ERROR (file logging only)
[0m05:38:42.849013 [debug] [MainThread]: Snowflake adapter: Setting botocore to ERROR (file logging only)
[0m05:38:42.851846 [debug] [MainThread]: Snowflake adapter: Setting boto3 to ERROR (file logging only)
[0m05:38:50.566963 [debug] [MainThread]: Sending event: {'category': 'dbt', 'action': 'project_id', 'label': '9cea1b85-e4a2-4fb3-b533-fe592701647a', 'context': [<snowplow_tracker.self_describing_json.SelfDescribingJson object at 0x7f948cee12e0>]}
[0m05:38:50.670909 [debug] [MainThread]: Sending event: {'category': 'dbt', 'action': 'adapter_info', 'label': '9cea1b85-e4a2-4fb3-b533-fe592701647a', 'context': [<snowplow_tracker.self_describing_json.SelfDescribingJson object at 0x7f948ae56e70>]}
[0m05:38:50.700435 [info ] [MainThread]: Registered adapter: snowflake=1.12.0
[0m05:39:16.427377 [debug] [MainThread]: checksum: cd11ddf55c3f57c7cf223dea061db390e40f8619709a911fb3f7b2e110e1d310, vars: {}, profile: healthcare_dbt, target: dev, version: 1.12.3
[0m05:39:21.286299 [debug] [MainThread]: Partial parsing enabled: 0 files deleted, 0 files added, 0 files changed.
[0m05:39:21.288248 [debug] [MainThread]: Nothing changed, skipping partial parsing.
[0m05:39:21.290769 [debug] [MainThread]: Partial parsing enabled, no changes found, skipping parsing
[0m05:39:21.312933 [debug] [MainThread]: Sending event: {'category': 'dbt', 'action': 'load_project', 'label': '9cea1b85-e4a2-4fb3-b533-fe592701647a', 'context': [<snowplow_tracker.self_describing_json.SelfDescribingJson object at 0x7f94887e9ee0>]}
[0m05:39:21.596987 [debug] [MainThread]: Wrote artifact WritableManifest to /mnt/d/DE Matrials/Projects/DE Projects/FirstProject_DBT_AIRFLOW_SNOWFLAKE_FIVETRAN/healthcare_dbt/target/manifest.json
[0m05:39:21.620003 [debug] [MainThread]: Wrote artifact SemanticManifest to /mnt/d/DE Matrials/Projects/DE Projects/FirstProject_DBT_AIRFLOW_SNOWFLAKE_FIVETRAN/healthcare_dbt/target/semantic_manifest.json
[0m05:39:22.245911 [debug] [MainThread]: Wrote artifact OsiDocument to /mnt/d/DE Matrials/Projects/DE Projects/FirstProject_DBT_AIRFLOW_SNOWFLAKE_FIVETRAN/healthcare_dbt/target/osi_document.json
[0m05:39:22.438169 [debug] [MainThread]: Sending event: {'category': 'dbt', 'action': 'resource_counts', 'label': '9cea1b85-e4a2-4fb3-b533-fe592701647a', 'context': [<snowplow_tracker.self_describing_json.SelfDescribingJson object at 0x7f94875fb1a0>]}
[0m05:39:22.440249 [info ] [MainThread]: Found 6 models, 1 source, 546 macros
[0m05:39:22.442102 [debug] [MainThread]: Sending event: {'category': 'dbt', 'action': 'runnable_timing', 'label': '9cea1b85-e4a2-4fb3-b533-fe592701647a', 'context': [<snowplow_tracker.self_describing_json.SelfDescribingJson object at 0x7f9488fc2b40>]}
[0m05:39:22.445885 [info ] [MainThread]: 
[0m05:39:22.448533 [info ] [MainThread]: Concurrency: 2 threads (target='dev')
[0m05:39:22.450581 [info ] [MainThread]: 
[0m05:39:22.453028 [debug] [MainThread]: Acquiring new snowflake connection 'master'
[0m05:39:22.459751 [debug] [ThreadPool]: Acquiring new snowflake connection 'list_HEALTHCARE_DB'
[0m05:39:22.493482 [debug] [ThreadPool]: Using snowflake connection "list_HEALTHCARE_DB"
[0m05:39:22.495221 [debug] [ThreadPool]: On list_HEALTHCARE_DB: show terse schemas in database HEALTHCARE_DB
    limit 10000
/* {"app": "dbt", "dbt_version": "1.12.3", "profile_name": "healthcare_dbt", "target_name": "dev", "connection_name": "list_HEALTHCARE_DB"} */
[0m05:39:22.497007 [debug] [ThreadPool]: Opening a new connection, currently in state init
[0m05:39:25.086777 [debug] [ThreadPool]: SQL status: SUCCESS 4 in 2.590 seconds
[0m05:39:25.095731 [debug] [ThreadPool]: Re-using an available connection from the pool (formerly list_HEALTHCARE_DB, now list_HEALTHCARE_DB_SILVER)
[0m05:39:25.102145 [debug] [ThreadPool]: Acquiring new snowflake connection 'list_HEALTHCARE_DB_GOLD'
[0m05:39:25.145891 [debug] [ThreadPool]: Using snowflake connection "list_HEALTHCARE_DB_SILVER"
[0m05:39:25.153476 [debug] [ThreadPool]: Using snowflake connection "list_HEALTHCARE_DB_GOLD"
[0m05:39:25.155470 [debug] [ThreadPool]: On list_HEALTHCARE_DB_SILVER: show objects in HEALTHCARE_DB.SILVER
    limit 10000
    

/* {"app": "dbt", "dbt_version": "1.12.3", "profile_name": "healthcare_dbt", "target_name": "dev", "connection_name": "list_HEALTHCARE_DB_SILVER"} */;
[0m05:39:25.157638 [debug] [ThreadPool]: On list_HEALTHCARE_DB_GOLD: show objects in HEALTHCARE_DB.GOLD
    limit 10000
    

/* {"app": "dbt", "dbt_version": "1.12.3", "profile_name": "healthcare_dbt", "target_name": "dev", "connection_name": "list_HEALTHCARE_DB_GOLD"} */;
[0m05:39:25.165017 [debug] [ThreadPool]: Opening a new connection, currently in state init
[0m05:39:25.356378 [debug] [ThreadPool]: SQL status: SUCCESS 1 in 0.196 seconds
[0m05:39:25.372828 [debug] [ThreadPool]: Using snowflake connection "list_HEALTHCARE_DB_SILVER"
[0m05:39:25.376639 [debug] [ThreadPool]: On list_HEALTHCARE_DB_SILVER: show user functions in HEALTHCARE_DB.SILVER
/* {"app": "dbt", "dbt_version": "1.12.3", "profile_name": "healthcare_dbt", "target_name": "dev", "connection_name": "list_HEALTHCARE_DB_SILVER"} */
[0m05:39:25.542338 [debug] [ThreadPool]: SQL status: SUCCESS 0 in 0.151 seconds
[0m05:39:26.875504 [debug] [ThreadPool]: SQL status: SUCCESS 5 in 1.711 seconds
[0m05:39:26.881183 [debug] [ThreadPool]: Using snowflake connection "list_HEALTHCARE_DB_GOLD"
[0m05:39:26.882564 [debug] [ThreadPool]: On list_HEALTHCARE_DB_GOLD: show user functions in HEALTHCARE_DB.GOLD
/* {"app": "dbt", "dbt_version": "1.12.3", "profile_name": "healthcare_dbt", "target_name": "dev", "connection_name": "list_HEALTHCARE_DB_GOLD"} */
[0m05:39:27.021827 [debug] [ThreadPool]: SQL status: SUCCESS 0 in 0.138 seconds
[0m05:39:27.028501 [debug] [MainThread]: Sending event: {'category': 'dbt', 'action': 'runnable_timing', 'label': '9cea1b85-e4a2-4fb3-b533-fe592701647a', 'context': [<snowplow_tracker.self_describing_json.SelfDescribingJson object at 0x7f948734e360>]}
[0m05:39:27.037098 [debug] [Thread-2 (]: Began running node model.healthcare_dbt.dim_date
[0m05:39:27.038235 [debug] [Thread-3 (]: Began running node model.healthcare_dbt.dim_department
[0m05:39:27.041646 [info ] [Thread-2 (]: 1 of 5 START sql table model GOLD.dim_date ..................................... [RUN]
[0m05:39:27.044374 [info ] [Thread-3 (]: 2 of 5 START sql table model GOLD.dim_department ............................... [RUN]
[0m05:39:27.048183 [debug] [Thread-2 (]: Re-using an available connection from the pool (formerly list_HEALTHCARE_DB_GOLD, now model.healthcare_dbt.dim_date)
[0m05:39:27.051042 [debug] [Thread-3 (]: Re-using an available connection from the pool (formerly list_HEALTHCARE_DB_SILVER, now model.healthcare_dbt.dim_department)
[0m05:39:27.054308 [debug] [Thread-2 (]: Began compiling node model.healthcare_dbt.dim_date
[0m05:39:27.056804 [debug] [Thread-3 (]: Began compiling node model.healthcare_dbt.dim_department
[0m05:39:27.079055 [debug] [Thread-2 (]: Writing injected SQL for node "model.healthcare_dbt.dim_date"
[0m05:39:27.082789 [debug] [Thread-3 (]: Writing injected SQL for node "model.healthcare_dbt.dim_department"
[0m05:39:27.099001 [debug] [Thread-3 (]: Began executing node model.healthcare_dbt.dim_department
[0m05:39:27.100398 [debug] [Thread-2 (]: Began executing node model.healthcare_dbt.dim_date
[0m05:39:27.217350 [debug] [Thread-3 (]: Writing runtime sql for node "model.healthcare_dbt.dim_department"
[0m05:39:27.218845 [debug] [Thread-2 (]: Writing runtime sql for node "model.healthcare_dbt.dim_date"
[0m05:39:27.233073 [debug] [Thread-3 (]: Using snowflake connection "model.healthcare_dbt.dim_department"
[0m05:39:27.236403 [debug] [Thread-3 (]: On model.healthcare_dbt.dim_department: create or replace transient table HEALTHCARE_DB.GOLD.dim_department
    
    
    
    
    

    as (WITH source AS (
    SELECT * FROM HEALTHCARE_DB.SILVER.stg_healthcare
),

dim_department AS (
    SELECT DISTINCT
        department                AS department_name,
        region
    FROM source
)

SELECT * FROM dim_department
    )

/* {"app": "dbt", "dbt_version": "1.12.3", "profile_name": "healthcare_dbt", "target_name": "dev", "node_id": "model.healthcare_dbt.dim_department"} */;
[0m05:39:27.239632 [debug] [Thread-2 (]: Using snowflake connection "model.healthcare_dbt.dim_date"
[0m05:39:27.246130 [debug] [Thread-2 (]: On model.healthcare_dbt.dim_date: create or replace transient table HEALTHCARE_DB.GOLD.dim_date
    
    
    
    
    

    as (WITH source AS (
    SELECT * FROM HEALTHCARE_DB.SILVER.stg_healthcare
),

dim_date AS (
    SELECT DISTINCT
        visit_date                AS full_date,
        visit_year                AS year,
        visit_month               AS month_number,
        visit_month_name          AS month_name,
        visit_quarter             AS quarter,
        visit_day_name            AS day_of_week
    FROM source
)

SELECT * FROM dim_date
    )

/* {"app": "dbt", "dbt_version": "1.12.3", "profile_name": "healthcare_dbt", "target_name": "dev", "node_id": "model.healthcare_dbt.dim_date"} */;
[0m05:39:27.808073 [debug] [Thread-3 (]: SQL status: SUCCESS 20 in 0.566 seconds
[0m05:39:27.809709 [debug] [Thread-2 (]: SQL status: SUCCESS 86 in 0.560 seconds
[0m05:39:27.915828 [debug] [Thread-3 (]: Sending event: {'category': 'dbt', 'action': 'run_model', 'label': '9cea1b85-e4a2-4fb3-b533-fe592701647a', 'context': [<snowplow_tracker.self_describing_json.SelfDescribingJson object at 0x7f948b4e7d10>]}
[0m05:39:27.917026 [debug] [Thread-2 (]: Sending event: {'category': 'dbt', 'action': 'run_model', 'label': '9cea1b85-e4a2-4fb3-b533-fe592701647a', 'context': [<snowplow_tracker.self_describing_json.SelfDescribingJson object at 0x7f94872e8e60>]}
[0m05:39:27.920612 [info ] [Thread-3 (]: 2 of 5 OK created sql table model GOLD.dim_department .......................... [[32mSUCCESS 20[0m in 0.84s]
[0m05:39:27.923712 [info ] [Thread-2 (]: 1 of 5 OK created sql table model GOLD.dim_date ................................ [[32mSUCCESS 86[0m in 0.85s]
[0m05:39:27.926933 [debug] [Thread-3 (]: Finished running node model.healthcare_dbt.dim_department
[0m05:39:27.931405 [debug] [Thread-2 (]: Finished running node model.healthcare_dbt.dim_date
[0m05:39:27.934953 [debug] [Thread-3 (]: Began running node model.healthcare_dbt.dim_patient
[0m05:39:27.938192 [debug] [Thread-2 (]: Began running node model.healthcare_dbt.dim_treatment
[0m05:39:27.941389 [info ] [Thread-3 (]: 3 of 5 START sql table model GOLD.dim_patient .................................. [RUN]
[0m05:39:27.944309 [info ] [Thread-2 (]: 4 of 5 START sql table model GOLD.dim_treatment ................................ [RUN]
[0m05:39:27.947232 [debug] [Thread-3 (]: Re-using an available connection from the pool (formerly model.healthcare_dbt.dim_department, now model.healthcare_dbt.dim_patient)
[0m05:39:27.950323 [debug] [Thread-2 (]: Re-using an available connection from the pool (formerly model.healthcare_dbt.dim_date, now model.healthcare_dbt.dim_treatment)
[0m05:39:27.953109 [debug] [Thread-3 (]: Began compiling node model.healthcare_dbt.dim_patient
[0m05:39:27.955962 [debug] [Thread-2 (]: Began compiling node model.healthcare_dbt.dim_treatment
[0m05:39:27.963482 [debug] [Thread-3 (]: Writing injected SQL for node "model.healthcare_dbt.dim_patient"
[0m05:39:27.971236 [debug] [Thread-2 (]: Writing injected SQL for node "model.healthcare_dbt.dim_treatment"
[0m05:39:27.988801 [debug] [Thread-2 (]: Began executing node model.healthcare_dbt.dim_treatment
[0m05:39:27.995711 [debug] [Thread-2 (]: Writing runtime sql for node "model.healthcare_dbt.dim_treatment"
[0m05:39:27.996960 [debug] [Thread-3 (]: Began executing node model.healthcare_dbt.dim_patient
[0m05:39:28.007761 [debug] [Thread-3 (]: Writing runtime sql for node "model.healthcare_dbt.dim_patient"
[0m05:39:28.023212 [debug] [Thread-2 (]: Using snowflake connection "model.healthcare_dbt.dim_treatment"
[0m05:39:28.025283 [debug] [Thread-3 (]: Using snowflake connection "model.healthcare_dbt.dim_patient"
[0m05:39:28.027781 [debug] [Thread-2 (]: On model.healthcare_dbt.dim_treatment: create or replace transient table HEALTHCARE_DB.GOLD.dim_treatment
    
    
    
    
    

    as (WITH source AS (
    SELECT * FROM HEALTHCARE_DB.SILVER.stg_healthcare
),

dim_treatment AS (
    SELECT DISTINCT
        treatment_type,
        visit_type
    FROM source
)

SELECT * FROM dim_treatment
    )

/* {"app": "dbt", "dbt_version": "1.12.3", "profile_name": "healthcare_dbt", "target_name": "dev", "node_id": "model.healthcare_dbt.dim_treatment"} */;
[0m05:39:28.029780 [debug] [Thread-3 (]: On model.healthcare_dbt.dim_patient: create or replace transient table HEALTHCARE_DB.GOLD.dim_patient
    
    
    
    
    

    as (WITH source AS (
    SELECT * FROM HEALTHCARE_DB.SILVER.stg_healthcare
),

dim_patient AS (
    SELECT DISTINCT
        patient_id,
        age_group,
        gender,
        region,
        risk_category
    FROM source
)

SELECT * FROM dim_patient
    )

/* {"app": "dbt", "dbt_version": "1.12.3", "profile_name": "healthcare_dbt", "target_name": "dev", "node_id": "model.healthcare_dbt.dim_patient"} */;
[0m05:39:28.524393 [debug] [Thread-2 (]: SQL status: SUCCESS 20 in 0.492 seconds
[0m05:39:28.532966 [debug] [Thread-2 (]: Sending event: {'category': 'dbt', 'action': 'run_model', 'label': '9cea1b85-e4a2-4fb3-b533-fe592701647a', 'context': [<snowplow_tracker.self_describing_json.SelfDescribingJson object at 0x7f948719ccb0>]}
[0m05:39:28.535852 [info ] [Thread-2 (]: 4 of 5 OK created sql table model GOLD.dim_treatment ........................... [[32mSUCCESS 20[0m in 0.58s]
[0m05:39:28.539898 [debug] [Thread-2 (]: Finished running node model.healthcare_dbt.dim_treatment
[0m05:39:28.815802 [debug] [Thread-3 (]: SQL status: SUCCESS 100 in 0.781 seconds
[0m05:39:28.826324 [debug] [Thread-3 (]: Sending event: {'category': 'dbt', 'action': 'run_model', 'label': '9cea1b85-e4a2-4fb3-b533-fe592701647a', 'context': [<snowplow_tracker.self_describing_json.SelfDescribingJson object at 0x7f94878ccdd0>]}
[0m05:39:28.830392 [info ] [Thread-3 (]: 3 of 5 OK created sql table model GOLD.dim_patient ............................. [[32mSUCCESS 100[0m in 0.88s]
[0m05:39:28.833708 [debug] [Thread-3 (]: Finished running node model.healthcare_dbt.dim_patient
[0m05:39:28.837284 [debug] [Thread-2 (]: Began running node model.healthcare_dbt.fact_visits
[0m05:39:28.840320 [info ] [Thread-2 (]: 5 of 5 START sql table model GOLD.fact_visits .................................. [RUN]
[0m05:39:28.842403 [debug] [Thread-2 (]: Re-using an available connection from the pool (formerly model.healthcare_dbt.dim_treatment, now model.healthcare_dbt.fact_visits)
[0m05:39:28.844225 [debug] [Thread-2 (]: Began compiling node model.healthcare_dbt.fact_visits
[0m05:39:28.849390 [debug] [Thread-2 (]: Writing injected SQL for node "model.healthcare_dbt.fact_visits"
[0m05:39:28.869024 [debug] [Thread-2 (]: Began executing node model.healthcare_dbt.fact_visits
[0m05:39:28.873350 [debug] [Thread-2 (]: Writing runtime sql for node "model.healthcare_dbt.fact_visits"
[0m05:39:28.893450 [debug] [Thread-2 (]: Using snowflake connection "model.healthcare_dbt.fact_visits"
[0m05:39:28.895208 [debug] [Thread-2 (]: On model.healthcare_dbt.fact_visits: create or replace transient table HEALTHCARE_DB.GOLD.fact_visits
    
    
    
    
    

    as (WITH source AS (
    SELECT * FROM HEALTHCARE_DB.SILVER.stg_healthcare
),

fact_visits AS (
    SELECT
        -- Keys
        s.patient_id,
        s.visit_date              AS visit_date,

        -- Foreign key references
        p.patient_id              AS patient_fk,
        d.full_date               AS date_fk,
        dp.department_name        AS department_fk,
        t.treatment_type          AS treatment_fk,

        -- Measures
        s.visit_type,
        s.length_of_stay_days,
        s.treatment_cost,
        s.recovery_score,
        s.readmission_risk,
        s.risk_category,
        s.cost_bucket

    FROM source s
    LEFT JOIN HEALTHCARE_DB.GOLD.dim_patient    p  ON s.patient_id    = p.patient_id
    LEFT JOIN HEALTHCARE_DB.GOLD.dim_date       d  ON s.visit_date    = d.full_date
    LEFT JOIN HEALTHCARE_DB.GOLD.dim_department dp ON s.department    = dp.department_name
    LEFT JOIN HEALTHCARE_DB.GOLD.dim_treatment  t  ON s.treatment_type = t.treatment_type
)

SELECT * FROM fact_visits
    )

/* {"app": "dbt", "dbt_version": "1.12.3", "profile_name": "healthcare_dbt", "target_name": "dev", "node_id": "model.healthcare_dbt.fact_visits"} */;
[0m05:39:29.680165 [debug] [Thread-2 (]: SQL status: SUCCESS 1600 in 0.783 seconds
[0m05:39:29.693609 [debug] [Thread-2 (]: Sending event: {'category': 'dbt', 'action': 'run_model', 'label': '9cea1b85-e4a2-4fb3-b533-fe592701647a', 'context': [<snowplow_tracker.self_describing_json.SelfDescribingJson object at 0x7f948719e570>]}
[0m05:39:29.696362 [info ] [Thread-2 (]: 5 of 5 OK created sql table model GOLD.fact_visits ............................. [[32mSUCCESS 1600[0m in 0.85s]
[0m05:39:29.700251 [debug] [Thread-2 (]: Finished running node model.healthcare_dbt.fact_visits
[0m05:39:29.707535 [debug] [MainThread]: Connection 'master' was properly closed.
[0m05:39:29.710965 [debug] [MainThread]: Connection 'model.healthcare_dbt.dim_patient' was left open.
[0m05:39:29.714550 [debug] [MainThread]: On model.healthcare_dbt.dim_patient: Close
[0m05:39:29.961177 [debug] [MainThread]: Connection 'model.healthcare_dbt.fact_visits' was left open.
[0m05:39:29.964987 [debug] [MainThread]: On model.healthcare_dbt.fact_visits: Close
[0m05:39:30.209179 [info ] [MainThread]: 
[0m05:39:30.212094 [info ] [MainThread]: Finished running 5 table models in 0 hours 0 minutes and 7.76 seconds (7.76s).
[0m05:39:30.217347 [debug] [MainThread]: Command end result
[0m05:39:30.311096 [debug] [MainThread]: Wrote artifact WritableManifest to /mnt/d/DE Matrials/Projects/DE Projects/FirstProject_DBT_AIRFLOW_SNOWFLAKE_FIVETRAN/healthcare_dbt/target/manifest.json
[0m05:39:30.328369 [debug] [MainThread]: Wrote artifact SemanticManifest to /mnt/d/DE Matrials/Projects/DE Projects/FirstProject_DBT_AIRFLOW_SNOWFLAKE_FIVETRAN/healthcare_dbt/target/semantic_manifest.json
[0m05:39:30.351850 [debug] [MainThread]: Wrote artifact OsiDocument to /mnt/d/DE Matrials/Projects/DE Projects/FirstProject_DBT_AIRFLOW_SNOWFLAKE_FIVETRAN/healthcare_dbt/target/osi_document.json
[0m05:39:30.372515 [debug] [MainThread]: Wrote artifact RunExecutionResult to /mnt/d/DE Matrials/Projects/DE Projects/FirstProject_DBT_AIRFLOW_SNOWFLAKE_FIVETRAN/healthcare_dbt/target/run_results.json
[0m05:39:30.374179 [info ] [MainThread]: 
[0m05:39:30.376249 [info ] [MainThread]: [32mCompleted successfully[0m
[0m05:39:30.378268 [info ] [MainThread]: 
[0m05:39:30.379944 [info ] [MainThread]: Done. PASS=5 WARN=0 ERROR=0 SKIP=0 NO-OP=0 REUSED=0 TOTAL=5
[0m05:39:30.387651 [debug] [MainThread]: Resource report: {"command_name": "run", "command_success": true, "command_wall_clock_time": 52.26307, "process_in_blocks": "3960", "process_kernel_time": 4.322933, "process_mem_max_rss": "167900", "process_out_blocks": "24", "process_user_time": 6.812479}
[0m05:39:30.389792 [debug] [MainThread]: Command `dbt run` succeeded at 05:39:30.389628 after 52.27 seconds
[0m05:39:30.391676 [debug] [MainThread]: Sending event: {'category': 'dbt', 'action': 'invocation', 'label': 'end', 'context': [<snowplow_tracker.self_describing_json.SelfDescribingJson object at 0x7f948a297e90>, <snowplow_tracker.self_describing_json.SelfDescribingJson object at 0x7f948adee360>, <snowplow_tracker.self_describing_json.SelfDescribingJson object at 0x7f948c9aedb0>]}
[0m05:39:30.393438 [debug] [MainThread]: Flushing usage events
[0m05:39:35.030465 [debug] [MainThread]: An error was encountered while trying to flush usage events
[0m05:40:06.314533 [debug] [MainThread]: Sending event: {'category': 'dbt', 'action': 'invocation', 'label': 'start', 'context': [<snowplow_tracker.self_describing_json.SelfDescribingJson object at 0x7fdbefafe720>, <snowplow_tracker.self_describing_json.SelfDescribingJson object at 0x7fdbf0757b90>, <snowplow_tracker.self_describing_json.SelfDescribingJson object at 0x7fdbefa517c0>]}


============================== 05:40:09.283940 | a85bd4c3-c05b-4bbc-b621-16d6017f4431 ==============================
[0m05:40:09.283940 [info ] [MainThread]: Running with dbt=1.12.3
[0m05:40:09.287627 [debug] [MainThread]: running dbt with arguments {'fail_fast': 'False', 'warn_error_options': 'WarnErrorOptionsV2(error=[], warn=[], silence=[])', 'printer_width': '80', 'warn_error': 'None', 'log_format': 'default', 'write_json': 'True', 'debug': 'False', 'log_path': '/mnt/d/DE Matrials/Projects/DE Projects/FirstProject_DBT_AIRFLOW_SNOWFLAKE_FIVETRAN/healthcare_dbt/logs', 'send_anonymous_usage_stats': 'True', 'empty': 'None', 'maximum_seed_size_mib': '1', 'introspect': 'True', 'quiet': 'False', 'profiles_dir': '/mnt/d/DE Matrials/Projects/DE Projects/FirstProject_DBT_AIRFLOW_SNOWFLAKE_FIVETRAN/healthcare_dbt', 'hints_enabled': 'True', 'static_parser': 'True', 'cache_selected_only': 'False', 'version_check': 'True', 'use_colors': 'True', 'no_print': 'None', 'log_cache_events': 'False', 'target_path': 'None', 'indirect_selection': 'eager', 'invocation_command': 'dbt test', 'partial_parse': 'True', 'use_experimental_parser': 'False'}
[0m05:40:19.139045 [debug] [MainThread]: Snowflake adapter: Setting snowflake.connector to ERROR (file logging only)
[0m05:40:19.141169 [debug] [MainThread]: Snowflake adapter: Setting botocore to ERROR (file logging only)
[0m05:40:19.142758 [debug] [MainThread]: Snowflake adapter: Setting boto3 to ERROR (file logging only)
[0m05:40:26.826737 [debug] [MainThread]: Sending event: {'category': 'dbt', 'action': 'project_id', 'label': 'a85bd4c3-c05b-4bbc-b621-16d6017f4431', 'context': [<snowplow_tracker.self_describing_json.SelfDescribingJson object at 0x7fdbecf10fe0>]}
[0m05:40:26.921544 [debug] [MainThread]: Sending event: {'category': 'dbt', 'action': 'adapter_info', 'label': 'a85bd4c3-c05b-4bbc-b621-16d6017f4431', 'context': [<snowplow_tracker.self_describing_json.SelfDescribingJson object at 0x7fdbede7e5a0>]}
[0m05:40:26.941257 [info ] [MainThread]: Registered adapter: snowflake=1.12.0
[0m05:40:55.250703 [debug] [MainThread]: checksum: cd11ddf55c3f57c7cf223dea061db390e40f8619709a911fb3f7b2e110e1d310, vars: {}, profile: healthcare_dbt, target: dev, version: 1.12.3
[0m05:40:59.871682 [debug] [MainThread]: Partial parsing enabled: 0 files deleted, 0 files added, 0 files changed.
[0m05:40:59.873120 [debug] [MainThread]: Nothing changed, skipping partial parsing.
[0m05:40:59.874755 [debug] [MainThread]: Partial parsing enabled, no changes found, skipping parsing
[0m05:40:59.889728 [debug] [MainThread]: Sending event: {'category': 'dbt', 'action': 'load_project', 'label': 'a85bd4c3-c05b-4bbc-b621-16d6017f4431', 'context': [<snowplow_tracker.self_describing_json.SelfDescribingJson object at 0x7fdbede7d250>]}
[0m05:41:00.153361 [debug] [MainThread]: Wrote artifact WritableManifest to /mnt/d/DE Matrials/Projects/DE Projects/FirstProject_DBT_AIRFLOW_SNOWFLAKE_FIVETRAN/healthcare_dbt/target/manifest.json
[0m05:41:00.171028 [debug] [MainThread]: Wrote artifact SemanticManifest to /mnt/d/DE Matrials/Projects/DE Projects/FirstProject_DBT_AIRFLOW_SNOWFLAKE_FIVETRAN/healthcare_dbt/target/semantic_manifest.json
[0m05:41:01.008492 [debug] [MainThread]: Wrote artifact OsiDocument to /mnt/d/DE Matrials/Projects/DE Projects/FirstProject_DBT_AIRFLOW_SNOWFLAKE_FIVETRAN/healthcare_dbt/target/osi_document.json
[0m05:41:01.336292 [debug] [MainThread]: Sending event: {'category': 'dbt', 'action': 'resource_counts', 'label': 'a85bd4c3-c05b-4bbc-b621-16d6017f4431', 'context': [<snowplow_tracker.self_describing_json.SelfDescribingJson object at 0x7fdbec828f50>]}
[0m05:41:01.338359 [info ] [MainThread]: Found 6 models, 1 source, 546 macros
[0m05:41:01.340169 [debug] [MainThread]: Sending event: {'category': 'dbt', 'action': 'runnable_timing', 'label': 'a85bd4c3-c05b-4bbc-b621-16d6017f4431', 'context': [<snowplow_tracker.self_describing_json.SelfDescribingJson object at 0x7fdbecfc7230>]}
[0m05:41:01.345466 [warn ] [MainThread]: [[33mWARNING[0m]: Nothing to do. Try checking your model configs and model specification args
[0m05:41:01.351805 [debug] [MainThread]: Command end result
[0m05:41:01.493438 [debug] [MainThread]: Wrote artifact WritableManifest to /mnt/d/DE Matrials/Projects/DE Projects/FirstProject_DBT_AIRFLOW_SNOWFLAKE_FIVETRAN/healthcare_dbt/target/manifest.json
[0m05:41:01.516209 [debug] [MainThread]: Wrote artifact SemanticManifest to /mnt/d/DE Matrials/Projects/DE Projects/FirstProject_DBT_AIRFLOW_SNOWFLAKE_FIVETRAN/healthcare_dbt/target/semantic_manifest.json
[0m05:41:01.537403 [debug] [MainThread]: Wrote artifact OsiDocument to /mnt/d/DE Matrials/Projects/DE Projects/FirstProject_DBT_AIRFLOW_SNOWFLAKE_FIVETRAN/healthcare_dbt/target/osi_document.json
[0m05:41:01.556832 [debug] [MainThread]: Wrote artifact RunExecutionResult to /mnt/d/DE Matrials/Projects/DE Projects/FirstProject_DBT_AIRFLOW_SNOWFLAKE_FIVETRAN/healthcare_dbt/target/run_results.json
[0m05:41:01.564822 [debug] [MainThread]: Resource report: {"command_name": "test", "command_success": true, "command_wall_clock_time": 49.72143, "process_in_blocks": "3960", "process_kernel_time": 4.753636, "process_mem_max_rss": "154568", "process_out_blocks": "8", "process_user_time": 6.245519}
[0m05:41:01.568194 [debug] [MainThread]: Command `dbt test` succeeded at 05:41:01.567922 after 49.73 seconds
[0m05:41:01.570808 [debug] [MainThread]: Sending event: {'category': 'dbt', 'action': 'invocation', 'label': 'end', 'context': [<snowplow_tracker.self_describing_json.SelfDescribingJson object at 0x7fdbf0757b90>, <snowplow_tracker.self_describing_json.SelfDescribingJson object at 0x7fdbecd02000>, <snowplow_tracker.self_describing_json.SelfDescribingJson object at 0x7fdbf0b61b50>]}
[0m05:41:01.573258 [debug] [MainThread]: Flushing usage events
[0m05:41:03.452260 [debug] [MainThread]: An error was encountered while trying to flush usage events
